工单号,批号,物料品号,物料描述,型号,设备名称,工序,生产方式,创建日期,主机1区-10区温度（实际值）（℃）,内护套外径(mm),套管外径(mm),套管放线张力(N),定径模1#-2#(mm),实际生产速度（m/min）,护套外径(mm),挤出内模(mm),挤出外模(mm),撕裂绳放线张力（N）,放线张力气压（Mpa）,油膏模-入口(mm),油膏模-出口(mm),班次,生产速度（米/分）,缆号,缆芯外径（mm),芳纶纱、玻璃纱放线张力（N）,芳纶绞笼1#-纱股数,螺杆电流（A）,螺杆速度(rpm)-(挤塑主机速度)（转/分）,螺杆速度(rpm)-(辅助挤塑速度)（转/分）,辅机1区-4区温度（实际值）（℃）,进气总气压（Mpa）,钢丝、FRP放线张力（N）,钢带预型压轮（沿前进方向）1#-6#（R：mm）,钢带预型锥孔径（mm),铝带预型锥孔径(mm),问题描述,限径卡包模(mm),缆芯外径,护套外径,挤出内模,挤出外模,螺杆速度,螺杆电流,生产速度,实际生产速度
A2FX2409011-10,D1G03003100701,1110100200504,GYTS光缆(黑色),GYTS-6G.652D,HT-13,护套,正常生产,2024-09-03 08:36:49.753,180,0.00,,,7.80,80.00,9.30,6.00,13.50,,0.10,,,中夜班,75.00,DG24903HN0001,4.50,,,86.00,66.00,,185  212  215  221  231  236  240  241,0.50,,,,,,12.00,4.5,9.3,6.0,13.5,66.0,86.0,75.0,80.0
A2FX24090111-10,D9F0400029201102,1110100200776,GYTS光缆(黑色),GYTS-4G.651-62.5/125,HT-12,护套,正常生产,2024-09-03 22:21:25.740,130-140-145-150-155-160-166-171,0.00,0.00,0.00,6.40,30.00,9.50,7.00,10.00,0.00,0.10,0.00,0.00,早中班,35.00,/,5.35,0.00,0.00,104.00,37.00,0.00,0,0.50,0.00,0.00,0.00,0.00,0,11.00,5.35,9.5,7.0,10.0,37.0,104.0,35.0,30.0
A2FX24090112-10,A2FX24090112100001,2120102060004,GYFTZY53内护1(黑色),HT1-8G.652D,HT-12,护套,正常生产,2024-09-01 22:17:10.320,130-140-145-150-155-160-166-171,0.00,0.00,0.00,6.20,30.00,9.05,7.00,9.20,0.00,0.10,0.00,0.00,早中班,45.00,/,5.15,0.00,0.00,104.00,37.00,0.00,0,0.50,0.00,0.00,0.00,0.00,0,10.50,5.15,9.05,7.0,9.2,37.0,104.0,45.0,30.0
A2FX24090113-10,A2FX24090113100001,2110300200111,GYDTS(12芯带)缆芯1,LX1-288G.652D,HT-10,护套,正常生产,2024-09-02 08:45:10.767,180- 201- 216- 221- 227- 230-237- 243-249,0.00,0.00,0.00,5.30,40.00,7.95,6.00,12.50,,0.10,,,早中班,40.00,/,4.35,,,126.00,67.00,,/,0.50,0.00,,,,,9.00,4.35,7.95,6.0,12.5,67.0,126.0,40.0,40.0
A2FX2409012-10,D1G03003300801,1110100200505,GYTS光缆(黑色),GYTS-24G.652D,HT-13,护套,正常生产,2024-09-03 10:30:31.063,180,0.00,,,7.80,80.00,9.30,6.00,13.50,,0.10,,,中夜班,80.00,DG24903HN0002,4.50,,,86.00,66.00,,185  212  215  221  231  236  240  241,0.50,,,,,,12.00,4.5,9.3,6.0,13.5,66.0,86.0,80.0,80.0
A2FX2409013-10,D1G03003400301,1110100200269,GYTS光缆(黑色),GYTS-48G.652D,HT-13,护套,正常生产,2024-09-03 15:14:09.470,180,0.00,,,7.80,80.00,9.30,6.00,13.50,,0.10,,,中夜班,40.00,DG24903HN0104,4.50,,,86.00,66.00,,185  212  215  221  231  236  240  241,0.50,,,,,,12.00,4.5,9.3,6.0,13.5,66.0,86.0,40.0,80.0
A2FX2409014-10,D1G03003200501,1110100200503,GYTS光缆(黑色),GYTS-12G.652D,HT-13,护套,正常生产,2024-09-03 15:36:53.053,180,0.00,,,7.80,80.00,9.30,6.00,13.50,,0.10,,,中夜班,100.00,DG24903HN0103,4.50,,,86.00,66.00,,185  212  215  221  231  236  240  241,0.50,,,,,,12.00,4.5,9.3,6.0,13.5,66.0,86.0,100.0,80.0
A2FX2409016-10,D9G0800080100101,1110102060004,GYFTZY53光缆(黑色),GYFTZY53-8G.652D,HT-12,护套,正常生产,2024-09-01 16:45:11.920,130-140-145-150-155-160-166-171,0.00,0.00,0.00,6.20,30.00,9.05,7.00,9.20,0.00,0.10,0.00,0.00,早中班,35.00,/,5.15,0.00,0.00,104.00,37.00,0.00,0,0.50,0.00,0.00,0.00,0.00,0,10.50,5.15,9.05,7.0,9.2,37.0,104.0,35.0,30.0
A2FX2409018-10,D0G0800203101901,1110300200089,GYDTS光缆(黑色),GYDTS-288G.652D,HT-12,护套,正常生产,2024-09-01 16:46:49.550,130-140-145-150-155-160-166-171,0.00,0.00,0.00,6.20,30.00,9.05,7.00,9.20,0.00,0.10,0.00,0.00,早中班,45.00,/,5.15,0.00,0.00,104.00,37.00,0.00,0,0.50,0.00,0.00,0.00,0.00,0,10.50,5.15,9.05,7.0,9.2,37.0,104.0,45.0,30.0
A2FX2409019-10,D2G0800194102701,1110100200782,GYTS光缆(黑色),GYTS-12G.652D,HT-15,护套,正常生产,2024-09-01 16:01:00.070,145-149-155-162-172-170-179,0.00,,,4.50,25.00,9.30,6.60,14.00,,0.10,,,早中班,25.00,/,4.60,,,,,,0,0.50,,,,,,10.20,4.6,9.3,6.6,14.0,,,25.0,25.0
A2FX2409032-10,D2G0800242204201,1110100100678,GYTA光缆(黑色),GYTA-6G.652D,HT-10,护套,正常生产,2024-09-04 16:44:12.377,180- 201- 216- 221- 227- 230-237- 243-249,0.00,0.00,0.00,5.60,25.00,9.30,6.00,12.50,,0.10,,,早中班,100.00,DG24904HN0001,4.60,,,99.00,36.00,,/,0.50,0.00,,,,,10.40,4.6,9.3,6.0,12.5,36.0,99.0,100.0,25.0
A2FX2409041-10,A2FX2409041100001,2110300300012,GYDTZA(12芯带)缆芯1,LX1-288G.652D,HT-15,护套,正常生产,2024-09-05 14:04:11.377,145-149-155-162-172-170-179,0.00,,,4.50,40.00,9.30,6.60,14.00,,0.10,,,早中班,40.00,/,4.60,,,,,,0,0.50,,,,,,10.20,4.6,9.3,6.6,14.0,,,40.0,40.0
A2FX2409051-10,D2G080007710010101,1110100100681,GYTA光缆(黑色),GYTA-24G.652D,HT-13,护套,正常生产,2024-09-10 03:53:11.160,180,0.00,,,7.80,80.00,9.30,6.00,13.50,,0.10,,,中夜班,100.00,DG24909HN0009,4.50,,,86.00,66.00,,185  212  215  221  231  236  240  241,0.50,,,,,,12.00,4.5,9.3,6.0,13.5,66.0,86.0,100.0,80.0
A2FX2409052-10,D2G060021320060101,1110100100680,GYTA光缆(黑色),GYTA-12G.652D,HT-13,护套,正常生产,2024-09-09 23:41:59.843,180,0.00,,,7.80,80.00,9.30,6.00,13.50,,0.10,,,中夜班,100.00,DG24909HN0004,4.50,,,86.00,66.00,,185  212  215  221  231  236  240  241,0.50,,,,,,12.00,4.5,9.3,6.0,13.5,66.0,86.0,100.0,80.0
A2FX2409053-10,D2G060021320060102,1110100100680,GYTA光缆(黑色),GYTA-12G.652D,HT-13,护套,正常生产,2024-09-09 23:43:29.720,180,0.00,,,7.80,80.00,9.30,6.00,13.50,,0.10,,,中夜班,100.00,DG24909HN0003,4.50,,,86.00,66.00,,185  212  215  221  231  236  240  241,0.50,,,,,,12.00,4.5,9.3,6.0,13.5,66.0,86.0,100.0,80.0
A2FX2409061-10,D2G030017610320101,1110100100678,GYTA光缆(黑色),GYTA-6G.652D,HT-13,护套,正常生产,2024-09-09 22:59:27.773,180,0.00,,,7.80,80.00,9.30,6.00,13.50,,0.10,,,中夜班,100.00,DG24909HN0001,4.50,,,86.00,66.00,,185  212  215  221  231  236  240  241,0.50,,,,,,12.00,4.5,9.3,6.0,13.5,66.0,86.0,100.0,80.0
A2FX2409062-10,D2G08001453004010101,1110100100681,GYTA光缆(黑色),GYTA-24G.652D,HT-13,护套,正常生产,2024-09-10 03:45:06.593,180,0.00,,,7.80,80.00,9.30,6.00,13.50,,0.10,,,中夜班,100.00,DG24909HN0007,4.50,,,86.00,66.00,,185  212  215  221  231  236  240  241,0.50,,,,,,12.00,4.5,9.3,6.0,13.5,66.0,86.0,100.0,80.0
A2FX2409063-10,D2G030017610320102,1110100100678,GYTA光缆(黑色),GYTA-6G.652D,HT-13,护套,正常生产,2024-09-09 23:02:55.847,180,0.00,,,7.80,80.00,9.30,6.00,13.50,,0.10,,,中夜班,100.00,DG24909HN0002,4.50,,,86.00,66.00,,185  212  215  221  231  236  240  241,0.50,,,,,,12.00,4.5,9.3,6.0,13.5,66.0,86.0,100.0,80.0
A2FX2409065-10,D2G0800151300201,1110400160001,GYDXTW光缆(黑色),GYDXTW-72G.652D,HT-13,护套,正常生产,2024-09-10 04:14:16.543,180,0.00,,,7.80,80.00,9.30,6.00,13.50,,0.10,,,中夜班,100.00,DG24909HN0010,4.50,,,86.00,66.00,,185  212  215  221  231  236  240  241,0.50,,,,,,12.00,4.5,9.3,6.0,13.5,66.0,86.0,100.0,80.0
A2FX2409066-10,D2G0800164100602,1110400160003,GYDXTW光缆(黑色),GYDXTW-144G.652D,HT-13,护套,正常生产,2024-09-10 04:43:09.953,180,0.00,,,7.80,80.00,9.30,6.00,13.50,,0.10,,,中夜班,100.00,DG24909HN0011,4.50,,,86.00,66.00,,185  212  215  221  231  236  240  241,0.50,,,,,,12.00,4.5,9.3,6.0,13.5,66.0,86.0,100.0,80.0
A2FX2409069-10,D1G0800255200501,1110100260006,GYTS光缆(黑色),GYTS-24G.652D,HT-13,护套,正常生产,2024-09-10 00:44:56.657,180,0.00,,,7.80,80.00,9.30,6.00,13.50,,0.10,,,中夜班,100.00,DG24909HN0005,4.50,,,86.00,66.00,,185  212  215  221  231  236  240  241,0.50,,,,,,12.00,4.5,9.3,6.0,13.5,66.0,86.0,100.0,80.0
A2FX2409091-10,D2G0300192600102,1110100100681,GYTA光缆(黑色),GYTA-24G.652D,HT-13,护套,正常生产,2024-09-10 03:43:02.433,180,0.00,,,7.80,80.00,9.30,6.00,13.50,,0.10,,,中夜班,100.00,DG24909HN0006,4.50,,,86.00,66.00,,185  212  215  221  231  236  240  241,0.50,,,,,,12.00,4.5,9.3,6.0,13.5,66.0,86.0,100.0,80.0
A2FX2409092-10,D2G030010220010102,1110100100653,GYTA光缆(黑色),GYTA-144G.652D,HT-15,护套,正常生产,2024-09-11 22:38:21.220,145-149-155-162-172-170-179,0.00,,,4.50,50.00,3.90,3.20,4.00,,0.20,,,早中班,50.00,DG24911HN0001,3.00,,,,,,0,0.50,,,,,,4.70,3.0,3.9,3.2,4.0,,,50.0,50.0
A2FX2409093-10,D2G0800071800601,1110100100617,GYTA光缆(黑色),GYTA-48G.652D,HT-15,护套,正常生产,2024-09-11 23:38:22.627,145-149-155-162-172-170-179,0.00,,,4.50,65.00,3.90,3.20,4.00,,0.20,,,早中班,65.00,DG24911HN0003,3.00,,,,,,0,0.50,,,,,,4.70,3.0,3.9,3.2,4.0,,,65.0,65.0
A2FX2409094-10,D2G0800071800602,1110100100617,GYTA光缆(黑色),GYTA-48G.652D,HT-15,护套,正常生产,2024-09-11 23:40:05.093,145-149-155-162-172-170-179,0.00,,,4.50,65.00,3.90,3.20,4.00,,0.20,,,早中班,65.00,DG24911HN0002,3.00,,,,,,0,0.50,,,,,,4.70,3.0,3.9,3.2,4.0,,,65.0,65.0
A2FX2409102-10,A2FX2409102100002,2110300100132,GYDTA(12芯带)缆芯1,LX1-288G.652D,HT-10,护套,正常生产,2024-09-11 17:57:25.453,180- 201- 216- 221- 227- 230-237- 243-249,0.00,0.00,0.00,7.70,40.00,11.30,8.50,15.00,,0.10,,,早中班,40.00,/,6.70,,,99.00,36.00,,/,0.50,0.00,,,,,12.20,6.7,11.3,8.5,15.0,36.0,99.0,40.0,40.0
A2FX2409104-10,D9G0800126100201,1110101760025,GYFTZY光缆(黑色),GYFTZY-48G.652D,HT-17,护套,正常生产,2024-09-26 17:10:39.737,170-180-185-195-205-215-220,0.00,0.00,0.00,0.00,30.00,1.00,0.30,1.20,0.00,0.00,0.00,0.00,早中班,30.00,,0.18,0.00,0.00,35.00,18.00,,0,0.00,0.00,0.00,0.00,0.00,0,10.00,0.18,1.0,0.3,1.2,18.0,35.0,30.0,30.0
A2FX2409121-10,D2G0900044100201,1110100200773,GYTS光缆(黑色),GYTS-36G.652D,HT-13,护套,正常生产,2024-09-13 21:59:48.560,180,0.00,,,7.80,80.00,9.30,6.00,13.50,,0.10,,,中夜班,100.00,/,4.50,,,86.00,66.00,,185  212  215  221  231  236  240  241,0.50,,,,,,12.00,4.5,9.3,6.0,13.5,66.0,86.0,100.0,80.0
A2FX2409132-10,D2G0600042200502,1110100200704,GYTS光缆(黑色),GYTS-48G.652D,HT-12,护套,正常生产,2024-09-15 00:36:51.280,130-140-145-150-155-160-166-171,0.00,0.00,0.00,7.80,65.00,11.30,8.50,11.50,0.00,0.10,0.00,0.00,早中班,65.00,/,6.70,0.00,0.00,104.00,37.00,0.00,0,0.50,0.00,0.00,0.00,0.00,0,9.30,6.7,11.3,8.5,11.5,37.0,104.0,65.0,65.0
A2FX2409133-10,D2G0800052402401,1110100200784,GYTS光缆(黑色),GYTS-24G.652D,HT-01,护套,正常生产,2024-09-24 11:58:36.673,182-205-225-231-241-245-247,0.00,,,5.60,30.00,9.50,6.50,13.00,,0.10,0.00,0.00,中夜班,30.00,/,4.95,,0.00,62.00,56.00,0.00,0,0.50,,0.00,0.00,0.00,,10.00,4.95,9.5,6.5,13.0,56.0,62.0,30.0,30.0
A2FX2409141-10,A2FX2409141100001,2110100100329,GYTA缆芯1,LX1-144G.652D,HT-12,护套,正常生产,2024-09-15 02:01:36.797,130-140-145-150-155-160-166-171,0.00,0.00,0.00,7.80,40.00,11.30,8.50,11.50,0.00,0.10,0.00,0.00,早中班,40.00,/,6.70,0.00,0.00,104.00,37.00,0.00,0,0.50,0.00,0.00,0.00,0.00,0,9.30,6.7,11.3,8.5,11.5,37.0,104.0,40.0,40.0
A2FX2409152-10,D2G0900056100101,1110100100678,GYTA光缆(黑色),GYTA-6G.652D,HT-13,护套,正常生产,2024-09-15 23:26:56.530,180,0.00,,,5.50,75.00,9.30,6.60,13.50,,0.10,,,中夜班,100.00,/,4.60,,,86.00,66.00,,185  212  215  221  231  236  240  241,0.50,,,,,,10.50,4.6,9.3,6.6,13.5,66.0,86.0,100.0,75.0
A2FX2409181-10,D2G0900068100201,1110100100617,GYTA光缆(黑色),GYTA-48G.652D,HT-06,护套,正常生产,2024-09-19 02:49:22.690,190-210-220-230-245-250-253,0.00,0.00,0.00,5.50,30.00,9.30,6.00,12.50,,0.10,,,早中班,30.00,DG24918HF0001,4.60,,,80.00,78.00,,/,0.50,0.00,,,0.00,,10.50,4.6,9.3,6.0,12.5,78.0,80.0,30.0,30.0
A2FX2409191-10,A2FX2409191100001,2120500500012,GYFDGY(4芯带)内护2(黑色),HT2-48G.652D,HT-01,护套,正常生产,2024-09-19 15:45:21.757,182-205-225-231-241-245-247,13.80,,,16.00,30.00,17.00,15.50,21.50,,0.20,0.00,0.00,早中班,30.00,/,8.40,,0.00,62.50,40.00,0.00,0,0.50,,0.00,0.00,0.00,,18.00,8.4,17.0,15.5,21.5,40.0,62.5,30.0,30.0
A2FX2409221-10,A2FX2409221100001,2120103960002,GYFTY63内护(黑色),HT1-36G.652D,HT-14,护套,正常生产,2024-09-22 13:34:43.757,180,0.00,,,5.90,45.00,14.00,11.50,18.00,,0.10,,,中夜班,45.00,/,9.90,,,,,,185  212  215  221  231  236  240  241,0.50,,,,,,15.00,9.9,14.0,11.5,18.0,,,45.0,45.0
A2FX2409234-10,D0G0800203103801,1110300200089,GYDTS光缆(黑色),GYDTS-288G.652D,HT-02,护套,正常生产,2024-09-25 09:25:15.987,181-215-225-235-240-243-246,0.00,0.00,0.00,5.50,80.00,8.80,6.60,14.00,0.00,0.10,7.60,7.00,早中班,80.00,/,4.60,0.00,0.00,52.20,16.00,0.00,0,0.50,0.00,0.00,,0.00,,10.50,4.6,8.8,6.6,14.0,16.0,52.2,80.0,80.0
A2FX2409235-10,D0G0800203103802,1110300200089,GYDTS光缆(黑色),GYDTS-288G.652D,HT-02,护套,正常生产,2024-09-25 11:55:58.113,181-215-225-235-240-243-246,0.00,0.00,0.00,6.00,45.00,9.30,6.60,14.00,0.00,0.10,7.60,7.00,早中班,45.00,/,4.90,0.00,0.00,52.20,16.00,0.00,0,0.50,0.00,0.00,,0.00,,10.30,4.9,9.3,6.6,14.0,16.0,52.2,45.0,45.0
A2FX2409251-10,A2FX2409251100001,2120100400169,GYTA53内护1(黑色),HT1-48G.652D,HT-12,护套,正常生产,2024-09-26 19:24:05.423,130-140-145-150-155-160-160-166,0.00,0.00,0.00,4.40,45.00,7.80,5.00,8.00,0.00,0.10,0.00,0.00,早中班,45.00,/,2.50,0.00,0.00,104.00,37.00,0.00,0,0.50,0.00,0.00,0.00,0.00,0,9.00,2.5,7.8,5.0,8.0,37.0,104.0,45.0,45.0
A2FX2409261-10,D2G0800242300901,1110100100474,GYTA光缆(黑色),GYTA-12G.652D,HT-11,护套,正常生产,2024-09-26 15:01:34.193,125-144-156-160-162-165-165-170,0.00,0.00,0.00,5.60,100.00,8.80,6.00,12.00,0.00,0.10,0.00,0.00,早中班,40.00,CQ24711HA0028,4.70,0.00,0.00,129.00,40.00,0.00,0,0.50,0.00,0.00,0.00,0.00,/,10.00,4.7,8.8,6.0,12.0,40.0,129.0,40.0,100.0
A2FX2409262-10,D0G0900034100201,1110200960006,GYFXTZS光缆(黑色),GYFXTZS-4G.652D,HT-02,护套,正常生产,2024-09-28 05:58:00.750,181-215-225-235-240-243-246,0.00,0.00,0.00,5.60,80.00,8.80,6.60,14.00,0.00,0.10,0.00,0.00,早中班,80.00,/,4.70,0.00,0.00,62.00,73.00,0.00,0,0.50,0.00,0.00,6.60,0.00,,9.90,4.7,8.8,6.6,14.0,73.0,62.0,80.0,80.0
A2FX2409263-10,D0G0900034200201,1110200960007,GYFXTZS光缆(黑色),GYFXTZS-8G.651-50/125(OM2),HT-06,护套,正常生产,2024-09-27 13:39:59.500,190-210-220-230-245-250-253,0.00,0.00,0.00,13.70,20.00,16.40,14.50,21.00,,0.20,,,早中班,20.00,/,12.40,,,79.60,93.80,,/,0.50,0.00,,0.00,0.00,,17.50,12.4,16.4,14.5,21.0,93.8,79.6,20.0,20.0
A2FX2409271-10,D2G0800164100301,1110400160003,GYDXTW光缆(黑色),GYDXTW-144G.652D,HT-15,护套,正常生产,2024-09-28 15:46:03.593,145-149-155-162-172-170-179,0.00,,,4.50,40.00,3.90,3.20,4.00,,0.20,,,早中班,40.00,/,3.00,,,,,,0,0.50,,,,,,4.70,3.0,3.9,3.2,4.0,,,40.0,40.0
A2FX2409272-10,D2G0800164100302,1110400160003,GYDXTW光缆(黑色),GYDXTW-144G.652D,HT-15,护套,正常生产,2024-09-28 18:31:00.803,145-149-155-162-172-170-179,0.00,,,4.50,40.00,3.90,3.20,4.00,,0.20,,,早中班,40.00,/,3.00,,,,,,0,0.50,,,,,,4.70,3.0,3.9,3.2,4.0,,,40.0,40.0
A2FX2410046-10,D0G0800203102601,1110300200089,GYDTS光缆(黑色),GYDTS-288G.652D,HT-02,护套,正常生产,2024-10-06 22:01:12.033,181-215-225-235-240-239-245,0.00,0.00,0.00,6.80,25.00,10.50,7.50,14.00,0.00,0.10,0.00,0.00,中夜班,25.00,/,5.70,0.00,0.00,62.00,73.00,0.00,0,0.50,0.00,0.00,,0.00,,11.50,5.7,10.5,7.5,14.0,73.0,62.0,25.0,25.0
A2FX2410047-10,D0G0800203103804,1110300200089,GYDTS光缆(黑色),GYDTS-288G.652D,HT-02,护套,正常生产,2024-10-07 00:59:20.890,181-215-225-235-240-239-245,0.00,0.00,0.00,5.60,25.00,8.80,6.60,14.00,0.00,0.10,0.00,0.00,中夜班,25.00,/,4.70,0.00,0.00,62.00,73.00,0.00,0,0.50,0.00,0.00,,0.00,,10.00,4.7,8.8,6.6,14.0,73.0,62.0,25.0,25.0
A2FX2410048-10,D0G0800203103901,1110300200089,GYDTS光缆(黑色),GYDTS-288G.652D,HT-02,护套,正常生产,2024-10-07 00:08:22.457,181-215-225-235-240-239-245,0.00,0.00,0.00,6.80,25.00,10.50,7.50,14.00,0.00,0.10,0.00,0.00,中夜班,25.00,/,5.70,0.00,0.00,62.00,73.00,0.00,0,0.50,0.00,0.00,,0.00,,11.50,5.7,10.5,7.5,14.0,73.0,62.0,25.0,25.0
A2FX2410049-10,D0G0800203103903,1110300200089,GYDTS光缆(黑色),GYDTS-288G.652D,HT-02,护套,正常生产,2024-10-07 01:02:34.253,181-215-225-235-240-239-245,0.00,0.00,0.00,5.60,25.00,8.80,6.60,14.00,0.00,0.10,0.00,0.00,中夜班,25.00,/,4.70,0.00,0.00,62.00,73.00,0.00,0,0.50,0.00,0.00,,0.00,,10.00,4.7,8.8,6.6,14.0,73.0,62.0,25.0,25.0
A2FX2410051-10,A2FX2410051100001,2110600500178,ADSS缆芯1(缆芯(G01A12、G02A12、G03A12、G04A12)),LX1-48G.652D,HT-D01,护套,正常生产,2024-10-08 08:55:15.957,170-180-190-210-220-240-240-245,8.60,0.00,0.00,0.00,12.00,14.70,8.00,13.00,0.00,2.00,7.20,7.00,中夜班,12.00,,6.60,0.83,8050.28,91.00,63.00,0.00,172-182-189-210-220-239-238-250,,0.00,0.00,0.00,0.00,0,0.00,6.6,14.7,8.0,13.0,63.0,91.0,12.0,12.0
A2FX2410081-10,D1G0900208100201,1110100260010,GYTS光缆(黑色),GYTS-6G.652D,HT-13,护套,正常生产,2024-10-09 22:23:11.643,180,0.00,,,5.50,25.00,4.50,2.30,4.30,,0.10,,,中夜班,100.00,DG24A09HN0001,2.50,,,86.00,66.00,,185  212  215  221  231  236  240  241,0.50,,,,,,4.70,2.5,4.5,2.3,4.3,66.0,86.0,100.0,25.0
A2FX2410082-10,D6G0900029100301,1111202560003,GYMXTZY光缆(黑色),GYMXTZY-4G.652D,HT-02,护套,正常生产,2024-10-10 04:06:44.580,181-215-225-235-240-239-245,0.00,0.00,0.00,5.70,30.00,8.80,6.60,14.00,0.00,0.10,0.00,0.00,中夜班,30.00,/,4.70,0.00,0.00,62.00,73.00,0.00,0,0.50,0.00,0.00,,0.00,,10.20,4.7,8.8,6.6,14.0,73.0,62.0,30.0,30.0
A2FX2410083-10,D6G0900086704401,1110600102302,ADSS-A光缆(黑色),ADSS-48G.652D,HT-D03,护套,正常生产,2024-10-11 17:09:56.767,150、170、190  200  210  220、230、250、250、260,9.80,0.00,0.00,0.00,70.00,0.00,10.00,15.00,0.00,0.20,8.60,8.50,早中班,70.00,,8.00,0.00,0.00,111.00,20.00,0.00,0,0.20,0.00,0.00,0.00,0.00,0,0.00,8.0,0.0,10.0,15.0,20.0,111.0,70.0,70.0
A2FX2410084-10,D1G0900208108801,1110100260010,GYTS光缆(黑色),GYTS-6G.652D,HT-02,护套,正常生产,2024-10-10 04:04:16.690,181-215-225-235-240-239-245,0.00,0.00,0.00,5.70,30.00,8.80,6.60,14.00,0.00,0.10,0.00,0.00,中夜班,30.00,DG24A09HB0015,4.70,0.00,0.00,62.00,73.00,0.00,0,0.50,0.00,0.00,,0.00,,10.20,4.7,8.8,6.6,14.0,73.0,62.0,30.0,30.0
A2FX2410092-10,D0E72101100102,1110200100104,GYXTW光缆(黑色),GYXTW-8G.652D,HT-13,护套,正常生产,2024-10-09 23:55:42.570,180,0.00,,,5.50,25.00,4.50,2.30,4.30,,0.10,,,中夜班,20.00,/,2.50,,,86.00,66.00,,185  212  215  221  231  236  240  241,0.50,,,,,,4.70,2.5,4.5,2.3,4.3,66.0,86.0,20.0,25.0
A2FX2410093-10,A2FX2410093100001,2110600360012,ADSS缆芯1,LX1-24G.652D,HT-13,护套,正常生产,2024-10-10 02:53:01.067,180,0.00,,,5.50,5.00,4.50,2.30,4.30,,0.10,,,中夜班,55.00,/,2.50,,,86.00,66.00,,185  212  215  221  231  236  240  241,0.50,,,,,,4.70,2.5,4.5,2.3,4.3,66.0,86.0,55.0,5.0
A2FX2410111-10,D2E1100091202001,1110200100125,GYXTW光缆(黑色),GYXTW-48G.652D,HT-09,护套,正常生产,2024-10-12 02:48:50.590,182-206-227-244-246-245-245,0.00,0.00,0.00,3.00,25.00,11.00,2.50,3.50,0.00,0.20,0.00,0.00,中夜班,30.00,/,3.00,0.00,0.00,28.00,12.00,0.00,0,0.50,0.00,0.00,0.00,0.00,0,4.10,3.0,11.0,2.5,3.5,12.0,28.0,30.0,25.0
A2FX2410121-10,D2G0900237100401,1110100200704,GYTS光缆(黑色),GYTS-48G.652D,HT-01,护套,正常生产,2024-10-13 02:44:45.073,182-205-225-231-241-245-246,0.00,,,7.70,30.00,11.30,8.50,16.50,,0.20,0.00,0.00,早中班,30.00,/,6.70,,0.00,62.00,56.00,0.00,0,0.50,,0.00,0.00,0.00,,12.00,6.7,11.3,8.5,16.5,56.0,62.0,30.0,30.0
A2FX2410122-10,D2G0900237301901,1110100200784,GYTS光缆(黑色),GYTS-24G.652D,HT-11,护套,正常生产,2024-10-12 21:27:44.210,182-202-221-232-236-241-243-249,0.00,0.00,0.00,6.00,30.00,9.50,6.60,13.50,0.00,0.10,0.00,0.00,早中班,30.00,/,4.95,0.00,0.00,129.00,40.00,0.00,0,0.50,0.00,0.00,0.00,0.00,/,10.50,4.95,9.5,6.6,13.5,40.0,129.0,30.0,30.0
A2FX2410151-10,D2G1000005401501,1110100200704,GYTS光缆(黑色),GYTS-48G.652D,HT-02,护套,正常生产,2024-10-16 13:43:36.853,180-215-225-235-240-233-245,0.00,0.00,0.00,5.50,30.00,9.30,6.60,14.00,0.00,0.10,0.00,0.00,早中班,30.00,/,4.60,0.00,0.00,62.00,73.00,0.00,0,0.50,0.00,0.00,,0.00,,10.20,4.6,9.3,6.6,14.0,73.0,62.0,30.0,30.0
A2FX2410162-10,D2G0900242103301,1110200500028,GYXTS光缆(黑色),GYXTS-48G.652D,HT-05,护套,正常生产,2024-10-17 15:26:53.533,180-205-225-235-241-245-246,0.00,,,6.30,30.00,6.30,6.50,11.50,,0.00,,,早中班,30.00,DG24A14HE0035/,4.50,,,71.70,72.60,,0,0.00,,,0.00,0.00,,11.80,4.5,6.3,6.5,11.5,72.6,71.7,30.0,30.0
A2FX2410182-10,D1G0900195700401,1110100200737,GYTS光缆(黑色),GYTS-144G.652D,HT-03,护套,正常生产,2024-10-20 13:21:04.957,182-206-227-244-246-245-246,0.00,0.00,0.00,13.70,25.00,17.10,14.50,22.00,0.00,0.10,0.00,0.00,中夜班,25.00,DG24A20HC0001,12.30,0.00,0.00,77.00,96.00,0.00,0,0.50,0.00,0.00,0.00,0.00,,9.50,12.3,17.1,14.5,22.0,96.0,77.0,25.0,25.0
A2FX2410183-10,D2G0500223601402,1110100200517,GYTS光缆(黑色),GYTS-24G.652D,HT-03,护套,正常生产,2024-10-20 10:05:11.010,182-206-227-244-246-245-246,0.00,0.00,0.00,13.70,20.00,17.10,14.50,22.00,0.00,0.10,0.00,0.00,中夜班,20.00,/,12.30,0.00,0.00,77.00,96.00,0.00,0,0.50,0.00,0.00,0.00,0.00,,9.50,12.3,17.1,14.5,22.0,96.0,77.0,20.0,20.0
A2FX2410243-10,D1G0900195200201,1110100200503,GYTS光缆(黑色),GYTS-12G.652D,HT-11,护套,正常生产,2024-10-26 00:13:34.390,181-202-221-232-236-241-244-246,0.00,0.00,0.00,7.80,65.00,11.00,8.50,15.00,0.00,0.10,0.00,0.00,中夜班,100.00,/,6.80,0.00,0.00,110.00,52.00,0.00,0,0.50,0.00,0.00,8.50,0.00,/,12.00,6.8,11.0,8.5,15.0,52.0,110.0,100.0,65.0
A2FX2410245-10,D9F0400029201103,1110100200776,GYTS光缆(黑色),GYTS-4G.651-62.5/125,HT-02,护套,正常生产,2024-10-27 01:10:37.023,180-215-225-235-240-235-245,0.00,0.00,0.00,7.70,30.00,10.90,8.50,15.50,0.00,0.10,0.00,0.00,中夜班,30.00,/,6.80,0.00,0.00,62.00,73.00,0.00,0,0.50,0.00,0.00,,0.00,,11.90,6.8,10.9,8.5,15.5,73.0,62.0,30.0,30.0
A2FX2410246-10,D1G0900144317901,1110100260003,GYTS光缆(黑色),GYTS-12G.652D,HT-03,护套,正常生产,2024-10-31 12:02:44.113,182-206-227-244-246-245-246,0.00,0.00,0.00,5.60,80.00,8.80,6.60,13.00,0.00,0.10,0.00,0.00,中夜班,100.00,/,4.60,0.00,0.00,77.00,96.00,0.00,0,0.50,0.00,0.00,0.00,0.00,,9.60,4.6,8.8,6.6,13.0,96.0,77.0,100.0,80.0
A2FX2410247-10,D1G0800248400201,1110100260006,GYTS光缆(黑色),GYTS-24G.652D,HT-02,护套,正常生产,2024-10-31 12:59:07.813,180-215-225-235-240-240-245,0.00,0.00,0.00,6.00,100.00,8.55,6.60,14.00,0.00,0.20,0.00,0.00,早中班,100.00,/,4.95,0.00,0.00,61.70,53.10,0.00,0,0.50,0.00,0.00,,0.00,,9.50,4.95,8.55,6.6,14.0,53.1,61.7,100.0,100.0
A2FX2410248-10,D1G0800114800501,1110100200698,GYTS光缆(黑色),GYTS-48G.652D,HT-04,护套,正常生产,2024-10-30 10:33:35.090,130-145-155-160-165-165-171,0.00,0.00,0.00,6.70,30.00,10.50,8.50,12.00,0.00,0.10,0.00,0.00,早中班,30.00,DG24A30HD0001,5.50,0.00,0.00,71.00,36.00,0.00,0,0.50,0.00,0.00,0.00,0.00,0,11.50,5.5,10.5,8.5,12.0,36.0,71.0,30.0,30.0
A2FX2410251-10,D2G0900211102401,1110100100639,GYTA光缆(黑色),GYTA-8G.652D,HT-06,护套,正常生产,2024-10-26 03:05:42.473,180-210-220-233-245-248-250,0.00,0.00,0.00,13.70,100.00,16.70,14.50,21.00,,0.20,,,中夜班,100.00,/,12.40,,,81.00,83.00,,/,0.50,0.00,0.00,14.50,0.00,使用不绣钢带代替,17.70,12.4,16.7,14.5,21.0,83.0,81.0,100.0,100.0
A2FX2410281-10,A2FX2410281100002,2120110360004,GYFTAH58内护1(黑色),HT1-6G652D,HT-12,护套,正常生产,2024-10-30 06:57:13.043,130 135 140 145 150 155 160 165,0.00,0.00,0.00,9.90,25.00,13.50,10.50,14.00,0.00,0.20,0.00,0.00,早中班,25.00,/,8.60,0.00,0.00,89.00,44.00,0.00,130 135 140 145 150 155 160 165,0.50,0.00,0.00,0.00,0.00,0,14.20,8.6,13.5,10.5,14.0,44.0,89.0,25.0,25.0
A2FX2410282-10,A2FX2410282100002,2110110860005,GYFTAH58缆芯2,LX2-144G652D,HT-12,护套,正常生产,2024-10-30 07:11:19.557,130 135 140 145 150 155 160 165,0.00,0.00,0.00,9.90,15.00,13.50,10.50,14.00,0.00,0.20,0.00,0.00,早中班,15.00,/,8.60,0.00,0.00,89.00,44.00,0.00,130 135 140 145 150 155 160 165,0.50,0.00,0.00,0.00,0.00,0,14.20,8.6,13.5,10.5,14.0,44.0,89.0,15.0,15.0
A2HT24081526-10,D6G08001041001,1111201800004,GYMXTZW53光缆(黑色),GYMXTZW53-4G.652D,HT-12,护套,正常生产,2024-09-01 14:41:46.977,130-140-145-150-155-160-166-171,0.00,0.00,0.00,6.20,30.00,9.05,7.00,9.20,0.00,0.10,0.00,0.00,早中班,35.00,/,5.15,0.00,0.00,104.00,37.00,0.00,0,0.50,0.00,0.00,0.00,0.00,0,10.50,5.15,9.05,7.0,9.2,37.0,104.0,35.0,30.0
A2HT24081528-10,D6G08001042001,1111201800005,GYMXTZW53光缆(黑色),GYMXTZW53-24G.652D,HT-12,护套,正常生产,2024-09-01 10:35:04.520,130-140-145-150-155-160-166-171,0.00,0.00,0.00,6.20,30.00,9.05,7.00,9.20,0.00,0.10,0.00,0.00,早中班,35.00,/,5.15,0.00,0.00,104.00,37.00,0.00,0,0.50,0.00,0.00,0.00,0.00,0,10.50,5.15,9.05,7.0,9.2,37.0,104.0,35.0,30.0
A2HT24082031-10,D6G08001501030,1110101200226,GYFTY光缆(黑色),GYFTY-48G.652D,HT-04,护套,正常生产,2024-09-01 12:07:09.140,180-215-225-235-240-245-249,0.00,,,11.00,35.00,9.80,7.00,14.00,,0.10,,,早中班,35.00,/,5.80,,,66.00,66.00,0.00,0,0.50,,,0.00,0.00,,10.80,5.8,9.8,7.0,14.0,66.0,66.0,35.0,35.0
A2HT24082228-10,D6G08001003002,1111200160004,GYMXY光缆(黑色),GYMXY-8(4G.652D+4G.651-50/125-OM3),HT-04,护套,正常生产,2024-09-01 23:34:10.777,180-215-225-235-240-245-249,0.00,,,11.00,35.00,7.80,3.20,8.50,,0.10,,,中夜班,35.00,/,2.80,,,66.00,66.00,0.00,0,0.50,,,0.00,0.00,,9.00,2.8,7.8,3.2,8.5,66.0,66.0,35.0,35.0
A2HT24082311-10,D2G08001861010,1110100400090,GYTA53光缆(黑色),GYTA53-24G.652D,HT-02,护套,正常生产,2024-09-04 11:53:45.693,180-215-230-235-240-255-245,8.40,0.00,0.00,9.80,55.00,13.00,10.50,17.00,0.00,0.10,0.00,0.00,中夜班,55.00,DG24901HB0007,5.60,0.00,0.00,60.00,82.00,0.00,0,0.50,0.00,0.00,0.00,0.00,,14.00,5.6,13.0,10.5,17.0,82.0,60.0,55.0,55.0
A2HT24082312-10,A2HT24082312100003,2120100400112,GYTA53内护1(黑色),HT1-24G.652D,HT-06,护套,正常生产,2024-09-02 06:38:57.690,190-210-220-230-245-250-253,0.00,0.00,0.00,6.60,45.00,8.40,7.50,12.50,,0.10,,,中夜班,45.00,/,5.60,,,80.00,78.00,,/,0.50,0.00,,6.30,0.00,,9.50,5.6,8.4,7.5,12.5,78.0,80.0,45.0,45.0
A2HT24082313-10,D2G08001862008,1110100400090,GYTA53光缆(黑色),GYTA53-24G.652D,HT-04,护套,正常生产,2024-09-03 06:24:10.767,180-215-225-235-240-245-249,8.40,0.00,0.00,9.70,55.00,13.00,10.50,17.50,0.00,0.20,0.00,0.00,早中班,55.00,DG24902HD0013,5.60,0.00,0.00,66.00,66.00,0.00,0,0.50,0.00,0.00,0.00,0.00,,14.20,5.6,13.0,10.5,17.5,66.0,66.0,55.0,55.0
A2HT24082314-10,A2HT24082314100008,2120100400112,GYTA53内护1(黑色),HT1-24G.652D,HT-05,护套,正常生产,2024-09-02 22:18:17.107,180-205-225-235-245-250-251,0.00,0.00,0.00,5.50,45.00,8.40,6.60,13.50,,0.10,,,早中班,45.00,/,4.50,,,56.00,78.00,,0,0.50,0.00,,6.30,0.00,,9.20,4.5,8.4,6.6,13.5,78.0,56.0,45.0,45.0
A2HT24082613-10,D0G08000934001,1110301160002,GYDTA53光缆(黑色),GYDTA53-144(72G.652D+72G.655),HT-01,护套,正常生产,2024-09-02 11:15:56.670,182-205-225-231-241-245-243,0.00,,,18.20,25.00,21.10,19.00,25.00,,0.20,0.00,0.00,早中班,25.00,/,16.50,,0.00,62.50,73.80,0.00,0,0.50,,0.00,14.50,0.00,,19.50,16.5,21.1,19.0,25.0,73.8,62.5,25.0,25.0
A2HT24082623-10,D1G080021007,1110100260006,GYTS光缆(黑色),GYTS-24G.652D,HT-03,护套,正常生产,2024-09-01 20:12:06.107,182-206-227-244-246-245-246,0.00,0.00,0.00,6.00,80.00,9.00,6.60,13.50,0.00,0.10,0.00,0.00,早中班,80.00,DG24901HC0014,5.10,0.00,0.00,79.00,72.00,0.00,0,0.50,0.00,0.00,0.00,0.00,,9.90,5.1,9.0,6.6,13.5,72.0,79.0,80.0,80.0
A2HT24082624-10,D1G080022043,1110100200698,GYTS光缆(黑色),GYTS-48G.652D,HT-03,护套,正常生产,2024-09-01 16:46:10.793,182-206-227-244-246-245-246,0.00,0.00,0.00,7.80,66.00,10.90,8.50,15.00,0.00,0.10,0.00,0.00,中夜班,65.00,DG24901HC0008,6.80,0.00,0.00,79.00,72.00,0.00,0,0.50,0.00,0.00,0.00,0.00,,77.80,6.8,10.9,8.5,15.0,72.0,79.0,65.0,66.0
A2HT24082625-10,D1G080023002,1110100200735,GYTS光缆(黑色),GYTS-96G.652D,HT-06,护套,正常生产,2024-09-01 12:17:20.897,190-210-220-230-245-250-253,0.00,0.00,0.00,10.50,55.00,13.50,11.50,18.00,,0.10,,,中夜班,55.00,DG24901HF0002,9.20,,,80.00,78.00,,/,0.50,0.00,,,0.00,,18.00,9.2,13.5,11.5,18.0,78.0,80.0,55.0,55.0
A2HT24082629-10,D0G08002031032,1110300200089,GYDTS光缆(黑色),GYDTS-288G.652D,HT-01,护套,正常生产,2024-09-02 07:25:30.270,182-205-225-231-241-245-243,0.00,,,14.00,45.00,18.70,15.00,22.50,,0.20,0.00,0.00,中夜班,45.00,/,12.80,,0.00,62.50,73.80,0.00,0,0.50,,0.00,14.50,0.00,,19.50,12.8,18.7,15.0,22.5,73.8,62.5,45.0,45.0
A2HT24082710-10,D6G08001952002,1111201800002,GYMXTZW53光缆(黑色),GYMXTZW53-8G.652D,HT-04,护套,正常生产,2024-09-13 18:18:51.810,130-145-155-160-165-165-170,6.10,,,7.80,35.00,12.00,8.50,12.50,,0.20,,,早中班,35.00,/,2.50,,,65.50,54.70,0.00,0,0.50,,,8.50,0.00,,13.00,2.5,12.0,8.5,12.5,54.7,65.5,35.0,35.0
A2HT24082711-10,A2HT24082711100001,2121201800009,GYMXTZW53内护1(黑色),HT1-8G.652D,HT-04,护套,正常生产,2024-09-12 17:54:50.350,130-145-155-160-165-165-170,6.10,,,4.00,35.00,0.00,2.80,6.50,,0.10,,,早中班,35.00,/,2.50,,,76.00,28.00,0.00,0,0.50,,,0.00,0.00,,7.00,2.5,0.0,2.8,6.5,28.0,76.0,35.0,35.0
A2HT2408272-10,D6G08001951004,1111201800005,GYMXTZW53光缆(黑色),GYMXTZW53-24G.652D,HT-04,护套,正常生产,2024-09-13 14:47:27.407,130-145-155-160-165-165-170,7.20,,,8.80,35.00,13.10,9.50,13.50,,0.20,,,早中班,35.00,/,3.60,,,65.50,54.70,0.00,0,0.50,,,9.50,0.00,,14.00,3.6,13.1,9.5,13.5,54.7,65.5,35.0,35.0
A2HT2408273-10,A2HT2408273100001,2121201800012,GYMXTZW53内护1(黑色),HT1-24G.652D,HT-04,护套,正常生产,2024-09-12 15:18:25.503,130-145-155-160-165-165-170,7.20,,,5.00,35.00,0.00,3.80,7.50,,0.10,,,早中班,35.00,/,3.60,,,76.00,28.00,0.00,0,0.50,,,0.00,0.00,,8.00,3.6,0.0,3.8,7.5,28.0,76.0,35.0,35.0
A2HT2408278-10,D0G08002041001,1110100100640,GYTA光缆(黑色),GYTA-12G.652D,HT-03,护套,正常生产,2024-09-04 05:01:39.867,182-206-227-244-246-245-246,0.00,0.00,0.00,6.00,100.00,9.00,6.60,13.50,0.00,0.10,0.00,0.00,早中班,100.00,/,5.10,0.00,0.00,79.00,72.00,0.00,0,0.50,0.00,0.00,0.00,0.00,,9.90,5.1,9.0,6.6,13.5,72.0,79.0,100.0,100.0
A2HT2408279-10,D0G08002042001,1110100100641,GYTA光缆(黑色),GYTA-24G.652D,HT-03,护套,正常生产,2024-09-04 05:19:31.960,182-206-227-244-246-245-246,0.00,0.00,0.00,6.00,100.00,9.00,6.60,13.50,0.00,0.10,0.00,0.00,早中班,100.00,/,5.10,0.00,0.00,79.00,72.00,0.00,0,0.50,0.00,0.00,0.00,0.00,,9.90,5.1,9.0,6.6,13.5,72.0,79.0,100.0,100.0
A2HT24082810-10,D1G080031024,1110100260006,GYTS光缆(黑色),GYTS-24G.652D,HT-01,护套,正常生产,2024-09-04 20:44:35.797,182-205-225-231-241-245-246,0.00,0.00,0.00,6.00,80.00,9.00,6.60,14.00,0.00,0.10,0.00,0.00,早中班,80.00,DG24902HA0004,5.10,0.00,0.00,62.50,73.80,0.00,0,0.50,0.00,0.00,0.00,0.00,"纤长不足,负偏差生产",10.00,5.1,9.0,6.6,14.0,73.8,62.5,80.0,80.0
A2HT2408283-10,D2G08002161001,1110300100052,GYDTA光缆(黑色),GYDTA-288G.652D,HT-06,护套,正常生产,2024-09-03 14:11:36.333,190-210-220-230-245-250-253,0.00,0.00,0.00,14.20,40.00,17.70,15.50,22.00,,0.20,,,早中班,40.00,DG24902HF0001,12.90,,,80.00,78.00,,/,0.50,0.00,,,0.00,,19.00,12.9,17.7,15.5,22.0,78.0,80.0,40.0,40.0
A2HT2408284-10,D2G08002171004,1110300100051,GYDTA光缆(黑色),GYDTA-144G.652D,HT-06,护套,正常生产,2024-09-03 18:47:59.350,190-210-220-230-245-250-253,0.00,0.00,0.00,13.10,45.00,16.70,14.50,21.00,,0.20,,,早中班,45.00,DG24903HF0007,11.90,,,80.00,78.00,,/,0.50,0.00,,,0.00,,19.00,11.9,16.7,14.5,21.0,78.0,80.0,45.0,45.0
A2HT2408288-10,D9G08001241001,1110101600051,GYFTA53光缆(黑色),GYFTA53-24G.652D,HT-05,护套,正常生产,2024-09-03 00:04:43.517,180-205-225-235-245-250-251,0.00,,,5.50,55.00,8.40,6.60,13.50,,0.10,,,早中班,55.00,/,4.50,,,56.00,,,0,0.50,,,6.30,0.00,,9.20,4.5,8.4,6.6,13.5,,56.0,55.0,55.0
A2HT2408289-10,A2HT2408289100001,2120101600049,GYFTA53内护1(黑色),HT1-24G.652D,HT-05,护套,正常生产,2024-09-02 22:50:21.920,180-205-225-235-245-250-251,0.00,,,5.50,45.00,8.40,6.60,13.50,,0.10,,,早中班,45.00,/,4.50,,,56.00,,,0,0.50,,,6.30,0.00,,9.20,4.5,8.4,6.6,13.5,,56.0,45.0,45.0
A2HT24082923-10,D1G08002333008,1110100260006,GYTS光缆(黑色),GYTS-24G.652D,HT-01,护套,正常生产,2024-09-03 13:58:05.440,182-205-225-231-241-245-247,0.00,,,6.00,80.00,9.00,6.60,14.00,,0.10,0.00,0.00,中夜班,80.00,DG24902HA0012,5.10,,0.00,62.50,73.80,0.00,0,0.50,,0.00,0.00,0.00,,10.00,5.1,9.0,6.6,14.0,73.8,62.5,80.0,80.0
A2HT24082924-10,D1G080032029,1110100200595,GYTS光缆(黑色),GYTS-36G.652D,HT-03,护套,正常生产,2024-09-05 14:57:35.777,182-206-227-244-246-245-246,0.00,0.00,0.00,6.00,80.00,9.00,6.60,13.50,0.00,0.10,0.00,0.00,早中班,80.00,DG24905HC0014,5.10,0.00,0.00,79.00,72.00,0.00,0,0.50,0.00,0.00,0.00,0.00,,9.90,5.1,9.0,6.6,13.5,72.0,79.0,80.0,80.0
A2HT24082925-10,D1G080033006,1110100200698,GYTS光缆(黑色),GYTS-48G.652D,HT-02,护套,正常生产,2024-09-04 01:20:24.543,180-215-230-235-240-255-245,0.00,0.00,0.00,7.70,65.00,10.90,8.50,15.50,0.00,0.10,0.00,0.00,早中班,65.00,DG24903HB0005,6.80,0.00,0.00,60.00,75.00,0.00,0,0.50,0.00,0.00,0.00,0.00,,12.00,6.8,10.9,8.5,15.5,75.0,60.0,65.0,65.0
A2HT24082926-10,D2G08002181003,1110300100050,GYDTA光缆(黑色),GYDTA-96G.652D,HT-06,护套,正常生产,2024-09-04 12:11:08.517,190-210-220-230-245-250-253,0.00,0.00,0.00,13.10,45.00,16.70,14.50,21.00,,0.20,,,早中班,45.00,DG24904HF0003,11.90,,,80.00,78.00,,/,0.50,0.00,,,0.00,,19.00,11.9,16.7,14.5,21.0,78.0,80.0,45.0,45.0
A2HT24082928-10,D2G08002261005,1110400160005,GYDXTW光缆(黑色),GYDXTW-288G.652D,HT-05,护套,正常生产,2024-09-03 20:21:51.760,180-205-225-235-245-250-251,0.00,,,12.90,35.00,8.40,13.20,17.60,,0.10,,,早中班,35.00,DG24903HE0008,10.80,,,87.00,,,0,0.50,,,0.00,0.00,,17.90,10.8,8.4,13.2,17.6,,87.0,35.0,35.0
A2HT24082929-10,D2G08002422017,1110100100678,GYTA光缆(黑色),GYTA-6G.652D,HT-03,护套,正常生产,2024-09-04 09:13:40.860,182-206-227-244-246-245-246,0.00,0.00,0.00,6.00,100.00,9.00,6.60,13.50,0.00,0.10,0.00,0.00,早中班,100.00,DG24902HC0009,5.10,0.00,0.00,79.00,72.00,0.00,0,0.50,0.00,0.00,0.00,0.00,,9.90,5.1,9.0,6.6,13.5,72.0,79.0,100.0,100.0
A2HT24082930-10,D2G08002424014,1110100100680,GYTA光缆(黑色),GYTA-12G.652D,HT-03,护套,正常生产,2024-09-04 15:26:27.063,182-206-227-244-246-245-246,0.00,0.00,0.00,6.00,100.00,9.00,6.60,13.50,0.00,0.10,0.00,0.00,早中班,100.00,DG24903HC0015,5.10,0.00,0.00,79.00,72.00,0.00,0,0.50,0.00,0.00,0.00,0.00,,9.90,5.1,9.0,6.6,13.5,72.0,79.0,100.0,100.0
A2HT24083010-10,D1G08002337003,1110100200735,GYTS光缆(黑色),GYTS-96G.652D,HT-01,护套,正常生产,2024-09-04 07:05:50.270,182-205-225-231-241-245-247,0.00,,,10.40,55.00,13.50,11.50,18.00,,0.20,0.00,0.00,早中班,55.00,DG24903HA0014,9.20,,0.00,62.50,73.80,0.00,0,0.50,,0.00,0.00,0.00,,14.50,9.2,13.5,11.5,18.0,73.8,62.5,55.0,55.0
A2HT24083011-10,A2HT24083011100001,2100900300319,PE涂覆磷化钢丝加强件(黑色),PE-LHGS,HT-09,护套,正常生产,2024-09-02 06:47:52.207,182-206-227-244-246-245-245,0.00,0.00,0.00,3.00,45.00,4.10,2.70,4.00,0.00,0.20,0.00,0.00,中夜班,45.00,/,2.00,0.00,0.00,46.00,22.00,0.00,0,0.50,0.00,0.00,0.00,0.00,0,5.00,2.0,4.1,2.7,4.0,22.0,46.0,45.0,45.0
A2HT24083013-10,D0G08002372001,1110300100200,GYDTA光缆(黑色),GYDTA-144G.652D,HT-06,护套,正常生产,2024-09-04 10:04:03.833,190-210-220-230-245-250-253,0.00,0.00,0.00,13.10,45.00,16.70,14.50,21.00,,0.20,,,早中班,45.00,/,11.90,,,80.00,78.00,,/,0.50,0.00,,,0.00,,19.00,11.9,16.7,14.5,21.0,78.0,80.0,45.0,45.0
A2HT24083014-10,D2G08002281004,1110300300010,GYDTZA光缆(黑色),GYDTZA-288G.652D,HT-12,护套,正常生产,2024-09-04 06:15:52.693,130-140-145-150-155-160-166-171,0.00,0.00,0.00,6.40,15.00,17.70,15.00,18.00,0.00,0.10,0.00,0.00,早中班,15.00,DG24903HM0023,12.90,0.00,0.00,104.00,37.00,0.00,0,0.50,0.00,0.00,0.00,0.00,0,19.00,12.9,17.7,15.0,18.0,37.0,104.0,15.0,15.0
A2HT24083015-10,D2G08002291002,1110300300010,GYDTZA光缆(黑色),GYDTZA-288G.652D,HT-12,护套,正常生产,2024-09-04 13:53:16.090,130-140-145-150-155-160-166-171,0.00,0.00,0.00,6.40,15.00,17.70,15.00,18.00,0.00,0.10,0.00,0.00,早中班,15.00,DG24904HM0006,12.90,0.00,0.00,104.00,37.00,0.00,0,0.50,0.00,0.00,0.00,0.00,0,19.00,12.9,17.7,15.0,18.0,37.0,104.0,15.0,15.0
A2HT24083016-10,D2G08002301001,1110300300010,GYDTZA光缆(黑色),GYDTZA-288G.652D,HT-12,护套,正常生产,2024-09-05 02:07:54.543,130-140-145-150-155-160-166-171,0.00,0.00,0.00,6.40,15.00,17.70,15.00,18.00,0.00,0.10,0.00,0.00,中夜班,15.00,DG24904HM0008,12.90,0.00,0.00,104.00,37.00,0.00,0,0.50,0.00,0.00,0.00,0.00,0,19.00,12.9,17.7,15.0,18.0,37.0,104.0,15.0,15.0
A2HT24083017-10,D1G0800233A001,1110100200738,GYTS光缆(黑色),GYTS-144G.652D,HT-01,护套,正常生产,2024-09-05 00:28:19.170,182-205-225-231-241-245-247,0.00,,,10.40,40.00,13.90,11.50,18.00,,0.20,0.00,0.00,早中班,40.00,DG24904HA0112,9.20,,0.00,62.50,73.80,0.00,0,0.50,,0.00,0.00,0.00,,14.50,9.2,13.9,11.5,18.0,73.8,62.5,40.0,40.0
A2HT24083018-10,A2HT24083018100001,2100900300230,PE涂覆磷化钢丝加强件(黑色),PE-LHGS,HT-09,护套,正常生产,2024-09-02 19:29:59.757,182-206-227-244-246-245-245,0.00,0.00,0.00,3.00,30.00,7.30,2.70,7.20,0.00,0.20,0.00,0.00,中夜班,30.00,/,2.50,0.00,0.00,46.00,22.00,0.00,0,0.50,0.00,0.00,0.00,0.00,0,5.00,2.5,7.3,2.7,7.2,22.0,46.0,30.0,30.0
A2HT24083019-10,D1G08002338002,1110100200736,GYTS光缆(黑色),GYTS-96G.652D,HT-01,护套,正常生产,2024-09-04 15:28:22.970,182-205-225-231-241-245-247,0.00,,,10.40,40.00,13.90,11.50,18.00,,0.20,0.00,0.00,早中班,40.00,DG24904HA0108,9.20,,0.00,62.50,73.80,0.00,0,0.50,,0.00,0.00,0.00,,14.50,9.2,13.9,11.5,18.0,73.8,62.5,40.0,40.0
A2HT24083020-10,A2HT24083020100001,2100900300206,PE涂覆磷化钢丝加强件(黑色),PE-LHGS,HT-09,护套,正常生产,2024-09-01 12:04:15.603,182-206-227-244-246-245-245,0.00,0.00,0.00,3.00,45.00,4.10,2.70,4.00,0.00,0.20,0.00,0.00,早中班,45.00,/,2.50,0.00,0.00,46.00,22.00,0.00,0,0.50,0.00,0.00,0.00,0.00,0,5.00,2.5,4.1,2.7,4.0,22.0,46.0,45.0,45.0
A2HT24083021-10,D1G08002335061,1110100200698,GYTS光缆(黑色),GYTS-48G.652D,HT-02,护套,正常生产,2024-09-05 10:35:32.180,181-215-225-235-240-255-245,0.00,0.00,0.00,7.70,65.00,10.90,8.50,15.50,0.00,0.10,0.00,0.00,早中班,65.00,DG24904HB0007,6.80,0.00,0.00,60.00,75.00,0.00,0,0.50,0.00,0.00,0.00,0.00,,12.00,6.8,10.9,8.5,15.5,75.0,60.0,65.0,65.0
A2HT24083022-10,D0G07002702124,1110100100644,GYTA光缆(黑色),GYTA-72G.652D,HT-03,护套,正常生产,2024-09-07 02:33:49.203,182-206-227-244-246-245-246,0.00,0.00,0.00,6.00,60.00,9.00,6.60,13.50,0.00,0.10,0.00,0.00,早中班,60.00,/,5.10,0.00,0.00,79.00,72.00,0.00,0,0.50,0.00,0.00,0.00,0.00,,9.90,5.1,9.0,6.6,13.5,72.0,79.0,60.0,60.0
A2HT24083023-10,D2G08002311003,1110400160007,GYDXTW光缆(黑色),GYDXTW-216G.652D,HT-05,护套,正常生产,2024-09-03 23:18:48.617,180-205-225-235-245-250-251,0.00,,,12.90,35.00,8.40,13.20,17.60,,0.10,,,早中班,35.00,DG24903HE0012,10.80,,,87.00,,,0,0.50,,,0.00,0.00,,17.90,10.8,8.4,13.2,17.6,,87.0,35.0,35.0
A2HT24083024-10,D2G08002321003,1110400160007,GYDXTW光缆(黑色),GYDXTW-216G.652D,HT-05,护套,正常生产,2024-09-04 06:25:22.350,180-205-225-235-245-250-251,0.00,,,12.90,35.00,8.40,13.20,17.60,,0.10,,,早中班,35.00,DG24903HE0016,10.80,,,87.00,,,0,0.50,,,0.00,0.00,,17.90,10.8,8.4,13.2,17.6,,87.0,35.0,35.0
A2HT24083025-10,D1G08002339013,1110100200737,GYTS光缆(黑色),GYTS-144G.652D,HT-03,护套,正常生产,2024-09-11 22:25:27.330,182-206-227-244-246-245-246,0.00,0.00,0.00,13.70,50.00,16.70,15.00,21.00,0.00,0.10,0.00,0.00,中夜班,50.00,DG24911HC0017,12.40,0.00,0.00,79.00,72.00,0.00,0,1.00,0.00,0.00,0.00,0.00,,14.50,12.4,16.7,15.0,21.0,72.0,79.0,50.0,50.0
A2HT24083026-10,A2HT24083026100003,2100900300230,PE涂覆磷化钢丝加强件(黑色),PE-LHGS,HT-09,护套,正常生产,2024-09-03 19:02:53.197,182-206-227-244-246-245-245,0.00,0.00,0.00,3.00,30.00,7.30,2.70,7.20,0.00,0.20,0.00,0.00,中夜班,30.00,/,2.50,0.00,0.00,46.00,22.00,0.00,0,0.50,0.00,0.00,0.00,0.00,0,5.00,2.5,7.3,2.7,7.2,22.0,46.0,30.0,30.0
A2HT24083027-10,D6G08001931002,1110100200787,GYTS光缆(黑色),GYTS-8G.652D,HT-03,护套,正常生产,2024-09-05 22:00:03.237,182-206-227-244-246-245-246,0.00,0.00,0.00,6.00,60.00,9.00,6.60,13.50,0.00,0.10,0.00,0.00,中夜班,60.00,/,5.10,0.00,0.00,79.00,72.00,0.00,0,0.50,0.00,0.00,0.00,0.00,,9.90,5.1,9.0,6.6,13.5,72.0,79.0,60.0,60.0
A2HT24083028-10,D9G06001101001,1110101760003,GYFTZY光缆(黑色),GYFTZY-72G.652D,HT-04,护套,正常生产,2024-09-12 02:13:00.417,130-145-155-160-165-165-170,0.00,,,9.30,30.00,12.30,9.00,13.00,,0.10,,,中夜班,30.00,/,7.00,,,40.00,32.00,0.00,0,0.50,,,10.10,0.00,,13.30,7.0,12.3,9.0,13.0,32.0,40.0,30.0,30.0
A2HT24083029-10,D2G08001651001,1110101100023,GYTS04光缆(黑色),GYTS04-24G.652D,HT-01,护套,正常生产,2024-09-06 17:31:48.303,182-205-225-231-241-245-247,0.00,,,13.20,25.00,11.10,10.50,16.50,,0.20,0.00,0.00,早中班,25.00,DG24906HA0001,9.30,,0.00,62.50,73.80,0.00,0,0.50,,0.00,0.00,0.00,,17.50,9.3,11.1,10.5,16.5,73.8,62.5,25.0,25.0
A2HT24083030-10,A2HT24083030100001,2120101100025,GYTS04内护1(黑色),HT1-24G.652D,HT-03,护套,正常生产,2024-09-05 23:47:41.143,182-206-227-244-246-245-246,0.00,0.00,0.00,6.00,65.00,9.00,6.60,13.50,0.00,0.10,0.00,0.00,中夜班,65.00,/,5.10,0.00,0.00,79.00,72.00,0.00,0,0.50,0.00,0.00,0.00,0.00,,9.90,5.1,9.0,6.6,13.5,72.0,79.0,65.0,65.0
A2HT24083031-10,D2G08002282002,1110300300009,GYDTZA光缆(黑色),GYDTZA-216G.652D,HT-12,护套,正常生产,2024-09-06 02:04:30.097,130-140-145-150-155-160-166-171,0.00,0.00,0.00,6.40,15.00,17.70,15.00,18.00,0.00,0.10,0.00,0.00,中夜班,15.00,DG24905HM0013,12.90,0.00,0.00,104.00,37.00,0.00,0,0.50,0.00,0.00,0.00,0.00,0,19.00,12.9,17.7,15.0,18.0,37.0,104.0,15.0,15.0
A2HT24083032-10,D2G08002292003,1110300300009,GYDTZA光缆(黑色),GYDTZA-216G.652D,HT-12,护套,正常生产,2024-09-06 08:17:37.170,130-140-145-150-155-160-166-171,0.00,0.00,0.00,6.40,15.00,17.70,15.00,18.00,0.00,0.10,0.00,0.00,中夜班,15.00,DG24906HM0001,12.90,0.00,0.00,104.00,37.00,0.00,0,0.50,0.00,0.00,0.00,0.00,0,19.00,12.9,17.7,15.0,18.0,37.0,104.0,15.0,15.0
A2HT24083033-10,D2G08002302001,1110300300009,GYDTZA光缆(黑色),GYDTZA-216G.652D,HT-12,护套,正常生产,2024-09-06 12:05:54.133,130-140-145-150-155-160-166-171,0.00,0.00,0.00,6.40,15.00,17.70,15.00,18.00,0.00,0.10,0.00,0.00,中夜班,15.00,DG24906HM0002,12.90,0.00,0.00,104.00,37.00,0.00,0,0.50,0.00,0.00,0.00,0.00,0,19.00,12.9,17.7,15.0,18.0,37.0,104.0,15.0,15.0
A2HT24083034-10,D1G08002131076,1110100900143,GYTZA53光缆(黑色),GYTZA53-4G.652D,HT-04,护套,正常生产,2024-09-11 21:17:47.693,130-140-145-150-155-160-166-171,0.00,0.00,0.00,9.30,35.00,12.40,10.00,13.00,0.00,0.10,0.00,0.00,早中班,35.00,/,5.40,0.00,0.00,104.00,37.00,0.00,0,0.50,0.00,0.00,10.10,0.00,0,14.00,5.4,12.4,10.0,13.0,37.0,104.0,35.0,35.0
A2HT24083035-10,A2HT24083035100027,2120100900097,GYTZA53内护1(黑色),HT1-4G.652D,HT-06,护套,正常生产,2024-09-11 09:07:30.750,190-210-220-230-245-250-253,0.00,0.00,0.00,6.40,45.00,7.90,7.50,12.50,,0.10,0.00,0.00,中夜班,45.00,/,5.40,,0.00,80.00,78.00,0.00,/,0.50,0.00,0.00,0.00,0.00,,8.50,5.4,7.9,7.5,12.5,78.0,80.0,45.0,45.0
A2HT24083036-10,D6G08001661009,1110102700002,GYTY光缆(黑色护套-黄色色条),GYTY-48G.652D,HT-04,护套,正常生产,2024-09-12 06:43:33.683,180-215-225-235-240-245-249,0.00,,,7.00,30.00,8.70,7.00,13.00,,0.10,0.00,0.00,中夜班,30.00,/,5.65,,0.00,32.00,18.20,0.00,0,0.50,,0.00,0.00,0.00,,9.70,5.65,8.7,7.0,13.0,18.2,32.0,30.0,30.0
A2HT24083037-10,D6G08001771001,1110102700008,GYTY光缆(黑色护套-黄色色条),GYTY-144G.652D,HT-01,护套,正常生产,2024-09-11 15:04:42.530,182-205-225-231-241-245-247,0.00,,,5.20,30.00,7.80,6.00,12.50,,0.10,0.00,0.00,中夜班,30.00,/,4.20,,0.00,62.50,40.00,0.00,0,0.50,,0.00,0.00,0.00,,8.80,4.2,7.8,6.0,12.5,40.0,62.5,30.0,30.0
A2HT24083038-10,A2HT24083038100001,2100900300260,PE涂覆磷化钢丝加强件(黑色),PE-LHGS,HT-09,护套,正常生产,2024-09-04 09:34:53.887,182-206-227-244-246-245-245,0.00,0.00,0.00,3.00,35.00,6.00,2.70,6.00,0.00,0.20,0.00,0.00,中夜班,35.00,/,2.50,0.00,0.00,46.00,22.00,0.00,0,0.50,0.00,0.00,0.00,0.00,0,5.00,2.5,6.0,2.7,6.0,22.0,46.0,35.0,35.0
A2HT24083039-10,D0G07002701001,1110100100643,GYTA光缆(黑色),GYTA-48G.652D,HT-05,护套,正常生产,2024-09-07 00:28:58.330,180-205-225-235-245-250-251,0.00,,,6.00,65.00,17.60,13.50,21.00,,0.20,,,早中班,65.00,/,11.80,,,89.00,,,0,0.50,,,0.00,0.00,,10.00,11.8,17.6,13.5,21.0,,89.0,65.0,65.0
A2HT24083040-10,D0G08000881004,1111202300001,GYMXY333光缆(黑色),GYMXY333-6(4G651A1b+2G652D),HT-06,护套,正常生产,2024-09-02 23:51:16.140,190-210-220-230-245-250-253,0.00,0.00,0.00,6.60,30.00,9.00,6.00,12.00,,0.10,,,早中班,30.00,/,4.60,,,80.00,78.00,,/,0.50,0.00,,,0.00,,10.00,4.6,9.0,6.0,12.0,78.0,80.0,30.0,30.0
A2HT24083041-10,D1G0800248A001,1110100200738,GYTS光缆(黑色),GYTS-144G.652D,HT-01,护套,正常生产,2024-09-04 23:15:29.873,182-205-225-231-241-245-247,0.00,,,10.40,40.00,13.90,11.50,18.00,,0.20,0.00,0.00,早中班,40.00,DG24904HA0110,9.20,,0.00,62.50,73.80,0.00,0,0.50,,0.00,0.00,0.00,,14.50,9.2,13.9,11.5,18.0,73.8,62.5,40.0,40.0
A2HT24083042-10,A2HT24083042100001,2100900300230,PE涂覆磷化钢丝加强件(黑色),PE-LHGS,HT-09,护套,正常生产,2024-09-02 19:33:02.603,182-206-227-244-246-245-245,0.00,0.00,0.00,3.00,30.00,7.30,2.70,7.20,0.00,0.20,0.00,0.00,中夜班,30.00,/,2.50,0.00,0.00,46.00,22.00,0.00,0,0.50,0.00,0.00,0.00,0.00,0,5.00,2.5,7.3,2.7,7.2,22.0,46.0,30.0,30.0
A2HT24083043-10,D1G08002489001,1110100200737,GYTS光缆(黑色),GYTS-144G.652D,HT-03,护套,正常生产,2024-09-11 10:43:02.220,182-206-227-244-246-245-246,0.00,0.00,0.00,13.70,50.00,16.70,15.00,21.00,0.00,0.10,0.00,0.00,中夜班,50.00,DG24910HC0009,12.40,0.00,0.00,79.00,72.00,0.00,0,1.00,0.00,0.00,0.00,0.00,,14.50,12.4,16.7,15.0,21.0,72.0,79.0,50.0,50.0
A2HT24083044-10,A2HT24083044100001,2100900300230,PE涂覆磷化钢丝加强件(黑色),PE-LHGS,HT-09,护套,正常生产,2024-09-03 14:57:06.370,182-206-227-244-246-245-245,0.00,0.00,0.00,3.00,30.00,7.30,2.70,7.20,0.00,0.20,0.00,0.00,中夜班,30.00,/,2.50,0.00,0.00,46.00,22.00,0.00,0,0.50,0.00,0.00,0.00,0.00,0,5.00,2.5,7.3,2.7,7.2,22.0,46.0,30.0,30.0
A2HT24083045-10,D1G08002488001,1110100200736,GYTS光缆(黑色),GYTS-96G.652D,HT-01,护套,正常生产,2024-09-04 19:33:29.217,182-205-225-231-241-245-247,0.00,,,10.40,40.00,13.90,11.50,18.00,,0.20,0.00,0.00,早中班,40.00,DG24904HA0109,9.20,,0.00,62.50,73.80,0.00,0,0.50,,0.00,0.00,0.00,,14.50,9.2,13.9,11.5,18.0,73.8,62.5,40.0,40.0
A2HT24083046-10,A2HT24083046100001,2100900300206,PE涂覆磷化钢丝加强件(黑色),PE-LHGS,HT-09,护套,正常生产,2024-09-01 12:06:37.870,182-206-227-244-246-245-245,0.00,0.00,0.00,3.00,45.00,4.10,2.70,4.00,0.00,0.20,0.00,0.00,早中班,45.00,/,2.50,0.00,0.00,46.00,22.00,0.00,0,0.50,0.00,0.00,0.00,0.00,0,5.00,2.5,4.1,2.7,4.0,22.0,46.0,45.0,45.0
A2HT24083047-10,D1G08002487005,1110100200735,GYTS光缆(黑色),GYTS-96G.652D,HT-01,护套,正常生产,2024-09-04 13:23:14.540,182-205-225-231-241-245-247,0.00,,,10.40,55.00,13.50,11.50,18.00,,0.20,0.00,0.00,早中班,55.00,DG24904HA0004,9.20,,0.00,62.50,73.80,0.00,0,0.50,,0.00,0.00,0.00,,14.50,9.2,13.5,11.5,18.0,73.8,62.5,55.0,55.0
A2HT24083048-10,A2HT24083048100001,2100900300319,PE涂覆磷化钢丝加强件(黑色),PE-LHGS,HT-09,护套,正常生产,2024-09-02 10:07:18.323,182-206-227-244-246-245-245,0.00,0.00,0.00,3.00,45.00,4.10,2.70,4.00,0.00,0.20,0.00,0.00,中夜班,45.00,/,2.00,0.00,0.00,46.00,22.00,0.00,0,0.50,0.00,0.00,0.00,0.00,0,5.00,2.0,4.1,2.7,4.0,22.0,46.0,45.0,45.0
A2HT24083049-10,D1G08002486002,1110100200269,GYTS光缆(黑色),GYTS-48G.652D,HT-03,护套,正常生产,2024-09-09 13:37:31.190,182-206-227-244-246-245-246,0.00,0.00,0.00,6.00,40.00,9.00,6.60,13.50,0.00,0.10,0.00,0.00,早中班,40.00,DG24909HC0102,5.10,0.00,0.00,79.00,72.00,0.00,0,0.50,0.00,0.00,0.00,0.00,,9.90,5.1,9.0,6.6,13.5,72.0,79.0,40.0,40.0
A2HT2408305-10,D9G07001091001,1110100200763,GYTS光缆(黑色),GYTS-24G.652D,HT-01,护套,正常生产,2024-09-03 14:01:07.997,182-205-225-231-241-245-247,0.00,,,6.00,80.00,9.00,6.60,14.00,,0.10,0.00,0.00,早中班,80.00,/,5.10,,0.00,62.50,73.80,0.00,0,0.50,,0.00,0.00,0.00,,10.00,5.1,9.0,6.6,14.0,73.8,62.5,80.0,80.0
A2HT24083050-10,D1G08002485008,1110100200698,GYTS光缆(黑色),GYTS-48G.652D,HT-02,护套,正常生产,2024-09-04 11:05:24.407,181-215-225-235-240-255-245,0.00,0.00,0.00,7.70,65.00,10.90,8.50,15.50,0.00,0.10,0.00,0.00,早中班,65.00,DG24904HB0002,6.80,0.00,0.00,60.00,75.00,0.00,0,0.50,0.00,0.00,0.00,0.00,,12.00,6.8,10.9,8.5,15.5,75.0,60.0,65.0,65.0
A2HT24083051-10,D1G08002484001,1110100200505,GYTS光缆(黑色),GYTS-24G.652D,HT-01,护套,正常生产,2024-09-05 10:26:40.497,182-205-225-231-241-245-247,0.00,,,6.30,40.00,9.80,7.50,14.00,,0.10,0.00,0.00,早中班,40.00,DG24905HA0101,5.30,,0.00,62.50,73.80,0.00,0,0.50,,0.00,0.00,0.00,,10.50,5.3,9.8,7.5,14.0,73.8,62.5,40.0,40.0
A2HT24083052-10,D1G08002483008,1110100260006,GYTS光缆(黑色),GYTS-24G.652D,HT-03,护套,正常生产,2024-09-04 19:39:24.097,182-206-227-244-246-245-246,0.00,0.00,0.00,6.00,80.00,9.00,6.60,13.50,0.00,0.10,0.00,0.00,早中班,80.00,DG24904HC0007,5.10,0.00,0.00,79.00,72.00,0.00,0,0.50,0.00,0.00,0.00,0.00,,9.90,5.1,9.0,6.6,13.5,72.0,79.0,80.0,80.0
A2HT24083053-10,D1G08002481011,1110100260003,GYTS光缆(黑色),GYTS-12G.652D,HT-10,护套,正常生产,2024-09-09 12:56:16.293,180- 201- 216- 221- 227- 230-237- 243-249,0.00,0.00,0.00,5.60,80.00,8.80,6.00,12.50,,0.10,,,早中班,100.00,DG24906HS0015,4.60,,,99.00,36.00,,/,0.50,0.00,,,,,10.40,4.6,8.8,6.0,12.5,36.0,99.0,100.0,80.0
A2HT24083054-10,D2G08002471003,1110300300009,GYDTZA光缆(黑色),GYDTZA-216G.652D,HT-12,护套,正常生产,2024-09-06 00:12:35.463,130-140-145-150-155-160-166-171,0.00,0.00,0.00,6.40,15.00,17.70,15.00,18.00,0.00,0.10,0.00,0.00,中夜班,15.00,DG24905HM0011,12.90,0.00,0.00,104.00,37.00,0.00,0,0.50,0.00,0.00,0.00,0.00,0,19.00,12.9,17.7,15.0,18.0,37.0,104.0,15.0,15.0
A2HT24083055-10,D2G08002472001,1110300300010,GYDTZA光缆(黑色),GYDTZA-288G.652D,HT-12,护套,正常生产,2024-09-05 09:59:21.000,130-140-145-150-155-160-166-171,0.00,0.00,0.00,6.40,15.00,17.70,15.00,18.00,0.00,0.10,0.00,0.00,中夜班,15.00,DG24904HM0014,12.90,0.00,0.00,104.00,37.00,0.00,0,0.50,0.00,0.00,0.00,0.00,0,19.00,12.9,17.7,15.0,18.0,37.0,104.0,15.0,15.0
A2HT24083056-10,D2G08002464001,1110300300010,GYDTZA光缆(黑色),GYDTZA-288G.652D,HT-12,护套,正常生产,2024-09-04 11:14:45.170,130-140-145-150-155-160-166-171,0.00,0.00,0.00,6.40,15.00,17.70,15.00,18.00,0.00,0.10,0.00,0.00,早中班,15.00,DG24904HM0001,12.90,0.00,0.00,104.00,37.00,0.00,0,0.50,0.00,0.00,0.00,0.00,0,19.00,12.9,17.7,15.0,18.0,37.0,104.0,15.0,15.0
A2HT24083057-10,D2G08002462002,1110300300009,GYDTZA光缆(黑色),GYDTZA-216G.652D,HT-12,护套,正常生产,2024-09-05 16:29:30.287,130-140-145-150-155-160-166-171,0.00,0.00,0.00,6.40,15.00,17.70,15.00,18.00,0.00,0.10,0.00,0.00,中夜班,15.00,DG24905HM0006,12.90,0.00,0.00,104.00,37.00,0.00,0,0.50,0.00,0.00,0.00,0.00,0,19.00,12.9,17.7,15.0,18.0,37.0,104.0,15.0,15.0
A2HT24083058-10,D2G08002461002,1110400160007,GYDXTW光缆(黑色),GYDXTW-216G.652D,HT-05,护套,正常生产,2024-09-04 10:27:15.843,180-205-225-235-245-250-251,0.00,,,12.90,35.00,8.40,13.20,17.60,,0.10,,,早中班,35.00,DG24904HE0003,10.80,,,87.00,,,0,0.50,,,0.00,0.00,,17.90,10.8,8.4,13.2,17.6,,87.0,35.0,35.0
A2HT24083059-10,D2G08002451003,1110400160007,GYDXTW光缆(黑色),GYDXTW-216G.652D,HT-05,护套,正常生产,2024-09-04 08:58:45.150,180-205-225-235-245-250-251,0.00,,,12.90,35.00,8.40,13.20,17.60,,0.10,,,早中班,35.00,DG24903HE0020,10.80,,,87.00,,,0,0.50,,,0.00,0.00,,17.90,10.8,8.4,13.2,17.6,,87.0,35.0,35.0
A2HT2408306-10,D9G07001092001,1110100200759,GYTS光缆(黑色),GYTS-4G.652D,HT-01,护套,正常生产,2024-09-03 15:10:11.230,182-205-225-231-241-245-247,0.00,,,6.00,80.00,8.40,6.60,14.00,,0.10,0.00,0.00,早中班,80.00,/,4.50,,0.00,62.50,73.80,0.00,0,0.50,,0.00,0.00,0.00,,10.00,4.5,8.4,6.6,14.0,73.8,62.5,80.0,80.0
A2HT24083060-10,D2G08002452001,1110300300009,GYDTZA光缆(黑色),GYDTZA-216G.652D,HT-12,护套,正常生产,2024-09-05 13:41:10.790,130-140-145-150-155-160-166-171,0.00,0.00,0.00,6.40,15.00,17.70,15.00,18.00,0.00,0.10,0.00,0.00,中夜班,15.00,DG24905HM0003,12.90,0.00,0.00,104.00,37.00,0.00,0,0.50,0.00,0.00,0.00,0.00,0,19.00,12.9,17.7,15.0,18.0,37.0,104.0,15.0,15.0
A2HT24083061-10,D2G08002454002,1110300300010,GYDTZA光缆(黑色),GYDTZA-288G.652D,HT-12,护套,正常生产,2024-09-05 03:38:33.123,130-140-145-150-155-160-166-171,0.00,0.00,0.00,6.40,15.00,17.70,15.00,18.00,0.00,0.10,0.00,0.00,中夜班,15.00,DG24904HM0013,12.90,0.00,0.00,104.00,37.00,0.00,0,0.50,0.00,0.00,0.00,0.00,0,19.00,12.9,17.7,15.0,18.0,37.0,104.0,15.0,15.0
A2HT24083062-10,D2G08002441005,1110400160003,GYDXTW光缆(黑色),GYDXTW-144G.652D,HT-05,护套,正常生产,2024-09-05 19:39:17.320,180-205-225-235-245-250-251,0.00,,,9.80,35.00,13.90,10.20,14.50,,0.10,,,早中班,40.00,DG24905HE0009,7.80,,,79.00,,,0,0.50,,,0.00,0.00,,14.90,7.8,13.9,10.2,14.5,,79.0,40.0,35.0
A2HT24083063-10,D2G08002421001,1110100100473,GYTA光缆(黑色),GYTA-6G.652D,HT-01,护套,正常生产,2024-09-06 01:17:57.540,182-205-225-231-241-245-247,0.00,,,6.30,40.00,9.90,7.50,14.00,,0.10,0.00,0.00,早中班,40.00,DG24905HA0111,5.30,,0.00,62.50,73.80,0.00,0,0.50,,0.00,0.00,0.00,,10.50,5.3,9.9,7.5,14.0,73.8,62.5,40.0,40.0
A2HT24083064-10,D2G08002423007,1110100100474,GYTA光缆(黑色),GYTA-12G.652D,HT-02,护套,正常生产,2024-09-05 22:53:31.350,181-215-225-235-240-255-245,0.00,0.00,0.00,6.60,40.00,9.90,7.50,14.00,0.00,0.10,0.00,0.00,早中班,40.00,DG24905HB0112,5.30,0.00,0.00,60.00,75.00,0.00,0,0.50,0.00,0.00,0.00,0.00,,11.00,5.3,9.9,7.5,14.0,75.0,60.0,40.0,40.0
A2HT24083065-10,D2G08002425002,1110100100533,GYTA光缆(黑色),GYTA-4G.652D,HT-03,护套,正常生产,2024-09-10 13:44:24.470,182-206-227-244-246-245-246,0.00,0.00,0.00,6.00,40.00,9.00,6.60,13.50,0.00,0.10,0.00,0.00,早中班,40.00,DG24910HC0102,5.10,0.00,0.00,79.00,72.00,0.00,0,0.50,0.00,0.00,0.00,0.00,,9.90,5.1,9.0,6.6,13.5,72.0,79.0,40.0,40.0
A2HT24083066-10,D2G08002426011,1110100100677,GYTA光缆(黑色),GYTA-4G.652D,HT-06,护套,正常生产,2024-09-05 02:16:34.913,190-210-220-230-245-250-253,0.00,0.00,0.00,5.60,100.00,9.30,6.00,12.50,0.00,0.10,0.00,0.00,早中班,100.00,DG24904HF0009,4.60,0.00,0.00,80.00,78.00,0.00,/,0.50,0.00,0.00,0.00,0.00,,10.50,4.6,9.3,6.0,12.5,78.0,80.0,100.0,100.0
A2HT24083067-10,D2G08002424056,1110100100680,GYTA光缆(黑色),GYTA-12G.652D,HT-04,护套,正常生产,2024-09-06 10:43:28.950,180-215-225-235-240-245-249,0.00,0.00,0.00,5.60,100.00,9.30,6.60,14.00,,0.10,,,中夜班,100.00,DG24904HD0026,4.60,,,46.00,66.00,0.00,0,0.50,0.00,,0.00,6.30,,10.30,4.6,9.3,6.6,14.0,66.0,46.0,100.0,100.0
A2HT24083068-10,D6G08002361001,1111202560001,GYMXTZY光缆(黑色),GYMXTZY-48G.652D,HT-04,护套,正常生产,2024-09-12 06:59:47.503,130-145-155-160-165-165-170,0.00,,,10.00,20.00,9.10,7.00,9.80,,0.10,,,中夜班,20.00,/,5.40,,,76.00,28.00,0.00,0,0.50,,,0.00,0.00,,10.10,5.4,9.1,7.0,9.8,28.0,76.0,20.0,20.0
A2HT24083069-10,D6G08002401001,1111201800004,GYMXTZW53光缆(黑色),GYMXTZW53-4G.652D,HT-04,护套,正常生产,2024-09-13 19:08:32.180,130-145-155-160-165-165-170,6.10,,,7.80,35.00,12.00,8.50,12.50,,0.20,,,早中班,35.00,/,2.50,,,65.50,54.70,0.00,0,0.50,,,8.50,0.00,,13.00,2.5,12.0,8.5,12.5,54.7,65.5,35.0,35.0
A2HT2408307-10,D6G08001921001,1110100700169,GYTZS光缆(黑色),GYTZS-24G.652D,HT-12,护套,正常生产,2024-09-03 21:57:58.580,130-140-145-150-155-160-166-171,0.00,0.00,0.00,6.40,30.00,9.50,7.00,10.00,0.00,0.10,0.00,0.00,早中班,35.00,/,5.35,0.00,0.00,104.00,37.00,0.00,0,0.50,0.00,0.00,0.00,0.00,0,11.00,5.35,9.5,7.0,10.0,37.0,104.0,35.0,30.0
A2HT24083070-10,A2HT24083070100001,2121201800011,GYMXTZW53内护1(黑色),HT1-4G.652D,HT-04,护套,正常生产,2024-09-12 18:54:36.557,130-145-155-160-165-165-170,6.10,,,4.00,35.00,0.00,2.80,6.50,,0.10,,,早中班,35.00,/,2.50,,,76.00,28.00,0.00,0,0.50,,,0.00,0.00,,7.00,2.5,0.0,2.8,6.5,28.0,76.0,35.0,35.0
A2HT24083071-10,D2G08002541001,1110400160001,GYDXTW光缆(黑色),GYDXTW-72G.652D,HT-05,护套,正常生产,2024-09-05 08:19:15.797,180-205-225-235-245-250-251,0.00,,,8.40,50.00,13.00,8.50,13.80,,0.10,,,早中班,50.00,DG24904HE0019,6.50,,,79.00,,,0,0.50,,,0.00,0.00,,10.30,6.5,13.0,8.5,13.8,,79.0,50.0,50.0
A2HT24083072-10,D2G08002531004,1110400160001,GYDXTW光缆(黑色),GYDXTW-72G.652D,HT-05,护套,正常生产,2024-09-05 02:55:00.033,180-205-225-235-245-250-251,0.00,,,8.40,50.00,13.00,8.50,13.80,,0.10,,,早中班,50.00,DG24904HE0018,6.50,,,79.00,,,0,0.50,,,0.00,0.00,,10.30,6.5,13.0,8.5,13.8,,79.0,50.0,50.0
A2HT24083073-10,D2G08002532001,1110400160002,GYDXTW光缆(黑色),GYDXTW-96G.652D,HT-05,护套,正常生产,2024-09-04 23:14:56.830,180-205-225-235-245-250-251,0.00,,,8.40,45.00,13.00,8.50,13.80,,0.10,,,早中班,50.00,DG24904HE0010,6.50,,,79.00,,,0,0.50,,,0.00,0.00,,10.30,6.5,13.0,8.5,13.8,,79.0,50.0,45.0
A2HT24083074-10,D1G08002551003,1110100200505,GYTS光缆(黑色),GYTS-24G.652D,HT-01,护套,正常生产,2024-09-05 08:42:18.760,182-205-225-231-241-245-247,0.00,,,6.30,40.00,9.80,7.50,14.00,,0.10,0.00,0.00,早中班,40.00,DG24904HA0116,5.30,,0.00,62.50,73.80,0.00,0,0.50,,0.00,0.00,0.00,,10.50,5.3,9.8,7.5,14.0,73.8,62.5,40.0,40.0
A2HT24083075-10,D1G08002553003,1110100200269,GYTS光缆(黑色),GYTS-48G.652D,HT-03,护套,正常生产,2024-09-09 16:27:32.610,182-206-227-244-246-245-246,0.00,0.00,0.00,6.00,40.00,9.00,6.60,13.50,0.00,0.10,0.00,0.00,早中班,40.00,DG24909HC0105,5.10,0.00,0.00,79.00,72.00,0.00,0,0.50,0.00,0.00,0.00,0.00,,9.90,5.1,9.0,6.6,13.5,72.0,79.0,40.0,40.0
A2HT24083076-10,D2G08002271001,1110100100678,GYTA光缆(黑色),GYTA-6G.652D,HT-13,护套,正常生产,2024-09-02 15:03:36.683,180,0.00,,,7.80,80.00,9.30,6.00,13.50,,0.10,,,中夜班,80.00,DG24902HN0008,4.50,,,86.00,66.00,,185  212  215  221  231  236  240  241,0.50,,,,,,12.00,4.5,9.3,6.0,13.5,66.0,86.0,80.0,80.0
A2HT2408309-10,D1G08002331004,1110100260010,GYTS光缆(黑色),GYTS-6G.652D,HT-03,护套,正常生产,2024-09-04 22:28:45.120,182-206-227-244-246-245-246,0.00,0.00,0.00,6.00,80.00,9.00,6.60,13.50,0.00,0.10,0.00,0.00,中夜班,80.00,DG24904HC0020,5.10,0.00,0.00,79.00,72.00,0.00,0,0.50,0.00,0.00,0.00,0.00,,9.90,5.1,9.0,6.6,13.5,72.0,79.0,80.0,80.0
A2HT2408311-10,D2G06000282008,1110400100031,GYDXTW光缆(黑色),GYDXTW-288G.652D,HT-05,护套,正常生产,2024-09-03 13:43:30.727,180-205-225-235-245-250-251,0.00,,,12.90,35.00,8.40,13.20,17.60,,0.10,,,早中班,35.00,DG24903HE0003,10.80,,,87.00,,,0,0.50,,,0.00,0.00,,17.90,10.8,8.4,13.2,17.6,,87.0,35.0,35.0
A2HT24090118-10,D9G08000801002,1110102060004,GYFTZY53光缆(黑色),GYFTZY53-8G.652D,HT-12,护套,正常生产,2024-09-01 22:36:38.710,130-140-145-150-155-160-166-171,0.00,0.00,0.00,6.20,30.00,9.05,7.00,9.20,0.00,0.10,0.00,0.00,早中班,35.00,/,5.15,0.00,0.00,104.00,37.00,0.00,0,0.50,0.00,0.00,0.00,0.00,0,10.50,5.15,9.05,7.0,9.2,37.0,104.0,35.0,30.0
A2HT24090120-10,D0G08002031038,1110300200089,GYDTS光缆(黑色),GYDTS-288G.652D,HT-01,护套,正常生产,2024-09-02 10:34:42.207,182-205-225-231-241-245-243,0.00,,,14.00,45.00,18.70,15.00,22.50,,0.20,0.00,0.00,中夜班,45.00,/,12.80,,0.00,62.50,73.80,0.00,0,0.50,,0.00,14.50,0.00,,19.50,12.8,18.7,15.0,22.5,73.8,62.5,45.0,45.0
A2HT2409021-10,D2G08002582004,1110400160003,GYDXTW光缆(黑色),GYDXTW-144G.652D,HT-05,护套,正常生产,2024-09-05 21:02:18.250,180-205-225-235-245-250-251,0.00,,,9.80,35.00,13.90,10.20,14.50,,0.10,,,早中班,40.00,DG24905HE0016,7.80,,,79.00,,,0,0.50,,,0.00,0.00,,14.90,7.8,13.9,10.2,14.5,,79.0,40.0,35.0
A2HT24090210-10,D1G08002502001,1110300200026,GYDTS光缆(黑色),GYDTS-288G.652D,HT-05,护套,正常生产,2024-09-11 16:00:27.560,180-205-225-235-245-250-251,0.00,,,13.80,40.00,17.20,14.50,21.00,,0.20,,,早中班,40.00,DG249010HE0008,12.60,,,89.00,,,0,0.50,,,0.00,0.00,,18.50,12.6,17.2,14.5,21.0,,89.0,40.0,40.0
A2HT24090211-10,D2G08002581001,1110300100052,GYDTA光缆(黑色),GYDTA-288G.652D,HT-05,护套,正常生产,2024-09-10 14:50:59.697,180-205-225-235-245-250-251,0.00,,,14.10,40.00,17.70,14.50,21.00,,0.20,,,早中班,40.00,DG24910HE0002,12.90,,,89.00,,,0,0.50,,,0.00,0.00,,18.50,12.9,17.7,14.5,21.0,,89.0,40.0,40.0
A2HT24090212-10,D1G08002554067,1110100200698,GYTS光缆(黑色),GYTS-48G.652D,HT-05,护套,正常生产,2024-09-10 15:45:43.043,180-205-225-235-245-250-251,0.00,0.00,0.00,7.80,65.00,10.90,9.00,16.00,0.00,0.10,0.00,0.00,早中班,65.00,DG24909HE0009,6.80,0.00,0.00,89.00,73.00,0.00,0,0.50,0.00,0.00,0.00,0.00,,12.00,6.8,10.9,9.0,16.0,73.0,89.0,65.0,65.0
A2HT24090213-10,D9G08001101001,1110107160006,GYFZY光缆(黑色),GYFZY-96G.652D,HT-D02,护套,正常生产,2024-09-13 07:32:53.973,160 - 160- 170 -170- 180-180-180,8.50,0.00,0.00,0.00,30.00,12.60,10.00,13.00,0.00,0.20,0.00,0.00,早中班,30.00,,6.70,0.00,0.00,89.00,30.00,0.00,160 - 160- 170 -170- 180-180-180,0.20,0.00,0.00,0.00,0.00,0,0.00,6.7,12.6,10.0,13.0,30.0,89.0,30.0,30.0
A2HT24090214-10,A2HT24090214100001,2100900400201,PE涂覆GFRP加强件(黑色),PE-GFRP,HT-09,护套,正常生产,2024-09-04 14:15:44.963,182-206-227-244-246-245-245,0.00,0.00,0.00,3.00,45.00,39.00,2.70,4.00,0.00,0.20,0.00,0.00,中夜班,45.00,/,2.50,0.00,0.00,46.00,22.00,0.00,0,0.50,0.00,0.00,0.00,0.00,0,4.50,2.5,39.0,2.7,4.0,22.0,46.0,45.0,45.0
A2HT24090215-10,D9G08001261003,1110101760025,GYFTZY光缆(缆芯(G01A12、G02A12、G03A12、G04A12)),GYFTZY-48G.652D,HT-D02,护套,正常生产,2024-09-10 00:18:55.500,160 - 170- 170 -170- 170-170-180,0.00,0.00,0.00,0.00,30.00,10.70,10.00,13.00,0.00,0.20,0.00,0.00,中夜班,30.00,,6.70,0.00,0.00,89.00,38.00,0.00,160 - 170 -170 -170- 170-170-180,0.20,0.00,0.00,0.00,0.00,0,0.00,6.7,10.7,10.0,13.0,38.0,89.0,30.0,30.0
A2HT24090216-10,D9G08001271001,1110107160007,GYFZY光缆(黑色),GYFZY-48G.652D,HT-D02,护套,正常生产,2024-09-10 02:01:22.903,160 - 170- 170 -170- 170-170-180,0.00,0.00,0.00,0.00,30.00,13.00,10.00,13.00,0.00,0.20,0.00,0.00,中夜班,30.00,,6.70,0.00,0.00,89.00,38.00,0.00,160 - 170 -170 -170- 170-170-180,0.20,0.00,0.00,0.00,0.00,0,0.00,6.7,13.0,10.0,13.0,38.0,89.0,30.0,30.0
A2HT24090217-10,D9G08001291001,1110107160007,GYFZY光缆(黑色),GYFZY-48G.652D,HT-D02,护套,正常生产,2024-09-10 01:59:12.027,160 - 170- 170 -170- 170-170-180,0.00,0.00,0.00,0.00,30.00,13.00,10.00,13.00,0.00,0.20,0.00,0.00,中夜班,30.00,,6.70,0.00,0.00,89.00,38.00,0.00,160 - 170 -170 -170- 170-170-180,0.20,0.00,0.00,0.00,0.00,0,0.00,6.7,13.0,10.0,13.0,38.0,89.0,30.0,30.0
A2HT24090218-10,D9G08001301001,1110107160007,GYFZY光缆(黑色),GYFZY-48G.652D,HT-D02,护套,正常生产,2024-09-10 01:54:42.917,160 - 170- 170 -170- 170-170-180,0.00,0.00,0.00,0.00,30.00,13.00,10.00,13.00,0.00,0.20,0.00,0.00,中夜班,30.00,,6.70,0.00,0.00,89.00,38.00,0.00,160 - 170 -170 -170- 170-170-180,0.20,0.00,0.00,0.00,0.00,0,0.00,6.7,13.0,10.0,13.0,38.0,89.0,30.0,30.0
A2HT24090219-10,D9G08001311001,1110107160007,GYFZY光缆(黑色),GYFZY-48G.652D,HT-D02,护套,正常生产,2024-09-10 01:56:03.080,160 - 170- 170 -170- 170-170-180,0.00,0.00,0.00,0.00,30.00,13.00,10.00,13.00,0.00,0.20,0.00,0.00,中夜班,30.00,,6.70,0.00,0.00,89.00,38.00,0.00,160 - 170 -170 -170- 170-170-180,0.20,0.00,0.00,0.00,0.00,0,0.00,6.7,13.0,10.0,13.0,38.0,89.0,30.0,30.0
A2HT24090220-10,D9G08001321001,1110107160007,GYFZY光缆(黑色),GYFZY-48G.652D,HT-D02,护套,正常生产,2024-09-10 01:57:17.030,160 - 170- 170 -170- 170-170-180,0.00,0.00,0.00,0.00,30.00,13.00,10.00,13.00,0.00,0.20,0.00,0.00,中夜班,30.00,,6.70,0.00,0.00,89.00,38.00,0.00,160 - 170 -170 -170- 170-170-180,0.20,0.00,0.00,0.00,0.00,0,0.00,6.7,13.0,10.0,13.0,38.0,89.0,30.0,30.0
A2HT24090221-10,D0G08002031041,1110300200089,GYDTS光缆(黑色),GYDTS-288G.652D,HT-04,护套,正常生产,2024-09-03 16:33:07.450,180-215-225-235-240-245-249,0.00,,,14.00,35.00,18.70,14.50,21.50,,0.20,,,早中班,35.00,/,12.80,,,53.00,77.00,0.00,0,0.50,,,14.60,0.00,,19.70,12.8,18.7,14.5,21.5,77.0,53.0,35.0,35.0
A2HT24090225-10,D2G08002521009,1110400160003,GYDXTW光缆(黑色),GYDXTW-144G.652D,HT-05,护套,正常生产,2024-09-06 09:12:40.897,180-205-225-235-245-250-251,0.00,,,9.80,40.00,13.90,10.20,14.50,,0.10,,,早中班,40.00,DG24905HE0026,7.80,,,79.00,,,0,0.50,,,0.00,0.00,,14.90,7.8,13.9,10.2,14.5,,79.0,40.0,40.0
A2HT24090226-10,D2G08002525002,1110400160001,GYDXTW光缆(黑色),GYDXTW-72G.652D,HT-05,护套,正常生产,2024-09-05 09:55:17.047,180-205-225-235-245-250-251,0.00,,,8.40,50.00,13.00,8.50,13.80,,0.10,,,早中班,50.00,DG24905HE0003,6.50,,,79.00,,,0,0.50,,,0.00,0.00,,10.30,6.5,13.0,8.5,13.8,,79.0,50.0,50.0
A2HT24090227-10,D2G08002522001,1110100100678,GYTA光缆(黑色),GYTA-6G.652D,HT-06,护套,正常生产,2024-09-05 03:55:24.093,190-210-220-230-245-250-253,0.00,0.00,0.00,5.60,80.00,9.30,6.00,12.50,,0.10,,,早中班,80.00,DG24904HF0022,4.60,,,80.00,78.00,,/,0.50,0.00,,,0.00,,10.50,4.6,9.3,6.0,12.5,78.0,80.0,80.0,80.0
A2HT24090228-10,D2G08002524003,1110100100680,GYTA光缆(黑色),GYTA-12G.652D,HT-06,护套,正常生产,2024-09-05 06:30:30.183,190-210-220-230-245-250-253,0.00,0.00,0.00,5.60,80.00,9.30,6.00,12.50,,0.10,,,早中班,80.00,DG24904HF0026,4.60,,,80.00,78.00,,/,0.50,0.00,,,0.00,,10.50,4.6,9.3,6.0,12.5,78.0,80.0,80.0,80.0
A2HT24090229-10,D2G08002523007,1110100100472,GYTA光缆(黑色),GYTA-24G.652D,HT-01,护套,正常生产,2024-09-05 19:09:41.813,182-205-225-231-241-245-247,0.00,,,6.30,40.00,9.90,7.50,14.00,,0.10,0.00,0.00,早中班,40.00,DG24905HA0109,5.30,,0.00,62.50,73.80,0.00,0,0.50,,0.00,0.00,0.00,,10.50,5.3,9.9,7.5,14.0,73.8,62.5,40.0,40.0
A2HT2409023-10,D1G080022046,1110100200698,GYTS光缆(黑色),GYTS-48G.652D,HT-02,护套,正常生产,2024-09-03 08:04:05.900,180-215-230-235-240-255-245,0.00,0.00,0.00,7.70,65.00,10.90,8.50,15.50,0.00,0.10,0.00,0.00,早中班,65.00,DG24902HB0027,6.80,0.00,0.00,60.00,75.00,0.00,0,0.50,0.00,0.00,0.00,0.00,,12.00,6.8,10.9,8.5,15.5,75.0,60.0,65.0,65.0
A2HT24090230-10,D0G08000571002,1110101760021,GYFTZY光缆(黑色),GYFTZY-72G.652D,HT-D02,护套,正常生产,2024-09-09 16:26:00.513,160 - 170- 170 -170- 170-170-180,0.00,0.00,0.00,0.00,25.00,10.70,10.00,13.00,0.00,0.20,0.00,0.00,中夜班,25.00,,6.70,0.00,0.00,89.00,38.00,0.00,160 - 170 -170 -170- 170-170-180,0.20,0.00,0.00,0.00,0.00,0,0.00,6.7,10.7,10.0,13.0,38.0,89.0,25.0,25.0
A2HT2409024-10,D2G08002422038,1110100100678,GYTA光缆(黑色),GYTA-6G.652D,HT-03,护套,正常生产,2024-09-03 09:04:51.913,182-206-227-244-246-245-246,0.00,0.00,0.00,6.00,100.00,9.00,6.60,13.50,0.00,0.10,0.00,0.00,中夜班,100.00,DG24903HC0001,5.10,0.00,0.00,79.00,72.00,0.00,0,0.50,0.00,0.00,0.00,0.00,,9.90,5.1,9.0,6.6,13.5,72.0,79.0,100.0,100.0
A2HT2409025-10,D2G08001861039,1110100400090,GYTA53光缆(黑色),GYTA53-24G.652D,HT-02,护套,正常生产,2024-09-03 05:06:31.953,180-215-230-235-240-255-245,8.40,0.00,0.00,9.80,55.00,13.00,10.50,17.00,0.00,0.10,0.00,0.00,中夜班,55.00,DG24902HB0026,5.60,0.00,0.00,60.00,82.00,0.00,0,0.50,0.00,0.00,0.00,0.00,,14.00,5.6,13.0,10.5,17.0,82.0,60.0,55.0,55.0
A2HT2409026-10,A2HT2409026100001,2120100400112,GYTA53内护1(黑色),HT1-24G.652D,HT-05,护套,正常生产,2024-09-03 02:11:51.443,180-205-225-235-245-250-251,0.00,,,5.50,45.00,8.40,6.60,13.50,,0.10,,,早中班,45.00,/,4.50,,,56.00,,,0,0.50,,,6.30,0.00,,9.20,4.5,8.4,6.6,13.5,,56.0,45.0,45.0
A2HT2409027-10,D1G08002552019,1110100260006,GYTS光缆(黑色),GYTS-24G.652D,HT-10,护套,正常生产,2024-09-10 21:33:26.733,180- 201- 216- 221- 227- 230-237- 243-249,0.00,0.00,0.00,5.60,80.00,9.00,6.60,13.50,0.00,0.10,0.00,0.00,早中班,100.00,DG24909HS0009,5.10,0.00,0.00,99.00,36.00,0.00,/,0.50,0.00,0.00,0.00,0.00,,10.00,5.1,9.0,6.6,13.5,36.0,99.0,100.0,80.0
A2HT2409028-10,D2G08002453002,1110300100052,GYDTA光缆(黑色),GYDTA-288G.652D,HT-05,护套,正常生产,2024-09-10 01:29:37.507,180-205-225-235-245-250-251,0.00,,,14.10,40.00,17.70,14.50,21.00,,0.20,,,中夜班,40.00,DG24909HE0014,12.90,,,89.00,,,0,0.50,,,0.00,0.00,,18.50,12.9,17.7,14.5,21.0,,89.0,40.0,40.0
A2HT2409029-10,D2G08002463001,1110300100052,GYDTA光缆(黑色),GYDTA-288G.652D,HT-05,护套,正常生产,2024-09-10 09:18:57.003,180-205-225-235-245-250-251,0.00,,,14.10,40.00,17.70,14.50,21.00,,0.20,,,早中班,40.00,DG24909HE0017,12.90,,,89.00,,,0,0.50,,,0.00,0.00,,18.50,12.9,17.7,14.5,21.0,,89.0,40.0,40.0
A2HT24090310-10,D4G080011008,1110100260030,GYTS光缆(黑色),GYTS-36G.652D+2HCF+2G654E,HT-02,护套,正常生产,2024-09-06 10:33:04.023,181-215-225-235-240-255-245,0.00,0.00,0.00,8.60,40.00,12.20,9.00,15.50,0.00,0.10,0.00,0.00,早中班,40.00,/,7.60,0.00,0.00,60.00,73.00,0.00,0,0.50,0.00,0.00,0.00,0.00,,13.00,7.6,12.2,9.0,15.5,73.0,60.0,40.0,40.0
A2HT24090311-10,D2G08002601001,1110300360001,GYDTZA光缆(黑色),GYDTZA-72G.652D,HT-12,护套,正常生产,2024-09-06 21:35:14.580,130-140-145-150-155-160-166-171,0.00,0.00,0.00,10.80,25.00,14.60,11.50,15.00,0.00,0.10,0.00,0.00,中夜班,25.00,DG24906HM0007,9.80,0.00,0.00,104.00,37.00,0.00,0,0.50,0.00,0.00,0.00,0.00,0,16.00,9.8,14.6,11.5,15.0,37.0,104.0,25.0,25.0
A2HT24090312-10,D2G08002611001,1110300100052,GYDTA光缆(黑色),GYDTA-288G.652D,HT-05,护套,正常生产,2024-09-09 22:09:52.900,180-205-225-235-245-250-251,0.00,,,14.10,40.00,17.70,14.50,21.00,,0.20,,,中夜班,40.00,DG24909HE0012,12.90,,,89.00,,,0,0.50,,,0.00,0.00,,18.50,12.9,17.7,14.5,21.0,,89.0,40.0,40.0
A2HT24090313-10,D1G08002501006D,1110300200029,GYDTS光缆(黑色),GYDTS-144G.652D,HT-03,护套,正常生产,2024-09-13 22:31:12.233,182-206-227-244-246-245-246,0.00,0.00,0.00,6.70,45.00,9.00,6.60,12.00,0.00,0.10,0.00,0.00,早中班,45.00,DG24913HC0008,5.20,0.00,0.00,79.00,72.00,0.00,0,0.50,0.00,0.00,0.00,0.00,,9.50,5.2,9.0,6.6,12.0,72.0,79.0,45.0,45.0
A2HT24090314-10,D1G08002491002,1110300200026,GYDTS光缆(黑色),GYDTS-288G.652D,HT-05,护套,正常生产,2024-09-12 00:04:27.263,180-205-225-235-245-250-251,0.00,,,13.80,40.00,17.20,14.50,21.00,,0.20,,,早中班,40.00,DG24911HE0004,12.60,,,89.00,,,0,0.50,,,0.00,0.00,,18.50,12.6,17.2,14.5,21.0,,89.0,40.0,40.0
A2HT24090315-10,D6G823011001,1110101460002,GYFTA光缆(黑色护套-白色色条),GYFTA-96G.652D,HT-06,护套,正常生产,2024-09-11 02:07:33.160,190-210-220-230-245-250-253,0.00,0.00,0.00,6.40,35.00,7.90,7.50,12.50,,0.10,,,中夜班,35.00,/,5.40,,,80.00,78.00,,/,0.50,0.00,,,0.00,,8.50,5.4,7.9,7.5,12.5,78.0,80.0,35.0,35.0
A2HT24090316-10,A2HT24090316100001,2100900400179,PE涂覆GFRP加强件(黑色),PE-GFRP,HT-09,护套,正常生产,2024-09-04 10:40:20.790,182-206-227-244-246-245-245,0.00,0.00,0.00,3.00,45.00,3.80,2.70,3.70,0.00,0.20,0.00,0.00,中夜班,45.00,/,2.50,0.00,0.00,46.00,22.00,0.00,0,0.50,0.00,0.00,0.00,0.00,0,4.50,2.5,3.8,2.7,3.7,22.0,46.0,45.0,45.0
A2HT24090317-10,D6G823012001,1110700160001,GYFTC8A光缆(黑色护套-白色色条),GYFTC8A-96G.652D,HT-06,护套,正常生产,2024-09-11 14:12:39.227,190-210-220-230-245-250-253,0.00,0.00,0.00,10.00,30.00,13.90,11.00,15.80,,0.20,,,中夜班,30.00,/,8.70,,,80.00,78.00,,/,0.50,0.00,,,0.00,,8.50,8.7,13.9,11.0,15.8,78.0,80.0,30.0,30.0
A2HT24090318-10,A2HT24090318100001,2100900400180,PE涂覆GFRP加强件(黑色),PE-GFRP,HT-09,护套,正常生产,2024-09-04 12:30:48.193,182-206-227-244-246-245-245,0.00,0.00,0.00,3.00,45.00,39.00,2.70,4.00,0.00,0.20,0.00,0.00,中夜班,45.00,/,2.50,0.00,0.00,46.00,22.00,0.00,0,0.50,0.00,0.00,0.00,0.00,0,4.50,2.5,39.0,2.7,4.0,22.0,46.0,45.0,45.0
A2HT24090319-10,D6G08001001003,1110500500012,GYFDGY光缆(橙色),GYFDGY-48G.652D,HT-01,护套,正常生产,2024-09-18 22:34:02.877,182-205-225-231-241-245-247,13.80,,,16.00,30.00,17.00,15.50,21.50,,0.20,0.00,0.00,早中班,30.00,/,8.40,,0.00,62.50,40.00,0.00,0,0.50,,0.00,0.00,0.00,,18.00,8.4,17.0,15.5,21.5,40.0,62.5,30.0,30.0
A2HT24090320-10,A2HT24090320100002,2120500500012,GYFDGY(4芯带)内护2(黑色),HT2-48G.652D,HT-01,护套,正常生产,2024-09-15 19:39:30.790,182-205-225-231-241-245-247,0.00,,,5.20,25.00,11.80,10.00,16.50,,0.10,0.00,0.00,中夜班,25.00,/,8.40,,0.00,62.50,40.00,0.00,0,0.50,,0.00,0.00,0.00,,12.50,8.4,11.8,10.0,16.5,40.0,62.5,25.0,25.0
A2HT24090321-10,A2HT24090321100001,2120500500014,GYFDGY(4芯带)内护1(橙色),HT2-48G.652D,HT-01,护套,正常生产,2024-09-14 13:09:08.940,182-205-225-231-241-245-247,0.00,,,5.20,35.00,11.80,10.00,16.50,,0.10,0.00,0.00,早中班,35.00,/,8.40,,0.00,62.50,40.00,0.00,0,0.50,,0.00,0.00,0.00,,12.50,8.4,11.8,10.0,16.5,40.0,62.5,35.0,35.0
A2HT24090322-10,D6G08001002004,1110500500011,GYFDGY光缆(紫色),GYFDGY-48G.652D,HT-01,护套,正常生产,2024-09-19 10:36:57.110,182-205-225-231-241-245-247,13.80,,,16.00,30.00,17.00,15.50,21.50,,0.20,0.00,0.00,早中班,30.00,/,8.40,,0.00,62.50,40.00,0.00,0,0.50,,0.00,0.00,0.00,,18.00,8.4,17.0,15.5,21.5,40.0,62.5,30.0,30.0
A2HT24090323-10,A2HT24090323100001,2120500500012,GYFDGY(4芯带)内护2(黑色),HT2-48G.652D,HT-01,护套,正常生产,2024-09-16 04:33:12.080,182-205-225-231-241-245-247,0.00,,,5.20,25.00,11.80,10.00,16.50,,0.10,0.00,0.00,中夜班,25.00,/,8.40,,0.00,62.50,40.00,0.00,0,0.50,,0.00,0.00,0.00,,12.50,8.4,11.8,10.0,16.5,40.0,62.5,25.0,25.0
A2HT24090324-10,A2HT24090324100001,2120500500014,GYFDGY(4芯带)内护1(橙色),HT2-48G.652D,HT-01,护套,正常生产,2024-09-14 20:19:52.147,182-205-225-231-241-245-247,0.00,,,5.20,35.00,11.80,10.00,16.50,,0.10,0.00,0.00,早中班,35.00,/,8.40,,0.00,62.50,40.00,0.00,0,0.50,,0.00,0.00,0.00,,12.50,8.4,11.8,10.0,16.5,40.0,62.5,35.0,35.0
A2HT24090325-10,D6G08001011001,1110500500012,GYFDGY光缆(橙色),GYFDGY-48G.652D,HT-01,护套,正常生产,2024-09-18 17:27:44.487,182-205-225-231-241-245-247,13.80,,,16.00,30.00,17.00,15.50,21.50,,0.20,0.00,0.00,早中班,30.00,/,8.40,,0.00,62.50,40.00,0.00,0,0.50,,0.00,0.00,0.00,,18.00,8.4,17.0,15.5,21.5,40.0,62.5,30.0,30.0
A2HT24090326-10,A2HT24090326100001,2120500500012,GYFDGY(4芯带)内护2(黑色),HT2-48G.652D,HT-01,护套,正常生产,2024-09-15 21:07:20.827,182-205-225-231-241-245-247,0.00,,,5.20,25.00,11.80,10.00,16.50,,0.10,0.00,0.00,中夜班,25.00,/,8.40,,0.00,62.50,40.00,0.00,0,0.50,,0.00,0.00,0.00,,12.50,8.4,11.8,10.0,16.5,40.0,62.5,25.0,25.0
A2HT24090327-10,A2HT24090327100001,2120500500014,GYFDGY(4芯带)内护1(橙色),HT2-48G.652D,HT-01,护套,正常生产,2024-09-14 13:05:48.867,182-205-225-231-241-245-247,0.00,,,5.20,35.00,11.80,10.00,16.50,,0.10,0.00,0.00,早中班,35.00,/,8.40,,0.00,62.50,40.00,0.00,0,0.50,,0.00,0.00,0.00,,12.50,8.4,11.8,10.0,16.5,40.0,62.5,35.0,35.0
A2HT24090328-10,D6G08001012002,1110500500011,GYFDGY光缆(紫色),GYFDGY-48G.652D,HT-01,护套,正常生产,2024-09-19 09:33:09.960,182-205-225-231-241-245-247,13.80,,,16.00,30.00,17.00,15.50,21.50,,0.20,0.00,0.00,早中班,30.00,/,8.40,,0.00,62.50,40.00,0.00,0,0.50,,0.00,0.00,0.00,,18.00,8.4,17.0,15.5,21.5,40.0,62.5,30.0,30.0
A2HT24090329-10,A2HT24090329100001,2120500500012,GYFDGY(4芯带)内护2(黑色),HT2-48G.652D,HT-01,护套,正常生产,2024-09-16 03:27:16.457,182-205-225-231-241-245-247,0.00,,,5.20,25.00,11.80,10.00,16.50,,0.10,0.00,0.00,中夜班,25.00,/,8.40,,0.00,62.50,40.00,0.00,0,0.50,,0.00,0.00,0.00,,12.50,8.4,11.8,10.0,16.5,40.0,62.5,25.0,25.0
A2HT24090330-10,A2HT24090330100001,2120500500014,GYFDGY(4芯带)内护1(橙色),HT2-48G.652D,HT-01,护套,正常生产,2024-09-14 18:52:23.443,182-205-225-231-241-245-247,0.00,,,5.20,35.00,11.80,10.00,16.50,,0.10,0.00,0.00,早中班,35.00,/,8.40,,0.00,62.50,40.00,0.00,0,0.50,,0.00,0.00,0.00,,12.50,8.4,11.8,10.0,16.5,40.0,62.5,35.0,35.0
A2HT24090331-10,D6G08001031001,1110501400005,GYFDGZY光缆(黑色),GYFDGZY-48G.652D,HT-12,护套,正常生产,2024-10-08 04:46:48.010,130-140-145-150-155-160-160-166,12.10,0.00,0.00,14.00,20.00,16.10,14.00,16.00,0.00,0.20,0.00,0.00,中夜班,20.00,/,9.10,0.00,0.00,108.00,24.00,0.00,0,0.50,0.00,0.00,0.00,0.00,0,17.00,9.1,16.1,14.0,16.0,24.0,108.0,20.0,20.0
A2HT24090332-10,A2HT24090332100001,2120501400001,GYFDGZY内护1(黑色),HT1-48G.652D,HT-12,护套,正常生产,2024-10-08 01:39:10.283,130-140-145-150-155-160-160-166,12.10,0.00,0.00,11.00,25.00,16.10,10.50,12.50,0.00,0.20,0.00,0.00,中夜班,25.00,/,9.10,0.00,0.00,104.00,23.00,0.00,0,0.50,0.00,0.00,0.00,0.00,0,13.00,9.1,16.1,10.5,12.5,23.0,104.0,25.0,25.0
A2HT24090333-10,D9G07001571001,1110500500012,GYFDGY光缆(橙色),GYFDGY-48G.652D,HT-01,护套,正常生产,2024-09-19 00:15:30.277,182-205-225-231-241-245-247,13.80,,,16.00,30.00,17.00,15.50,21.50,,0.20,0.00,0.00,早中班,30.00,/,8.40,,0.00,62.50,40.00,0.00,0,0.50,,0.00,0.00,0.00,,18.00,8.4,17.0,15.5,21.5,40.0,62.5,30.0,30.0
A2HT24090334-10,A2HT24090334100001,2120500500012,GYFDGY(4芯带)内护2(黑色),HT2-48G.652D,HT-01,护套,正常生产,2024-09-15 12:30:54.197,182-205-225-231-241-245-247,0.00,,,5.20,25.00,11.80,10.00,16.50,,0.10,0.00,0.00,中夜班,25.00,,8.40,,0.00,62.50,40.00,0.00,0,0.50,,0.00,0.00,0.00,,12.50,8.4,11.8,10.0,16.5,40.0,62.5,25.0,25.0
A2HT24090335-10,A2HT24090335100001,2120500500014,GYFDGY(4芯带)内护1(橙色),HT2-48G.652D,HT-01,护套,正常生产,2024-09-14 22:15:01.360,182-205-225-231-241-245-247,0.00,,,5.20,35.00,11.80,10.00,16.50,,0.10,0.00,0.00,中夜班,35.00,/,8.40,,0.00,62.50,40.00,0.00,0,0.50,,0.00,0.00,0.00,,12.50,8.4,11.8,10.0,16.5,40.0,62.5,35.0,35.0
A2HT24090336-10,D9G07001572001,1110500500011,GYFDGY光缆(紫色),GYFDGY-48G.652D,HT-01,护套,正常生产,2024-09-19 02:59:48.677,182-205-225-231-241-245-247,13.80,,,16.00,30.00,17.00,15.50,21.50,,0.20,0.00,0.00,早中班,30.00,/,8.40,,0.00,62.50,40.00,0.00,0,0.50,,0.00,0.00,0.00,,18.00,8.4,17.0,15.5,21.5,40.0,62.5,30.0,30.0
A2HT24090337-10,A2HT24090337100001,2120500500012,GYFDGY(4芯带)内护2(黑色),HT2-48G.652D,HT-01,护套,正常生产,2024-09-15 12:32:32.570,182-205-225-231-241-245-247,0.00,,,5.20,25.00,11.80,10.00,16.50,,0.10,0.00,0.00,中夜班,25.00,/,8.40,,0.00,62.50,40.00,0.00,0,0.50,,0.00,0.00,0.00,,12.50,8.4,11.8,10.0,16.5,40.0,62.5,25.0,25.0
A2HT24090338-10,A2HT24090338100001,2120500500014,GYFDGY(4芯带)内护1(橙色),HT2-48G.652D,HT-01,护套,正常生产,2024-09-14 22:13:31.710,182-205-225-231-241-245-247,0.00,,,5.20,35.00,11.80,10.00,16.50,,0.10,0.00,0.00,中夜班,35.00,/,8.40,,0.00,62.50,40.00,0.00,0,0.50,,0.00,0.00,0.00,,12.50,8.4,11.8,10.0,16.5,40.0,62.5,35.0,35.0
A2HT24090339-10,D2G08002422051,1110100100678,GYTA光缆(黑色),GYTA-6G.652D,HT-06,护套,正常生产,2024-09-05 04:48:56.800,190-210-220-230-245-250-253,0.00,0.00,0.00,5.60,80.00,9.30,6.00,12.50,,0.10,,,早中班,80.00,DG24904HF0023,4.60,,,80.00,78.00,,/,0.50,0.00,,,0.00,,10.50,4.6,9.3,6.0,12.5,78.0,80.0,80.0,80.0
A2HT24090346-10,D9G09000031001,1110300200090,GYDTS光缆(黑色),GYDTS-144G.652D,HT-05,护套,正常生产,2024-09-06 23:09:17.620,180-205-225-235-245-250-251,0.00,,,6.00,45.00,17.60,13.50,21.00,,0.20,,,早中班,45.00,/,11.80,,,89.00,,,0,0.50,,,0.00,0.00,,10.00,11.8,17.6,13.5,21.0,,89.0,45.0,45.0
A2HT24090347-10,D9G09000032001,1110300200090,GYDTS光缆(黑色),GYDTS-144G.652D,HT-05,护套,正常生产,2024-09-06 22:52:14.993,180-205-225-235-245-250-251,0.00,,,6.00,45.00,17.60,13.50,21.00,,0.20,,,早中班,45.00,/,11.80,,,89.00,,,0,0.50,,,0.00,0.00,,10.00,11.8,17.6,13.5,21.0,,89.0,45.0,45.0
A2HT24090410-10,D2G09000123014,1110100400090,GYTA53光缆(黑色),GYTA53-24G.652D,HT-02,护套,正常生产,2024-09-13 04:25:31.693,181-215-225-235-240-255-245,8.40,0.00,0.00,9.70,55.00,13.00,10.50,17.00,0.00,0.10,0.00,0.00,中夜班,55.00,DG24912HB0014,5.60,0.00,0.00,60.00,73.00,0.00,0,0.50,0.00,0.00,0.00,0.00,,14.00,5.6,13.0,10.5,17.0,73.0,60.0,55.0,55.0
A2HT24090411-10,A2HT24090411100001,2120100400112,GYTA53内护1(黑色),HT1-24G.652D,HT-03,护套,正常生产,2024-09-12 15:47:49.067,182-206-227-244-246-245-246,11.50,0.00,0.00,8.70,65.00,0.00,9.00,15.00,0.00,0.10,0.00,0.00,中夜班,65.00,/,7.50,0.00,0.00,79.00,72.00,0.00,0,0.50,0.00,0.00,0.00,0.00,,14.50,7.5,0.0,9.0,15.0,72.0,79.0,65.0,65.0
A2HT24090412-10,D1G08002501012,1110300200029,GYDTS光缆(黑色),GYDTS-144G.652D,HT-03,护套,正常生产,2024-09-14 07:18:51.603,182-206-227-244-246-245-246,0.00,0.00,0.00,13.20,40.00,16.40,6.60,12.00,0.00,0.10,0.00,0.00,中夜班,40.00,DG24913HC0013,11.80,0.00,0.00,79.00,72.00,0.00,0,0.50,0.00,0.00,0.00,0.00,,9.50,11.8,16.4,6.6,12.0,72.0,79.0,40.0,40.0
A2HT24090413-10,D6G08001991018,1110102700004,GYTY光缆(黑色护套-黄色色条),GYTY-24G.652D,HT-06,护套,正常生产,2024-09-14 08:39:21.843,190-210-220-230-245-250-253,0.00,0.00,0.00,7.00,40.00,8.10,7.00,13.50,,0.10,,,中夜班,40.00,/,5.05,,,80.00,78.00,,/,0.50,0.00,,,0.00,,9.50,5.05,8.1,7.0,13.5,78.0,80.0,40.0,40.0
A2HT24090414-10,D6G08001992006,1110102700002,GYTY光缆(黑色护套-黄色色条),GYTY-48G.652D,HT-01,护套,正常生产,2024-09-13 17:18:17.727,182-205-225-231-241-245-247,0.00,,,5.20,25.00,7.80,6.00,12.50,,0.10,0.00,0.00,中夜班,25.00,/,4.20,,0.00,62.50,40.00,0.00,0,0.50,,0.00,0.00,0.00,,8.80,4.2,7.8,6.0,12.5,40.0,62.5,25.0,25.0
A2HT24090415-10,D6G08002391001,1110200960005,GYFXTZS光缆(黑色),GYFXTZS-12G.651-50/125-OM3,HT-12,护套,正常生产,2024-09-12 17:14:20.933,130-140-145-150-155-160-166-171,0.00,0.00,0.00,4.50,25.00,8.20,5.00,8.50,0.00,0.10,0.00,0.00,早中班,25.00,/,2.60,0.00,0.00,104.00,37.00,0.00,0,0.50,0.00,0.00,0.00,0.00,0,9.50,2.6,8.2,5.0,8.5,37.0,104.0,25.0,25.0
A2HT24090416-10,D6G08002411006,1110110200002,GYTA58光缆(黑色),GYTA58-12G.652D,HT-12,护套,正常生产,2024-09-13 02:07:53.280,130-140-145-150-155-160-166-171,8.00,0.00,0.00,9.40,25.00,12.80,10.00,13.20,0.00,0.20,0.00,0.00,早中班,25.00,/,5.40,0.00,0.00,104.00,37.00,0.00,0,0.50,0.00,0.00,0.00,0.00,0,13.50,5.4,12.8,10.0,13.2,37.0,104.0,25.0,25.0
A2HT24090417-10,A2HT24090417100001,2120109000002,GYTA58内护1(黑色),HT1-12G.652D,HT-03,护套,正常生产,2024-09-12 05:33:08.503,182-206-227-244-246-245-246,11.50,0.00,0.00,8.70,65.00,0.00,9.00,15.00,0.00,0.10,0.00,0.00,中夜班,65.00,/,7.50,0.00,0.00,79.00,72.00,0.00,0,0.50,0.00,0.00,0.00,0.00,,14.50,7.5,0.0,9.0,15.0,72.0,79.0,65.0,65.0
A2HT24090418-10,D2G09000052003,1110101100025,GYTS04光缆(黑色),GYTS04-48G.652D,HT-01,护套,正常生产,2024-09-14 01:39:19.340,182-205-225-231-241-245-247,0.00,,,5.20,25.00,7.80,6.00,12.50,,0.10,0.00,0.00,中夜班,25.00,DG24913HA0003,4.20,,0.00,62.50,40.00,0.00,0,0.50,,0.00,0.00,0.00,,8.80,4.2,7.8,6.0,12.5,40.0,62.5,25.0,25.0
A2HT24090419-10,A2HT24090419100001,2120101100027,GYTS04内护1(黑色),HT1-48G.652D,HT-03,护套,正常生产,2024-09-12 02:06:09.710,182-206-227-244-246-245-246,11.50,0.00,0.00,8.70,65.00,0.00,9.00,15.00,0.00,0.10,0.00,0.00,中夜班,65.00,/,7.50,0.00,0.00,79.00,72.00,0.00,0,0.50,0.00,0.00,0.00,0.00,,14.50,7.5,0.0,9.0,15.0,72.0,79.0,65.0,65.0
A2HT24090420-10,D0G08001091006,1111202360001,GYMXY333光缆(黑色),GYMXY333-6G.657A2,HT-03,护套,正常生产,2024-09-13 02:51:56.630,182-206-227-244-246-245-246,0.00,0.00,0.00,6.70,40.00,9.00,6.60,12.00,0.00,0.10,0.00,0.00,中夜班,40.00,/,5.20,0.00,0.00,79.00,72.00,0.00,0,0.50,0.00,0.00,0.00,0.00,,9.50,5.2,9.0,6.6,12.0,72.0,79.0,40.0,40.0
A2HT24090421-10,D9G09000041002,1110100100639,GYTA光缆(黑色),GYTA-8G.652D,HT-02,护套,正常生产,2024-09-10 22:48:10.970,181-215-225-235-240-255-245,0.00,0.00,0.00,5.50,80.00,8.40,6.60,13.50,0.00,0.10,0.00,0.00,中夜班,80.00,/,4.50,0.00,0.00,60.00,73.00,0.00,0,0.50,0.00,0.00,0.00,0.00,,10.20,4.5,8.4,6.6,13.5,73.0,60.0,80.0,80.0
A2HT24090422-10,D2G09000111001,1110100100293,GYTA光缆(黑色),GYTA-48G.652D,HT-03,护套,正常生产,2024-09-11 06:53:16.053,182-206-227-244-246-245-246,0.00,0.00,0.00,8.30,40.00,11.70,9.00,15.50,0.00,0.10,0.00,0.00,中夜班,40.00,DG24910HC0105,7.10,0.00,0.00,79.00,72.00,0.00,0,0.50,0.00,0.00,0.00,0.00,,12.50,7.1,11.7,9.0,15.5,72.0,79.0,40.0,40.0
A2HT24090423-10,D1G08002332001,1110100200504,GYTS光缆(黑色),GYTS-6G.652D,HT-03,护套,正常生产,2024-09-09 23:05:42.960,182-206-227-244-246-245-246,0.00,0.00,0.00,6.00,40.00,9.00,6.60,13.50,0.00,0.10,0.00,0.00,中夜班,40.00,DG24909HC0108,5.10,0.00,0.00,79.00,72.00,0.00,0,0.50,0.00,0.00,0.00,0.00,,9.90,5.1,9.0,6.6,13.5,72.0,79.0,40.0,40.0
A2HT24090424-10,D1G08002336001,1110100200269,GYTS光缆(黑色),GYTS-48G.652D,HT-03,护套,正常生产,2024-09-09 19:50:56.917,182-206-227-244-246-245-246,0.00,0.00,0.00,6.00,40.00,9.00,6.60,13.50,0.00,0.10,0.00,0.00,早中班,40.00,DG24909HC0106,5.10,0.00,0.00,79.00,72.00,0.00,0,0.50,0.00,0.00,0.00,0.00,,9.90,5.1,9.0,6.6,13.5,72.0,79.0,40.0,40.0
A2HT24090425-10,D1G08002482002,1110100200503,GYTS光缆(黑色),GYTS-12G.652D,HT-03,护套,正常生产,2024-09-10 07:30:05.497,182-206-227-244-246-245-246,0.00,0.00,0.00,6.00,40.00,9.00,6.60,13.50,0.00,0.10,0.00,0.00,中夜班,40.00,DG24909HC0111,5.10,0.00,0.00,79.00,72.00,0.00,0,0.50,0.00,0.00,0.00,0.00,,9.90,5.1,9.0,6.6,13.5,72.0,79.0,40.0,40.0
A2HT24090429-10,D2G08002281005,1110300300010,GYDTZA光缆(黑色),GYDTZA-288G.652D,HT-12,护套,正常生产,2024-09-06 17:41:38.767,130-140-145-150-155-160-166-171,0.00,0.00,0.00,6.40,15.00,17.70,15.00,18.00,0.00,0.10,0.00,0.00,中夜班,15.00,DG24906HM0006,12.90,0.00,0.00,104.00,37.00,0.00,0,0.50,0.00,0.00,0.00,0.00,0,19.00,12.9,17.7,15.0,18.0,37.0,104.0,15.0,15.0
A2HT24090432-10,D9G09000051002,1110300200090,GYDTS光缆(黑色),GYDTS-144G.652D,HT-05,护套,正常生产,2024-09-06 22:28:58.167,180-205-225-235-245-250-251,0.00,,,6.00,45.00,17.60,13.50,21.00,,0.20,,,早中班,45.00,/,11.80,,,89.00,,,0,0.50,,,0.00,0.00,,10.00,11.8,17.6,13.5,21.0,,89.0,45.0,45.0
A2HT24090433-10,D9G09000052003,1110300200090,GYDTS光缆(黑色),GYDTS-144G.652D,HT-05,护套,正常生产,2024-09-06 21:28:13.240,180-205-225-235-245-250-251,0.00,,,6.00,45.00,17.60,13.50,21.00,,0.20,,,早中班,45.00,/,11.80,,,89.00,,,0,0.50,,,0.00,0.00,,10.00,11.8,17.6,13.5,21.0,,89.0,45.0,45.0
A2HT24090434-10,D9G09000053002,1110300200088,GYDTS光缆(黑色),GYDTS-576G.652D,HT-06,护套,正常生产,2024-09-12 20:47:35.490,190-210-220-230-245-250-253,0.00,0.00,0.00,19.50,25.00,24.40,20.50,28.00,,0.20,,,中夜班,25.00,/,18.10,,,80.00,78.00,,/,0.50,0.00,,,0.00,,,18.1,24.4,20.5,28.0,78.0,80.0,25.0,25.0
A2HT2409044-10,D9G09000021001,1110100100640,GYTA光缆(黑色),GYTA-12G.652D,HT-06,护套,正常生产,2024-09-05 07:28:59.437,190-210-220-230-245-250-253,0.00,0.00,0.00,5.60,80.00,9.30,6.00,12.50,,0.10,,,早中班,80.00,/,4.60,,,80.00,78.00,,/,0.50,0.00,,,0.00,,10.50,4.6,9.3,6.0,12.5,78.0,80.0,80.0,80.0
A2HT2409045-10,D2G09000112007,1110100100617,GYTA光缆(黑色),GYTA-48G.652D,HT-10,护套,正常生产,2024-09-11 22:03:47.530,180- 201- 216- 221- 227- 230-237- 243-249,0.00,0.00,0.00,7.70,65.00,11.30,8.50,15.00,0.00,0.10,0.00,0.00,早中班,65.00,DG24910HS0006,6.70,0.00,0.00,99.00,36.00,0.00,/,0.50,0.00,0.00,0.00,0.00,,12.20,6.7,11.3,8.5,15.0,36.0,99.0,65.0,65.0
A2HT2409046-10,D2G09000121001,1110100400205,GYTA53光缆(黑色),GYTA53-48G.652D,HT-02,护套,正常生产,2024-09-12 01:49:19.400,181-215-225-235-240-255-245,9.50,0.00,0.00,10.80,55.00,14.10,12.50,19.00,0.00,0.10,0.00,0.00,中夜班,55.00,DG24911HB0003,6.70,0.00,0.00,60.00,73.00,0.00,0,0.50,0.00,0.00,0.00,0.00,,15.00,6.7,14.1,12.5,19.0,73.0,60.0,55.0,55.0
A2HT2409047-10,A2HT2409047100001,2120100400169,GYTA53内护1(黑色),HT1-48G.652D,HT-02,护套,正常生产,2024-09-11 22:42:30.967,181-215-225-235-240-255-245,9.50,0.00,0.00,7.70,45.00,14.10,8.50,13.50,0.00,0.10,0.00,0.00,中夜班,45.00,/,6.70,0.00,0.00,60.00,73.00,0.00,0,0.50,0.00,0.00,0.00,0.00,,10.20,6.7,14.1,8.5,13.5,73.0,60.0,45.0,45.0
A2HT2409048-10,D2G09000122003,1110100400377,GYTA53光缆(黑色),GYTA53-72G.652D,HT-02,护套,正常生产,2024-09-12 04:05:02.873,181-215-225-235-240-255-245,10.30,0.00,0.00,11.60,50.00,14.90,12.50,19.00,0.00,0.10,0.00,0.00,中夜班,50.00,DG24911HB0006,7.60,0.00,0.00,60.00,73.00,0.00,0,0.50,0.00,0.00,0.00,0.00,,16.00,7.6,14.9,12.5,19.0,73.0,60.0,50.0,50.0
A2HT2409049-10,A2HT2409049100001,2120100400310,GYTA53内护1(黑色),HT1-72G.652D,HT-02,护套,正常生产,2024-09-12 00:13:24.010,181-215-225-235-240-255-245,10.30,0.00,0.00,8.70,40.00,14.90,9.50,13.50,0.00,0.10,0.00,0.00,中夜班,40.00,/,7.50,0.00,0.00,60.00,73.00,0.00,0,0.50,0.00,0.00,0.00,0.00,,11.00,7.5,14.9,9.5,13.5,73.0,60.0,40.0,40.0
A2HT24090510-10,D2G09000051001,1110100100617,GYTA光缆(黑色),GYTA-48G.652D,HT-05,护套,正常生产,2024-09-14 00:58:56.327,180-205-225-235-245-250-251,0.00,,,7.80,65.00,11.30,8.50,15.00,,0.10,,,中夜班,65.00,DG24913HE0018,6.70,,,89.00,,,0,0.50,,,0.00,0.00,,12.00,6.7,11.3,8.5,15.0,,89.0,65.0,65.0
A2HT24090511-10,D6G09000021001,1110101700150,GYFTZY光缆(黑色),GYFTZY-24G.652D,HT-04,护套,正常生产,2024-09-13 03:48:38.867,130-145-155-160-165-165-170,0.00,,,8.50,35.00,10.50,8.00,10.50,,0.10,,,中夜班,35.00,/,6.40,,,76.00,36.00,0.00,0,0.50,,,0.00,0.00,,11.50,6.4,10.5,8.0,10.5,36.0,76.0,35.0,35.0
A2HT24090512-10,D6G09000022001,1110101700151,GYFTZY光缆(黑色),GYFTZY-48G.652D,HT-04,护套,正常生产,2024-09-13 01:20:20.083,130-145-155-160-165-165-170,0.00,,,9.00,30.00,11.60,8.50,11.50,,0.10,,,中夜班,30.00,/,7.50,,,74.00,32.00,0.00,0,0.50,,,0.00,0.00,,12.60,7.5,11.6,8.5,11.5,32.0,74.0,30.0,30.0
A2HT24090513-10,D6G09000023001,1110101700182,GYFTZY光缆(黑色),GYFTZY-96G.652D,HT-04,护套,正常生产,2024-09-12 21:43:40.350,130-145-155-160-165-165-170,0.00,,,11.00,20.00,13.00,10.50,13.50,,0.20,,,中夜班,20.00,/,8.90,,,71.00,28.00,0.00,0,0.50,,,0.00,0.00,,14.00,8.9,13.0,10.5,13.5,28.0,71.0,20.0,20.0
A2HT24090514-10,A2HT24090514100001,2100900400199,PE涂覆GFRP加强件(黑色),PE-GFRP,HT-15,护套,正常生产,2024-09-05 14:07:36.777,145-149-155-162-172-170-179,0.00,,,4.50,40.00,3.90,3.20,4.00,,0.20,,,早中班,40.00,/,3.00,,,,,,0,0.50,,,,,,4.70,3.0,3.9,3.2,4.0,,,40.0,40.0
A2HT24090515-10,D6G09000024001,1110200900011,GYFXTZS光缆(黑色),GYFXTZS-12G.652D,HT-04,护套,正常生产,2024-09-14 02:31:37.490,130-145-155-160-165-165-170,0.00,,,4.40,25.00,9.00,5.00,9.50,,0.00,,,中夜班,25.00,/,2.60,,,71.00,21.00,0.00,0,0.50,,,0.00,0.00,,10.00,2.6,9.0,5.0,9.5,21.0,71.0,25.0,25.0
A2HT24090516-10,D2G09000092003,1110400160003,GYDXTW光缆(黑色),GYDXTW-144G.652D,HT-05,护套,正常生产,2024-09-12 16:42:34.830,180-205-225-235-245-250-251,0.00,,,9.80,40.00,13.90,10.00,14.50,,0.10,,,早中班,40.00,DG24912HE0003,7.80,,,89.00,,,0,0.50,,,0.00,0.00,,15.00,7.8,13.9,10.0,14.5,,89.0,40.0,40.0
A2HT24090517-10,D2G09000101010,1110400160002,GYDXTW光缆(黑色),GYDXTW-96G.652D,HT-05,护套,正常生产,2024-09-13 01:24:29.780,180-205-225-235-245-250-251,0.00,,,9.80,50.00,13.00,8.50,13.70,,0.10,,,中夜班,50.00,DG24912HE0018,6.50,,,89.00,,,0,0.50,,,0.00,0.00,,15.00,6.5,13.0,8.5,13.7,,89.0,50.0,50.0
A2HT24090518-10,D2G09000102002,1110400160001,GYDXTW光缆(黑色),GYDXTW-72G.652D,HT-05,护套,正常生产,2024-09-13 12:19:43.487,180-205-225-235-245-250-251,0.00,,,7.80,50.00,12.50,8.00,13.00,,0.10,,,早中班,50.00,DG24913HE0002,6.00,,,89.00,,,0,0.50,,,0.00,0.00,,13.50,6.0,12.5,8.0,13.0,,89.0,50.0,50.0
A2HT24090519-10,D9G09000053010,1110300200088,GYDTS光缆(黑色),GYDTS-576G.652D,HT-06,护套,正常生产,2024-09-12 18:06:25.280,190-210-220-230-245-250-253,0.00,0.00,0.00,19.50,25.00,24.40,20.50,28.00,,0.20,,,中夜班,25.00,/,18.10,,,80.00,78.00,,/,0.50,0.00,,,0.00,,,18.1,24.4,20.5,28.0,78.0,80.0,25.0,25.0
A2HT24090520-10,D2G08002182001,1110300100050,GYDTA光缆(黑色),GYDTA-96G.652D,HT-01,护套,正常生产,2024-09-06 06:07:06.657,182-205-225-231-241-245-247,0.00,,,13.20,45.00,16.90,13.50,20.00,,0.20,0.00,0.00,中夜班,45.00,DG24905HA0117,11.90,,0.00,62.50,73.80,0.00,0,0.50,,0.00,0.00,0.00,,17.50,11.9,16.9,13.5,20.0,73.8,62.5,45.0,45.0
A2HT24090521-10,D6G09000171001,1110100700147,GYTZS光缆(黑色),GYTZS-24G.652D,HT-12,护套,正常生产,2024-09-13 05:48:31.957,130-140-145-150-155-160-166-171,0.00,0.00,0.00,6.50,35.00,10.30,7.00,10.50,0.00,0.10,0.00,0.00,早中班,35.00,/,5.50,0.00,0.00,104.00,37.00,0.00,0,0.50,0.00,0.00,0.00,0.00,0,11.00,5.5,10.3,7.0,10.5,37.0,104.0,35.0,35.0
A2HT24090529-10,D2G09000271005,1110400160005,GYDXTW光缆(黑色),GYDXTW-288G.652D,HT-05,护套,正常生产,2024-09-12 07:44:04.060,180-205-225-235-245-250-251,0.00,,,12.90,35.00,16.90,13.50,17.00,,0.10,,,中夜班,35.00,DG24911HE0015,10.90,,,89.00,,,0,0.50,,,0.00,0.00,,18.00,10.9,16.9,13.5,17.0,,89.0,35.0,35.0
A2HT24090530-10,D0G09000281002,1110100600177,GYTZA光缆(黑色),GYTZA-24G.652D,HT-12,护套,正常生产,2024-09-13 23:51:42.087,130-140-145-150-155-160-166-171,0.00,0.00,0.00,5.50,35.00,8.40,6.00,9.00,0.00,0.10,0.00,0.00,早中班,35.00,/,4.50,0.00,0.00,104.00,37.00,0.00,0,0.50,0.00,0.00,0.00,0.00,0,9.30,4.5,8.4,6.0,9.0,37.0,104.0,35.0,35.0
A2HT24090531-10,D0G09000101002,1110100600171,GYTZA光缆(黑色),GYTZA-48G.652D,HT-12,护套,正常生产,2024-09-14 03:51:33.760,130-140-145-150-155-160-166-171,0.00,0.00,0.00,7.80,30.00,11.30,8.50,11.50,0.00,0.10,0.00,0.00,早中班,30.00,/,6.70,0.00,0.00,104.00,37.00,0.00,0,0.50,0.00,0.00,0.00,0.00,0,9.30,6.7,11.3,8.5,11.5,37.0,104.0,30.0,30.0
A2HT24090532-10,D2G09000321001,1110100100680,GYTA光缆(黑色),GYTA-12G.652D,HT-13,护套,正常生产,2024-09-13 22:58:48.100,180,0.00,,,5.50,70.00,9.30,6.60,13.50,,0.10,,,中夜班,70.00,DG24913HN0003,4.50,,,86.00,66.00,,185  212  215  221  231  236  240  241,0.50,,,,,,10.50,4.5,9.3,6.6,13.5,66.0,86.0,70.0,70.0
A2HT24090533-10,D0G09000091001,1110101200182,GYFTY光缆(黑色),GYFTY-24G.652D,HT-02,护套,正常生产,2024-09-14 04:35:47.433,181-215-225-235-240-255-245,,0.00,0.00,8.00,50.00,9.80,6.60,13.50,0.00,0.10,0.00,0.00,中夜班,50.00,/,6.20,0.00,0.00,60.00,73.00,0.00,0,0.50,0.00,0.00,0.00,0.00,,11.00,6.2,9.8,6.6,13.5,73.0,60.0,50.0,50.0
A2HT24090541-10,D6G08001661016,1110102700002,GYTY光缆(黑色护套-黄色色条),GYTY-48G.652D,HT-01,护套,正常生产,2024-09-12 12:00:03.203,182-205-225-231-241-245-247,0.00,,,5.20,25.00,7.80,6.00,12.50,,0.10,0.00,0.00,中夜班,25.00,/,4.20,,0.00,62.50,40.00,0.00,0,0.50,,0.00,0.00,0.00,,8.80,4.2,7.8,6.0,12.5,40.0,62.5,25.0,25.0
A2HT2409055-10,D9G08001371001,1110101760025,GYFTZY光缆(黑色),GYFTZY-48G.652D,HT-D02,护套,正常生产,2024-09-13 01:27:57.253,160 - 160- 170 -170- 180-180-180,8.50,0.00,0.00,0.00,30.00,12.60,10.00,13.00,0.00,0.20,0.00,0.00,早中班,30.00,,6.70,0.00,0.00,89.00,30.00,0.00,160 - 160- 170 -170- 180-180-180,0.20,0.00,0.00,0.00,0.00,0,0.00,6.7,12.6,10.0,13.0,30.0,89.0,30.0,30.0
A2HT2409056-10,D9G08001381001,1110107160007,GYFZY光缆(黑色),GYFZY-48G.652D,HT-D02,护套,正常生产,2024-09-13 04:38:13.477,160 - 160- 170 -170- 180-180-180,8.50,0.00,0.00,0.00,30.00,12.60,10.00,13.00,0.00,0.20,0.00,0.00,早中班,30.00,,6.70,0.00,0.00,89.00,30.00,0.00,160 - 160- 170 -170- 180-180-180,0.20,0.00,0.00,0.00,0.00,0,0.00,6.7,12.6,10.0,13.0,30.0,89.0,30.0,30.0
A2HT2409057-10,D9G08001391001,1110101760025,GYFTZY光缆(黑色),GYFTZY-48G.652D,HT-D02,护套,正常生产,2024-09-13 01:52:49.517,160 - 160- 170 -170- 180-180-180,8.50,0.00,0.00,0.00,30.00,12.60,10.00,13.00,0.00,0.20,0.00,0.00,早中班,30.00,,6.70,0.00,0.00,89.00,30.00,0.00,160 - 160- 170 -170- 180-180-180,0.20,0.00,0.00,0.00,0.00,0,0.00,6.7,12.6,10.0,13.0,30.0,89.0,30.0,30.0
A2HT2409058-10,D2G08002441009,1110400160003,GYDXTW光缆(黑色),GYDXTW-144G.652D,HT-05,护套,正常生产,2024-09-05 22:02:59.437,180-205-225-235-245-250-251,0.00,,,9.80,40.00,13.90,10.20,14.50,,0.10,,,早中班,40.00,DG24905HE0017,7.80,,,79.00,,,0,0.50,,,0.00,0.00,,14.90,7.8,13.9,10.2,14.5,,79.0,40.0,40.0
A2HT2409059-10,D9G08001411001,1110101760025,GYFTZY光缆(黑色),GYFTZY-48G.652D,HT-D02,护套,正常生产,2024-09-13 04:26:05.523,160 - 160- 170 -170- 180-180-180,8.50,0.00,0.00,0.00,30.00,12.60,10.00,13.00,0.00,0.20,0.00,0.00,早中班,30.00,,6.70,0.00,0.00,89.00,30.00,0.00,160 - 160- 170 -170- 180-180-180,0.20,0.00,0.00,0.00,0.00,0,0.00,6.7,12.6,10.0,13.0,30.0,89.0,30.0,30.0
A2HT2409061-10,D1G09000221001,1110300200029,GYDTS光缆(黑色),GYDTS-144G.652D,HT-03,护套,正常生产,2024-09-14 10:03:34.033,182-206-227-244-246-245-246,0.00,0.00,0.00,13.20,40.00,16.40,6.60,12.00,0.00,0.10,0.00,0.00,早中班,40.00,DG24914HC0001,11.80,0.00,0.00,79.00,72.00,0.00,0,0.50,0.00,0.00,0.00,0.00,,9.50,11.8,16.4,6.6,12.0,72.0,79.0,40.0,40.0
A2HT24090619-10,D0G08000861005,1110110160001,GYFHTY83光缆(黑色),GYFHTY83-48(24G.652D+24G655),HT-06,护套,正常生产,2024-09-14 14:16:36.910,190-210-220-230-245-250-253,0.00,0.00,0.00,13.00,30.00,13.80,11.50,17.00,,0.10,,,中夜班,30.00,/,9.40,,,80.00,78.00,,/,0.50,0.00,,,0.00,,15.00,9.4,13.8,11.5,17.0,78.0,80.0,30.0,30.0
A2HT2409062-10,D2G09000312001,1110100100603,GYTA光缆(黑色),GYTA-72G.652D,HT-05,护套,正常生产,2024-09-13 16:25:07.330,180-205-225-235-245-250-251,0.00,,,8.50,60.00,12.10,9.00,15.50,,0.10,,,早中班,60.00,DG24913HE0006,7.50,,,89.00,,,0,0.50,,,0.00,0.00,,13.20,7.5,12.1,9.0,15.5,,89.0,60.0,60.0
A2HT24090620-10,A2HT24090620100001,2120108960001,GYFHTY83内护1(黑色),HT1-48(24G.652D+24G655),HT-01,护套,正常生产,2024-09-11 22:08:15.327,182-205-225-231-241-245-247,0.00,,,5.20,30.00,7.80,6.00,12.50,,0.10,0.00,0.00,中夜班,30.00,/,4.20,,0.00,62.50,40.00,0.00,0,0.50,,0.00,0.00,0.00,,8.80,4.2,7.8,6.0,12.5,40.0,62.5,30.0,30.0
A2HT24090627-10,D2G08002424069,1110100100680,GYTA光缆(黑色),GYTA-12G.652D,HT-02,护套,正常生产,2024-09-10 22:10:03.730,181-215-225-235-240-255-245,0.00,0.00,0.00,5.60,80.00,9.30,6.60,13.50,0.00,0.10,0.00,0.00,中夜班,80.00,DG24910HB0002,4.60,0.00,0.00,60.00,73.00,0.00,0,0.50,0.00,0.00,0.00,0.00,,10.20,4.6,9.3,6.6,13.5,73.0,60.0,80.0,80.0
A2HT24090628-10,D2G09000441045,1110100200773,GYTS光缆(黑色),GYTS-36G.652D,HT-02,护套,正常生产,2024-09-14 15:35:54.407,181-215-225-235-240-255-245,0.00,0.00,0.00,6.30,100.00,9.90,7.50,14.00,0.00,0.10,0.00,0.00,早中班,100.00,/,5.30,0.00,0.00,60.00,73.00,0.00,0,0.50,0.00,0.00,0.00,0.00,/,11.00,5.3,9.9,7.5,14.0,73.0,60.0,100.0,100.0
A2HT24090629-10,D2G09000452001,1110100200720,GYTS光缆(黑色),GYTS-72G.652D,HT-03,护套,正常生产,2024-09-15 12:40:58.373,182-206-227-244-246-245-246,0.00,0.00,0.00,8.70,60.00,12.10,9.00,16.00,0.00,0.10,0.00,0.00,早中班,60.00,/,7.50,0.00,0.00,79.00,72.00,0.00,0,0.50,0.00,0.00,0.00,0.00,,13.20,7.5,12.1,9.0,16.0,72.0,79.0,60.0,60.0
A2HT2409063-10,A2HT2409063100001,2100900300307,PE涂覆磷化钢丝加强件(黑色),PE-LHGS,HT-09,护套,正常生产,2024-09-10 01:31:36.937,182-206-227-244-246-245-245,0.00,0.00,0.00,3.00,40.00,2.50,2.00,2.50,0.00,0.20,0.00,0.00,中夜班,40.00,/,1.70,0.00,0.00,46.00,11.00,0.00,0,0.50,0.00,0.00,0.00,0.00,0,3.60,1.7,2.5,2.0,2.5,11.0,46.0,40.0,40.0
A2HT24090630-10,A2HT24090630100001,2100900300307,PE涂覆磷化钢丝加强件(黑色),PE-LHGS,HT-09,护套,正常生产,2024-09-10 01:33:46.227,182-206-227-244-246-245-245,0.00,0.00,0.00,3.00,40.00,2.50,2.00,2.50,0.00,0.20,0.00,0.00,中夜班,40.00,/,1.70,0.00,0.00,46.00,11.00,0.00,0,0.50,0.00,0.00,0.00,0.00,0,3.60,1.7,2.5,2.0,2.5,11.0,46.0,40.0,40.0
A2HT24090631-10,D0G09000372001,1110100600175,GYTZA光缆(黑色),GYTZA-6G.652D,HT-12,护套,正常生产,2024-09-14 01:26:20.073,130-140-145-150-155-160-166-171,0.00,0.00,0.00,5.50,35.00,8.40,6.00,9.00,0.00,0.10,0.00,0.00,早中班,35.00,/,4.50,0.00,0.00,104.00,37.00,0.00,0,0.50,0.00,0.00,0.00,0.00,0,9.30,4.5,8.4,6.0,9.0,37.0,104.0,35.0,35.0
A2HT24090632-10,D0G09000373001,1110100600177,GYTZA光缆(黑色),GYTZA-24G.652D,HT-12,护套,正常生产,2024-09-13 23:53:29.983,130-140-145-150-155-160-166-171,0.00,0.00,0.00,5.50,35.00,8.40,6.00,9.00,0.00,0.10,0.00,0.00,早中班,35.00,/,4.50,0.00,0.00,104.00,37.00,0.00,0,0.50,0.00,0.00,0.00,0.00,0,9.30,4.5,8.4,6.0,9.0,37.0,104.0,35.0,35.0
A2HT24090633-10,D2G09000462001,1110100200721,GYTS光缆(黑色),GYTS-96G.652D,HT-10,护套,正常生产,2024-09-14 23:39:38.767,180- 201- 216- 221- 227- 230-237- 243-247,0.00,0.00,0.00,7.80,55.00,11.30,9.00,15.50,,0.10,,,早中班,55.00,,6.70,,,99.00,36.00,,/,0.50,0.00,,,,,13.00,6.7,11.3,9.0,15.5,36.0,99.0,55.0,55.0
A2HT24090634-10,A2HT24090634100001,2100900300319,PE涂覆磷化钢丝加强件(黑色),PE-LHGS,HT-09,护套,正常生产,2024-09-11 23:21:30.500,182-206-227-244-246-245-245,0.00,0.00,0.00,3.00,45.00,4.10,2.20,4.00,0.00,0.20,0.00,0.00,中夜班,45.00,/,2.00,0.00,0.00,46.00,16.00,0.00,0,0.50,0.00,0.00,0.00,0.00,0,4.70,2.0,4.1,2.2,4.0,16.0,46.0,45.0,45.0
A2HT24090638-10,D0G09000371001,1110107160002,GYFZY光缆(黑色),GYFZY-12G.652D,HT-04,护套,正常生产,2024-09-13 21:31:39.570,130-145-155-160-165-165-170,6.80,,,9.00,35.00,11.00,8.50,11.50,,0.20,,,中夜班,35.00,/,2.50,,,66.00,37.00,0.00,0,0.50,,,0.00,0.00,,12.00,2.5,11.0,8.5,11.5,37.0,66.0,35.0,35.0
A2HT2409064-10,D2G09000313001,1110100100680,GYTA光缆(黑色),GYTA-12G.652D,HT-13,护套,正常生产,2024-09-14 00:01:00.507,180,0.00,,,5.50,70.00,9.30,6.60,13.50,,0.10,,,中夜班,70.00,DG24913HN0004,4.50,,,86.00,66.00,,185  212  215  221  231  236  240  241,0.50,,,,,,10.50,4.5,9.3,6.6,13.5,66.0,86.0,70.0,70.0
A2HT24090642-10,DHHA2405001390001,1110100100689,GYTA光缆(黑色),GYTA-12G.652D,HT-01,护套,正常生产,2024-09-10 18:21:09.060,182-205-225-231-241-245-247,0.00,,,7.80,40.00,10.90,8.50,16.00,,0.10,0.00,0.00,中夜班,40.00,/,6.80,,0.00,62.50,73.80,0.00,0,0.50,,0.00,0.00,0.00,,17.50,6.8,10.9,8.5,16.0,73.8,62.5,40.0,40.0
A2HT2409065-10,D2G09000315001,1110100100681,GYTA光缆(黑色),GYTA-24G.652D,HT-02,护套,正常生产,2024-09-13 22:43:20.483,181-215-225-235-240-255-245,,0.00,0.00,6.00,80.00,9.50,6.60,13.50,0.00,0.10,0.00,0.00,中夜班,80.00,DG24913HB0003,4.95,0.00,0.00,60.00,73.00,0.00,0,0.50,0.00,0.00,0.00,0.00,,10.00,4.95,9.5,6.6,13.5,73.0,60.0,80.0,80.0
A2HT2409091-10,D1G09000221010,1110300200029,GYDTS光缆(黑色),GYDTS-144G.652D,HT-05,护套,正常生产,2024-09-20 03:25:34.110,180-205-225-235-241-245-246,,,,13.00,45.00,16.40,13.50,20.00,,0.20,,,早中班,45.00,DG24919HE0009,11.80,,,55.00,95.00,,0,0.50,,,,,,17.50,11.8,16.4,13.5,20.0,95.0,55.0,45.0,45.0
A2HT24090911-10,D2G09000432001,1110400160003,GYDXTW光缆(黑色),GYDXTW-144G.652D,HT-05,护套,正常生产,2024-09-12 18:29:26.277,180-205-225-235-245-250-251,0.00,,,9.80,40.00,13.90,10.00,14.50,,0.10,,,早中班,40.00,DG24912HE0007,7.80,,,89.00,,,0,0.50,,,0.00,0.00,,15.00,7.8,13.9,10.0,14.5,,89.0,40.0,40.0
A2HT24090912-10,D2G09000451001,1110400160001,GYDXTW光缆(黑色),GYDXTW-72G.652D,HT-05,护套,正常生产,2024-09-13 14:03:55.610,180-205-225-235-245-250-251,0.00,,,7.80,50.00,12.50,8.00,13.00,,0.10,,,早中班,50.00,/,6.00,,,89.00,,,0,0.50,,,0.00,0.00,,13.50,6.0,12.5,8.0,13.0,,89.0,50.0,50.0
A2HT24090913-10,D2G09000461004,1110400160002,GYDXTW光缆(黑色),GYDXTW-96G.652D,HT-05,护套,正常生产,2024-09-13 07:40:27.243,180-205-225-235-245-250-251,0.00,,,9.80,50.00,13.00,8.50,13.70,,0.10,,,中夜班,50.00,/,6.50,,,89.00,,,0,0.50,,,0.00,0.00,,15.00,6.5,13.0,8.5,13.7,,89.0,50.0,50.0
A2HT24090918-10,D2G09000681007,1110100100617,GYTA光缆(黑色),GYTA-48G.652D,HT-05,护套,正常生产,2024-09-14 12:22:37.827,180-205-225-235-245-250-251,0.00,,,7.80,65.00,11.30,8.50,15.00,,0.10,,,早中班,65.00,DG24914HE0006,6.70,,,89.00,,,0,0.50,,,0.00,0.00,,12.00,6.7,11.3,8.5,15.0,,89.0,65.0,65.0
A2HT24090919-10,D2G09000671011,1110100100617,GYTA光缆(黑色),GYTA-48G.652D,HT-05,护套,正常生产,2024-09-14 20:53:58.660,180-205-225-235-245-250-251,0.00,,,7.80,65.00,11.30,8.50,15.00,,0.10,,,早中班,65.00,DG24914HE0020,6.70,,,89.00,,,0,0.50,,,0.00,0.00,,12.00,6.7,11.3,8.5,15.0,,89.0,65.0,65.0
A2HT2409092-10,D6G08002141002,1110204100001,GYFXTZY38(黑色),GYFXTZY38-4G.652D,HT-12,护套,正常生产,2024-09-13 15:00:38.050,130-140-145-150-155-160-166-171,0.00,0.00,0.00,10.00,30.00,10.60,8.00,11.00,0.00,0.10,0.00,0.00,早中班,30.00,/,2.40,0.00,0.00,104.00,37.00,0.00,0,0.50,0.00,0.00,0.00,0.00,0,11.00,2.4,10.6,8.0,11.0,37.0,104.0,30.0,30.0
A2HT24090920-10,D2G09000672001,1110100100603,GYTA光缆(黑色),GYTA-72G.652D,HT-05,护套,正常生产,2024-09-13 20:44:43.030,180-205-225-235-245-250-251,0.00,,,8.50,60.00,12.10,9.00,15.50,,0.10,,,早中班,60.00,DG24913HE0011,7.50,,,89.00,,,0,0.50,,,0.00,0.00,,13.20,7.5,12.1,9.0,15.5,,89.0,60.0,60.0
A2HT24090921-10,A2HT24090921100001,2100900300307,PE涂覆磷化钢丝加强件(黑色),PE-LHGS,HT-09,护套,正常生产,2024-09-10 01:35:35.190,182-206-227-244-246-245-245,0.00,0.00,0.00,3.00,40.00,2.50,2.00,2.50,0.00,0.20,0.00,0.00,中夜班,40.00,/,1.70,0.00,0.00,46.00,11.00,0.00,0,0.50,0.00,0.00,0.00,0.00,0,3.60,1.7,2.5,2.0,2.5,11.0,46.0,40.0,40.0
A2HT24090922-10,D2G09000511002,1110100100603,GYTA光缆(黑色),GYTA-72G.652D,HT-05,护套,正常生产,2024-09-13 17:54:20.207,180-205-225-235-245-250-251,0.00,,,8.50,60.00,12.10,9.00,15.50,,0.10,,,早中班,60.00,DG24913HE0010,7.50,,,89.00,,,0,0.50,,,0.00,0.00,,13.20,7.5,12.1,9.0,15.5,,89.0,60.0,60.0
A2HT24090923-10,A2HT24090923100001,2100900300307,PE涂覆磷化钢丝加强件(黑色),PE-LHGS,HT-09,护套,正常生产,2024-09-10 01:37:27.723,182-206-227-244-246-245-245,0.00,0.00,0.00,3.00,40.00,2.50,2.00,2.50,0.00,0.20,0.00,0.00,中夜班,40.00,/,1.70,0.00,0.00,46.00,11.00,0.00,0,0.50,0.00,0.00,0.00,0.00,0,3.60,1.7,2.5,2.0,2.5,11.0,46.0,40.0,40.0
A2HT24090924-10,D2G09000591001,1110100100604,GYTA光缆(黑色),GYTA-96G.652D,HT-05,护套,正常生产,2024-09-13 21:15:35.170,180-205-225-235-245-250-251,0.00,,,8.50,55.00,13.70,10.50,17.00,,0.20,,,早中班,55.00,DG24913HE0013,9.10,,,89.00,,,0,0.50,,,0.00,0.00,,13.20,9.1,13.7,10.5,17.0,,89.0,55.0,55.0
A2HT24090925-10,A2HT24090925100001,2100900300319,PE涂覆磷化钢丝加强件(黑色),PE-LHGS,HT-09,护套,正常生产,2024-09-10 23:36:31.657,182-206-227-244-246-245-245,0.00,0.00,0.00,3.00,40.00,.10,2.70,4.30,0.00,0.20,0.00,0.00,中夜班,45.00,/,2.50,0.00,0.00,46.00,18.00,0.00,0,0.50,0.00,0.00,0.00,0.00,0,4.70,2.5,0.1,2.7,4.3,18.0,46.0,45.0,40.0
A2HT24090926-10,D2G09000593001,1110100100617,GYTA光缆(黑色),GYTA-48G.652D,HT-05,护套,正常生产,2024-09-14 02:18:40.440,180-205-225-235-245-250-251,0.00,,,7.80,65.00,11.30,8.50,15.00,,0.10,,,中夜班,65.00,DG24913HE0021,6.70,,,89.00,,,0,0.50,,,0.00,0.00,,12.00,6.7,11.3,8.5,15.0,,89.0,65.0,65.0
A2HT24090927-10,D2G09000581001,1110100100604,GYTA光缆(黑色),GYTA-96G.652D,HT-05,护套,正常生产,2024-09-13 23:49:51.757,180-205-225-235-245-250-251,0.00,,,8.50,55.00,13.70,10.50,17.00,,0.20,,,中夜班,55.00,DG24913HE0015,9.10,,,89.00,,,0,0.50,,,0.00,0.00,,13.20,9.1,13.7,10.5,17.0,,89.0,55.0,55.0
A2HT24090928-10,A2HT24090928100001,2100900300319,PE涂覆磷化钢丝加强件(黑色),PE-LHGS,HT-09,护套,正常生产,2024-09-11 22:09:10.157,182-206-227-244-246-245-245,0.00,0.00,0.00,3.00,45.00,4.10,2.20,4.00,0.00,0.20,0.00,0.00,中夜班,45.00,/,2.00,0.00,0.00,46.00,16.00,0.00,0,0.50,0.00,0.00,0.00,0.00,0,4.70,2.0,4.1,2.2,4.0,16.0,46.0,45.0,45.0
A2HT24090929-10,D2G09000541001,1110100100604,GYTA光缆(黑色),GYTA-96G.652D,HT-05,护套,正常生产,2024-09-13 21:59:07.930,180-205-225-235-245-250-251,0.00,,,8.50,55.00,13.70,10.50,17.00,,0.20,,,中夜班,55.00,DG24913HE0014,9.10,,,89.00,,,0,0.50,,,0.00,0.00,,13.20,9.1,13.7,10.5,17.0,,89.0,55.0,55.0
A2HT2409093-10,A2HT2409093100001,2120203700001,GYFXTZY38内护1(黑色),HT1-4G.652D,HT-12,护套,正常生产,2024-09-12 04:56:07.437,130-140-145-150-155-160-166-171,0.00,0.00,0.00,9.20,25.00,5.10,4.00,5.50,0.00,0.10,0.00,0.00,早中班,25.00,/,2.40,0.00,0.00,104.00,37.00,0.00,0,0.50,0.00,0.00,0.00,0.00,0,6.00,2.4,5.1,4.0,5.5,37.0,104.0,25.0,25.0
A2HT24090930-10,A2HT24090930100001,2100900300319,PE涂覆磷化钢丝加强件(黑色),PE-LHGS,HT-09,护套,正常生产,2024-09-11 23:19:22.240,182-206-227-244-246-245-245,0.00,0.00,0.00,3.00,45.00,4.10,2.20,4.00,0.00,0.20,0.00,0.00,中夜班,45.00,/,2.00,0.00,0.00,46.00,16.00,0.00,0,0.50,0.00,0.00,0.00,0.00,0,4.70,2.0,4.1,2.2,4.0,16.0,46.0,45.0,45.0
A2HT24090931-10,D2G09000543002D,1110100100681,GYTA光缆(黑色),GYTA-24G.652D,HT-02,护套,正常生产,2024-09-14 06:01:24.287,181-215-225-235-240-255-245,,0.00,0.00,6.00,80.00,9.50,6.60,13.50,0.00,0.10,0.00,0.00,中夜班,80.00,DG24913HB0010,4.95,0.00,0.00,60.00,73.00,0.00,0,0.50,0.00,0.00,0.00,0.00,,10.00,4.95,9.5,6.6,13.5,73.0,60.0,80.0,80.0
A2HT24090932-10,D2G09000542002,1110100100617,GYTA光缆(黑色),GYTA-48G.652D,HT-05,护套,正常生产,2024-09-14 02:17:16.930,180-205-225-235-245-250-251,0.00,,,7.80,65.00,11.30,8.50,15.00,,0.10,,,中夜班,65.00,DG24913HE0020,6.70,,,89.00,,,0,0.50,,,0.00,0.00,,12.00,6.7,11.3,8.5,15.0,,89.0,65.0,65.0
A2HT24090933-10,D2G09000601001,1110100100617,GYTA光缆(黑色),GYTA-48G.652D,HT-05,护套,正常生产,2024-09-14 04:18:50.577,180-205-225-235-245-250-251,0.00,,,7.80,65.00,11.30,8.50,15.00,,0.10,,,中夜班,65.00,DG24913HE0023,6.70,,,89.00,,,0,0.50,,,0.00,0.00,,12.00,6.7,11.3,8.5,15.0,,89.0,65.0,65.0
A2HT24090934-10,D2G09000602001,1110100100681,GYTA光缆(黑色),GYTA-24G.652D,HT-02,护套,正常生产,2024-09-13 23:47:17.170,181-215-225-235-240-255-245,,0.00,0.00,6.00,80.00,9.50,6.60,13.50,0.00,0.10,0.00,0.00,中夜班,80.00,DG24913HB0004,4.95,0.00,0.00,60.00,73.00,0.00,0,0.50,0.00,0.00,0.00,0.00,,10.00,4.95,9.5,6.6,13.5,73.0,60.0,80.0,80.0
A2HT24090935-10,D2G09000605001,1110100100680,GYTA光缆(黑色),GYTA-12G.652D,HT-13,护套,正常生产,2024-09-14 04:15:56.770,180,0.00,,,5.50,70.00,9.30,6.60,13.50,,0.10,,,中夜班,70.00,DG24913HN0012,4.50,,,86.00,66.00,,185  212  215  221  231  236  240  241,0.50,,,,,,10.50,4.5,9.3,6.6,13.5,66.0,86.0,70.0,70.0
A2HT24090936-10,D2G09000663001,1110100100680,GYTA光缆(黑色),GYTA-12G.652D,HT-13,护套,正常生产,2024-09-14 02:06:29.087,180,0.00,,,5.50,70.00,9.30,6.60,13.50,,0.10,,,中夜班,70.00,DG24913HN0011,4.50,,,86.00,66.00,,185  212  215  221  231  236  240  241,0.50,,,,,,10.50,4.5,9.3,6.6,13.5,66.0,86.0,70.0,70.0
A2HT24090937-10,D2G09000664001,1110100100617,GYTA光缆(黑色),GYTA-48G.652D,HT-05,护套,正常生产,2024-09-14 03:16:23.267,180-205-225-235-245-250-251,0.00,,,7.80,65.00,11.30,8.50,15.00,,0.10,,,中夜班,65.00,DG24913HE0022,6.70,,,89.00,,,0,0.50,,,0.00,0.00,,12.00,6.7,11.3,8.5,15.0,,89.0,65.0,65.0
A2HT24090938-10,D2G09000666001,1110100100681,GYTA光缆(黑色),GYTA-24G.652D,HT-02,护套,正常生产,2024-09-13 23:49:10.033,181-215-225-235-240-255-245,,0.00,0.00,6.00,80.00,9.50,6.60,13.50,0.00,0.10,0.00,0.00,中夜班,80.00,DG24913HB0005,4.95,0.00,0.00,60.00,73.00,0.00,0,0.50,0.00,0.00,0.00,0.00,,10.00,4.95,9.5,6.6,13.5,73.0,60.0,80.0,80.0
A2HT24090939-10,D2G09000611001,1110100100681,GYTA光缆(黑色),GYTA-24G.652D,HT-02,护套,正常生产,2024-09-14 01:05:10.140,181-215-225-235-240-255-245,,0.00,0.00,6.00,80.00,9.50,6.60,13.50,0.00,0.10,0.00,0.00,中夜班,80.00,DG24913HB0008,4.95,0.00,0.00,60.00,73.00,0.00,0,0.50,0.00,0.00,0.00,0.00,,10.00,4.95,9.5,6.6,13.5,73.0,60.0,80.0,80.0
A2HT2409094-10,D6G08002142001,1110200900038,GYFXTZS光缆(黑色),GYFXTZS-12G.652D,HT-12,护套,正常生产,2024-09-12 22:12:59.347,130-140-145-150-155-160-166-171,0.00,0.00,0.00,4.70,25.00,8.80,5.20,9.20,0.00,0.10,0.00,0.00,早中班,25.00,/,2.60,0.00,0.00,104.00,37.00,0.00,0,0.50,0.00,0.00,0.00,0.00,0,9.80,2.6,8.8,5.2,9.2,37.0,104.0,25.0,25.0
A2HT24090940-10,D2G09000612001,1110100100617,GYTA光缆(黑色),GYTA-48G.652D,HT-05,护套,正常生产,2024-09-14 07:00:36.313,180-205-225-235-245-250-251,0.00,,,7.80,65.00,11.30,8.50,15.00,,0.10,,,中夜班,65.00,DG24913HE0024,6.70,,,89.00,,,0,0.50,,,0.00,0.00,,12.00,6.7,11.3,8.5,15.0,,89.0,65.0,65.0
A2HT24090941-10,D2G09000561001,1110100100678,GYTA光缆(黑色),GYTA-6G.652D,HT-13,护套,正常生产,2024-09-14 00:38:49.280,180,0.00,,,5.50,70.00,9.30,6.60,13.50,,0.10,,,中夜班,70.00,DG24913HN0005,4.50,,,86.00,66.00,,185  212  215  221  231  236  240  241,0.50,,,,,,10.50,4.5,9.3,6.6,13.5,66.0,86.0,70.0,70.0
A2HT24090942-10,D2G09000562001,1110100100617,GYTA光缆(黑色),GYTA-48G.652D,HT-05,护套,正常生产,2024-09-14 00:31:47.023,180-205-225-235-245-250-251,0.00,,,8.50,65.00,13.70,10.50,17.00,,0.20,,,中夜班,65.00,DG24913HE0017,9.10,,,89.00,,,0,0.50,,,0.00,0.00,,13.20,9.1,13.7,10.5,17.0,,89.0,65.0,65.0
A2HT24090943-10,D2G09000563001,1110100100680,GYTA光缆(黑色),GYTA-12G.652D,HT-13,护套,正常生产,2024-09-14 02:02:21.057,180,0.00,,,5.50,70.00,9.30,6.60,13.50,,0.10,,,中夜班,70.00,,4.50,,,86.00,66.00,,185  212  215  221  231  236  240  241,0.50,,,,,,10.50,4.5,9.3,6.6,13.5,66.0,86.0,70.0,70.0
A2HT24090944-10,D2G09000564001,1110100100681,GYTA光缆(黑色),GYTA-24G.652D,HT-02,护套,正常生产,2024-09-14 03:25:31.633,181-215-225-235-240-255-245,,0.00,0.00,6.00,80.00,9.50,6.60,13.50,0.00,0.10,0.00,0.00,中夜班,80.00,DG24913HB0011,4.95,0.00,0.00,60.00,73.00,0.00,0,0.50,0.00,0.00,0.00,0.00,,10.00,4.95,9.5,6.6,13.5,73.0,60.0,80.0,80.0
A2HT24090945-10,D2G09000551001,1110100100617,GYTA光缆(黑色),GYTA-48G.652D,HT-05,护套,正常生产,2024-09-14 12:37:14.827,180-205-225-235-245-250-251,0.00,,,7.80,65.00,11.30,8.50,15.00,,0.10,,,早中班,65.00,DG24914HE0009,6.70,,,89.00,,,0,0.50,,,0.00,0.00,,12.00,6.7,11.3,8.5,15.0,,89.0,65.0,65.0
A2HT24090946-10,D2G09000631001,1110100100678,GYTA光缆(黑色),GYTA-6G.652D,HT-13,护套,正常生产,2024-09-14 00:40:31.487,180,0.00,,,5.50,70.00,9.30,6.60,13.50,,0.10,,,中夜班,70.00,DG24913HN0006,4.50,,,86.00,66.00,,185  212  215  221  231  236  240  241,0.50,,,,,,10.50,4.5,9.3,6.6,13.5,66.0,86.0,70.0,70.0
A2HT24090947-10,D2G09000632001,1110100100681,GYTA光缆(黑色),GYTA-24G.652D,HT-02,护套,正常生产,2024-09-14 03:29:43.997,181-215-225-235-240-255-245,,0.00,0.00,6.00,80.00,9.50,6.60,13.50,0.00,0.10,0.00,0.00,中夜班,80.00,DG24913HB0012,4.95,0.00,0.00,60.00,73.00,0.00,0,0.50,0.00,0.00,0.00,0.00,,10.00,4.95,9.5,6.6,13.5,73.0,60.0,80.0,80.0
A2HT24090948-10,D2G09000633001,1110100100680,GYTA光缆(黑色),GYTA-12G.652D,HT-13,护套,正常生产,2024-09-13 22:24:25.957,180,0.00,,,5.50,80.00,9.30,6.60,13.50,,0.10,,,中夜班,80.00,DG24913HN0001,4.50,,,86.00,66.00,,185  212  215  221  231  236  240  241,0.50,,,,,,10.50,4.5,9.3,6.6,13.5,66.0,86.0,80.0,80.0
A2HT24090949-10,D2G09000621001,1110100100681,GYTA光缆(黑色),GYTA-24G.652D,HT-02,护套,正常生产,2024-09-14 00:55:32.467,181-215-225-235-240-255-245,,0.00,0.00,6.00,80.00,9.50,6.60,13.50,0.00,0.10,0.00,0.00,中夜班,80.00,DG24913HB0007,4.95,0.00,0.00,60.00,73.00,0.00,0,0.50,0.00,0.00,0.00,0.00,,10.00,4.95,9.5,6.6,13.5,73.0,60.0,80.0,80.0
A2HT2409095-10,D5G09000011003,1110103600003,GYFS光缆(黑色),GYFS-288G.652D,HT-06,护套,正常生产,2024-09-15 07:18:17.843,190-210-220-230-245-250-253,0.00,0.00,0.00,16.30,25.00,20.90,17.00,24.50,,0.20,,,中夜班,25.00,/,15.30,,,80.00,78.00,,/,0.50,0.00,,,0.00,,0.00,15.3,20.9,17.0,24.5,78.0,80.0,25.0,25.0
A2HT24090950-10,D2G09000521001,1110100100681,GYTA光缆(黑色),GYTA-24G.652D,HT-02,护套,正常生产,2024-09-14 00:35:08.260,181-215-225-235-240-255-245,,0.00,0.00,6.00,80.00,9.50,6.60,13.50,0.00,0.10,0.00,0.00,中夜班,80.00,DG24913HB0006,4.95,0.00,0.00,60.00,73.00,0.00,0,0.50,0.00,0.00,0.00,0.00,,10.00,4.95,9.5,6.6,13.5,73.0,60.0,80.0,80.0
A2HT24090951-10,D2G09000641001,1110100100680,GYTA光缆(黑色),GYTA-12G.652D,HT-13,护套,正常生产,2024-09-13 22:44:12.460,180,0.00,,,5.50,70.00,9.30,6.60,13.50,,0.10,,,中夜班,70.00,DG24913HN0002,4.50,,,86.00,66.00,,185  212  215  221  231  236  240  241,0.50,,,,,,10.50,4.5,9.3,6.6,13.5,66.0,86.0,70.0,70.0
A2HT24090952-10,D2G09000571001,1110100100680,GYTA光缆(黑色),GYTA-12G.652D,HT-13,护套,正常生产,2024-09-14 01:43:23.633,180,0.00,,,5.50,70.00,9.30,6.60,13.50,,0.10,,,中夜班,70.00,DG24913HN0009,4.50,,,86.00,66.00,,185  212  215  221  231  236  240  241,0.50,,,,,,10.50,4.5,9.3,6.6,13.5,66.0,86.0,70.0,70.0
A2HT24090958-10,D1G0600229A003,1110100200736,GYTS光缆(黑色),GYTS-96G.652D,HT-03,护套,正常生产,2024-09-10 14:36:20.090,182-206-227-244-246-245-246,0.00,0.00,0.00,6.00,40.00,9.00,6.60,13.50,0.00,0.10,0.00,0.00,早中班,40.00,/,5.10,0.00,0.00,79.00,72.00,0.00,0,0.50,0.00,0.00,0.00,0.00,,9.90,5.1,9.0,6.6,13.5,72.0,79.0,40.0,40.0
A2HT24090959-10,A2HT24090959100001,2100900300206,PE涂覆磷化钢丝加强件(黑色),PE-LHGS,HT-09,护套,正常生产,2024-09-10 04:24:52.997,182-206-227-244-246-245-245,0.00,0.00,0.00,3.00,40.00,.10,2.70,4.30,0.00,0.20,0.00,0.00,中夜班,45.00,/,2.50,0.00,0.00,46.00,18.00,0.00,0,0.50,0.00,0.00,0.00,0.00,0,4.70,2.5,0.1,2.7,4.3,18.0,46.0,45.0,40.0
A2HT2409096-10,A2HT2409096100001,2100900400248,PE涂覆GFRP加强件(黑色),PE-GFRP,HT-09,护套,正常生产,2024-09-12 03:03:10.773,182-206-227-244-246-245-245,0.00,0.00,0.00,3.00,45.00,4.90,3.80,5.00,0.00,0.20,0.00,0.00,中夜班,45.00,/,3.50,0.00,0.00,46.00,16.00,0.00,0,0.50,0.00,0.00,0.00,0.00,0,5.80,3.5,4.9,3.8,5.0,16.0,46.0,45.0,45.0
A2HT2409097-10,D5G09000231001,1110103600003,GYFS光缆(黑色),GYFS-288G.652D,HT-06,护套,正常生产,2024-09-15 01:45:04.073,190-210-220-230-245-250-253,0.00,0.00,0.00,16.30,25.00,20.90,17.00,24.50,,0.20,,,中夜班,25.00,/,15.30,,,80.00,78.00,,/,0.50,0.00,,,0.00,,0.00,15.3,20.9,17.0,24.5,78.0,80.0,25.0,25.0
A2HT2409098-10,A2HT2409098100001,2100900400248,PE涂覆GFRP加强件(黑色),PE-GFRP,HT-09,护套,正常生产,2024-09-12 03:04:44.640,182-206-227-244-246-245-245,0.00,0.00,0.00,3.00,45.00,4.90,3.80,5.00,0.00,0.20,0.00,0.00,中夜班,45.00,/,3.50,0.00,0.00,46.00,16.00,0.00,0,0.50,0.00,0.00,0.00,0.00,0,5.80,3.5,4.9,3.8,5.0,16.0,46.0,45.0,45.0
A2HT2409099-10,D9G09000032004,1110300200090,GYDTS光缆(黑色),GYDTS-144G.652D,HT-05,护套,正常生产,2024-09-10 15:12:37.083,180-205-225-235-245-250-251,0.00,,,14.10,45.00,17.70,14.50,21.00,,0.20,,,早中班,45.00,/,12.90,,,89.00,,,0,0.50,,,0.00,0.00,,18.50,12.9,17.7,14.5,21.0,,89.0,45.0,45.0
A2HT2409101-10,D0G09000191001,1110200100006,GYXTW光缆(黑色),GYXTW-2G.652D,HT-06,护套,正常生产,2024-09-12 23:52:59.497,190-210-220-230-245-250-253,0.00,0.00,0.00,19.50,45.00,24.40,20.50,28.00,,0.20,,,中夜班,45.00,/,18.10,,,80.00,78.00,,/,0.50,0.00,,,0.00,,,18.1,24.4,20.5,28.0,78.0,80.0,45.0,45.0
A2HT24091010-10,D2G09000665001,1110300100052,GYDTA光缆(黑色),GYDTA-288G.652D,HT-05,护套,正常生产,2024-09-15 02:03:26.353,180-205-225-235-245-250-251,0.00,,,14.10,40.00,17.70,14.50,21.00,,0.20,,,中夜班,40.00,DG24914HE0030,12.90,,,89.00,,,0,0.50,,,0.00,0.00,,18.80,12.9,17.7,14.5,21.0,,89.0,40.0,40.0
A2HT24091011-10,D2G09000603001,1110300100051,GYDTA光缆(黑色),GYDTA-144G.652D,HT-03,护套,正常生产,2024-09-14 16:35:39.607,182-206-227-244-246-245-246,0.00,0.00,0.00,13.20,40.00,16.40,6.60,12.00,0.00,0.10,0.00,0.00,早中班,40.00,DG24914HC0007,11.80,0.00,0.00,79.00,72.00,0.00,0,0.50,0.00,0.00,0.00,0.00,,9.50,11.8,16.4,6.6,12.0,72.0,79.0,40.0,40.0
A2HT24091012-10,D2G09000604001,1110300300008,GYDTZA光缆(黑色),GYDTZA-144G.652D,HT-12,护套,正常生产,2024-09-14 21:38:07.773,130-140-145-150-155-160-166-171,0.00,0.00,0.00,7.80,15.00,11.30,8.50,11.50,0.00,0.10,0.00,0.00,早中班,15.00,DG24914HM0002,6.70,0.00,0.00,104.00,37.00,0.00,0,0.50,0.00,0.00,0.00,0.00,0,9.30,6.7,11.3,8.5,11.5,37.0,104.0,15.0,15.0
A2HT24091013-10,D2G09000531002,1110300100050,GYDTA光缆(黑色),GYDTA-96G.652D,HT-03,护套,正常生产,2024-09-14 23:01:08.610,182-206-227-244-246-245-246,0.00,0.00,0.00,13.20,40.00,16.40,6.60,12.00,0.00,0.10,0.00,0.00,中夜班,40.00,DG24914HC0009,11.80,0.00,0.00,79.00,72.00,0.00,0,0.50,0.00,0.00,0.00,0.00,,9.50,11.8,16.4,6.6,12.0,72.0,79.0,40.0,40.0
A2HT24091014-10,D2G09000532001,1110300300007,GYDTZA光缆(黑色),GYDTZA-96G.652D,HT-12,护套,正常生产,2024-09-14 21:18:43.820,130-140-145-150-155-160-166-171,0.00,0.00,0.00,7.80,20.00,11.30,8.50,11.50,0.00,0.10,0.00,0.00,早中班,20.00,DG24914HM0001,6.70,0.00,0.00,104.00,37.00,0.00,0,0.50,0.00,0.00,0.00,0.00,0,9.30,6.7,11.3,8.5,11.5,37.0,104.0,20.0,20.0
A2HT24091015-10,D2G09000592001,1110300100052,GYDTA光缆(黑色),GYDTA-288G.652D,HT-05,护套,正常生产,2024-09-14 22:53:16.063,180-205-225-235-245-250-251,0.00,,,14.10,40.00,17.70,14.50,21.00,,0.20,,,中夜班,40.00,DG24914HE0026,12.90,,,89.00,,,0,0.50,,,0.00,0.00,,18.80,12.9,17.7,14.5,21.0,,89.0,40.0,40.0
A2HT24091016-10,D2G09000311001,1110300100052,GYDTA光缆(黑色),GYDTA-288G.652D,HT-05,护套,正常生产,2024-09-15 01:07:25.360,180-205-225-235-245-250-251,0.00,,,14.10,40.00,17.70,14.50,21.00,,0.20,,,中夜班,40.00,DG24914HE0029,12.90,,,89.00,,,0,0.50,,,0.00,0.00,,18.80,12.9,17.7,14.5,21.0,,89.0,40.0,40.0
A2HT24091018-10,D2G09000314001,1110300100051,GYDTA光缆(黑色),GYDTA-144G.652D,HT-03,护套,正常生产,2024-09-14 15:44:14.967,182-206-227-244-246-245-246,0.00,0.00,0.00,13.20,40.00,16.40,6.60,12.00,0.00,0.10,0.00,0.00,早中班,40.00,DG24914HC0006,11.80,0.00,0.00,79.00,72.00,0.00,0,0.50,0.00,0.00,0.00,0.00,,9.50,11.8,16.4,6.6,12.0,72.0,79.0,40.0,40.0
A2HT24091019-10,D2G09000481004,1110300100050,GYDTA光缆(黑色),GYDTA-96G.652D,HT-03,护套,正常生产,2024-09-15 02:01:00.693,182-206-227-244-246-245-246,0.00,0.00,0.00,13.20,40.00,16.40,6.60,12.00,0.00,0.10,0.00,0.00,中夜班,40.00,DG24914HC0013,11.80,0.00,0.00,79.00,72.00,0.00,0,0.50,0.00,0.00,0.00,0.00,,9.50,11.8,16.4,6.6,12.0,72.0,79.0,40.0,40.0
A2HT2409102-10,D1G08002552032,1110100260006,GYTS光缆(黑色),GYTS-24G.652D,HT-06,护套,正常生产,2024-09-11 15:21:14.003,190-210-220-230-245-250-253,0.00,0.00,0.00,6.00,80.00,9.10,6.60,13.50,,0.10,,,中夜班,80.00,DG24911HF0001,5.10,,,80.00,78.00,,/,0.50,0.00,,,0.00,,10.00,5.1,9.1,6.6,13.5,78.0,80.0,80.0,80.0
A2HT24091020-10,D2G09000091001,1110300100052,GYDTA光缆(黑色),GYDTA-288G.652D,HT-05,护套,正常生产,2024-09-15 11:46:39.963,180-205-225-235-245-250-251,0.00,,,14.10,40.00,17.70,14.50,21.00,,0.20,,,中夜班,40.00,DG24914HE0033,12.90,,,89.00,,,0,0.50,,,0.00,0.00,,18.80,12.9,17.7,14.5,21.0,,89.0,40.0,40.0
A2HT24091021-10,D2G09000053001,1110300100049,GYDTA光缆(黑色),GYDTA-72G.652D,HT-05,护套,正常生产,2024-09-15 13:06:18.383,180-205-225-235-245-250-251,0.00,,,14.10,45.00,17.70,14.50,21.00,,0.20,,,早中班,45.00,DG24915HE0005,12.90,,,89.00,,,0,0.50,,,0.00,0.00,,18.80,12.9,17.7,14.5,21.0,,89.0,45.0,45.0
A2HT24091022-10,D2G09000054001,1110300100052,GYDTA光缆(黑色),GYDTA-288G.652D,HT-05,护套,正常生产,2024-09-20 09:11:06.167,180-205-225-235-241-245-246,,,,13.00,40.00,16.40,13.50,20.00,,0.20,,,早中班,40.00,DG24920HE0001,11.80,,,55.00,95.00,,0,0.50,,,,,,17.50,11.8,16.4,13.5,20.0,95.0,55.0,40.0,40.0
A2HT24091023-10,D1G09000222004,1110300200026,GYDTS光缆(黑色),GYDTS-288G.652D,HT-10,护套,正常生产,2024-09-15 19:13:06.977,180- 201- 216- 221- 227- 230-237- 243-247,0.00,0.00,0.00,13.80,40.00,17.20,15.00,21.50,,0.10,,,早中班,40.00,DG24915HK0007,12.60,,,99.00,36.00,,/,0.50,0.00,,,,,10.00,12.6,17.2,15.0,21.5,36.0,99.0,40.0,40.0
A2HT24091025-10,D2G08002453005,1110300100052,GYDTA光缆(黑色),GYDTA-288G.652D,HT-03,护套,正常生产,2024-09-13 10:17:04.570,182-206-227-244-246-245-246,0.00,0.00,0.00,6.70,40.00,9.00,6.60,12.00,0.00,0.10,0.00,0.00,早中班,40.00,DG24913HC0001,5.20,0.00,0.00,79.00,72.00,0.00,0,0.50,0.00,0.00,0.00,0.00,,9.50,5.2,9.0,6.6,12.0,72.0,79.0,40.0,40.0
A2HT24091028-10,D2G09000341001,1110100100678,GYTA光缆(黑色),GYTA-6G.652D,HT-13,护套,正常生产,2024-09-14 00:42:19.513,180,0.00,,,5.50,70.00,9.30,6.60,13.50,,0.10,,,中夜班,70.00,DG24913HN0007,4.50,,,86.00,66.00,,185  212  215  221  231  236  240  241,0.50,,,,,,10.50,4.5,9.3,6.6,13.5,66.0,86.0,70.0,70.0
A2HT24091029-10,D2G09000361001,1110100100678,GYTA光缆(黑色),GYTA-6G.652D,HT-13,护套,正常生产,2024-09-14 00:43:33.017,180,0.00,,,5.50,70.00,9.30,6.60,13.50,,0.10,,,中夜班,70.00,DG24913HN0008,4.50,,,86.00,66.00,,185  212  215  221  231  236  240  241,0.50,,,,,,10.50,4.5,9.3,6.6,13.5,66.0,86.0,70.0,70.0
A2HT2409103-10,D6G09000651001,1110200900011,GYFXTZS光缆(黑色),GYFXTZS-12G.652D,HT-04,护套,正常生产,2024-09-14 05:05:04.587,130-145-155-160-165-165-170,0.00,,,4.40,25.00,9.00,5.00,9.50,,0.00,,,中夜班,25.00,/,2.60,,,71.00,21.00,0.00,0,0.50,,,0.00,0.00,,10.00,2.6,9.0,5.0,9.5,21.0,71.0,25.0,25.0
A2HT24091030-10,D2G09000722001,1110100200773,GYTS光缆(黑色),GYTS-36G.652D,HT-02,护套,正常生产,2024-09-14 16:00:30.060,181-215-225-235-240-255-245,,0.00,0.00,6.30,100.00,9.90,7.50,14.00,0.00,0.10,0.00,0.00,早中班,100.00,DG24914HB0001,5.30,0.00,0.00,60.00,73.00,0.00,0,0.50,0.00,0.00,0.00,0.00,,11.00,5.3,9.9,7.5,14.0,73.0,60.0,100.0,100.0
A2HT24091031-10,D2G09000723001,1110100200511,GYTS光缆(黑色),GYTS-288G.652D,HT-10,护套,正常生产,2024-09-15 21:50:20.047,180- 201- 216- 221- 227- 230-237- 243-247,0.00,0.00,0.00,16.20,40.00,19.60,17.20,23.50,,0.10,,,早中班,40.00,DG24915HK0011,14.80,,,99.00,36.00,,/,0.50,0.00,,,,,10.00,14.8,19.6,17.2,23.5,36.0,99.0,40.0,40.0
A2HT24091032-10,A2HT24091032100001,2100900300213,PE涂覆磷化钢丝加强件(黑色),PE-LHGS,HT-09,护套,正常生产,2024-09-11 21:03:13.253,182-206-227-244-246-245-245,0.00,0.00,0.00,3.00,40.00,4.80,2.70,5.00,0.00,0.20,0.00,0.00,中夜班,45.00,/,2.50,0.00,0.00,46.00,18.00,0.00,0,0.50,0.00,0.00,0.00,0.00,0,5.80,2.5,4.8,2.7,5.0,18.0,46.0,45.0,40.0
A2HT24091033-10,D2G09000721003,1110100200720,GYTS光缆(黑色),GYTS-72G.652D,HT-03,护套,正常生产,2024-09-15 11:43:27.070,182-206-227-244-246-245-246,0.00,0.00,0.00,8.70,60.00,12.10,9.00,16.00,0.00,0.10,0.00,0.00,中夜班,60.00,DG24914HC0016,7.50,0.00,0.00,79.00,72.00,0.00,0,0.50,0.00,0.00,0.00,0.00,,13.20,7.5,12.1,9.0,16.0,72.0,79.0,60.0,60.0
A2HT24091034-10,A2HT24091034100002,2100900300307,PE涂覆磷化钢丝加强件(黑色),PE-LHGS,HT-09,护套,正常生产,2024-09-13 00:35:56.997,182-206-227-244-246-245-245,0.00,0.00,0.00,3.00,30.00,2.50,1.80,2.50,0.00,0.20,0.00,0.00,中夜班,40.00,/,1.70,0.00,0.00,46.00,16.00,0.00,0,0.50,0.00,0.00,0.00,0.00,0,3.00,1.7,2.5,1.8,2.5,16.0,46.0,40.0,30.0
A2HT24091035-10,D2G09000761005,1110100200268,GYTS光缆(黑色),GYTS-48G.652D,HT-06,护套,正常生产,2024-09-15 13:07:47.707,190-210-220-230-245-250-253,0.00,0.00,0.00,8.30,40.00,11.90,9.00,15.50,,0.10,,,中夜班,40.00,DG24915HF0105,7.10,,,80.00,78.00,,/,0.50,0.00,,,0.00,,13.00,7.1,11.9,9.0,15.5,78.0,80.0,40.0,40.0
A2HT24091036-10,D2G09000762025,1110100200704,GYTS光缆(黑色),GYTS-48G.652D,HT-02,护套,正常生产,2024-09-15 01:08:34.677,181-215-225-235-240-255-245,0.00,0.00,0.00,7.90,65.00,11.30,8.50,15.50,0.00,0.10,0.00,0.00,中夜班,65.00,DG24914HB0011,6.70,0.00,0.00,60.00,73.00,0.00,0,0.50,0.00,0.00,8.50,0.00,,12.30,6.7,11.3,8.5,15.5,73.0,60.0,65.0,65.0
A2HT24091037-10,DHHA2405001390004,1110100100689,GYTA光缆(黑色),GYTA-12G.652D,HT-01,护套,正常生产,2024-09-11 09:45:44.377,182-205-225-231-241-245-247,0.00,,,5.20,80.00,7.80,6.00,12.50,,0.10,0.00,0.00,中夜班,80.00,/,4.20,,0.00,62.50,40.00,0.00,0,0.50,,0.00,0.00,0.00,,8.80,4.2,7.8,6.0,12.5,40.0,62.5,80.0,80.0
A2HT2409104-10,D9G09000171001,1110600160036,ADSS-A光缆(黑色),ADSS-12G.652D,HT-06,护套,正常生产,2024-09-14 17:35:15.940,190-210-220-230-245-250-253,0.00,0.00,0.00,11.00,40.00,10.20,8.00,14.00,,0.10,,,中夜班,40.00,/,6.40,,,80.00,78.00,,/,0.50,0.00,,,0.00,,11.00,6.4,10.2,8.0,14.0,78.0,80.0,40.0,40.0
A2HT2409105-10,D9G09000172001,1110600160037,ADSS-A光缆(黑色),ADSS-24G.652D,HT-06,护套,正常生产,2024-09-14 17:25:45.450,190-210-220-230-245-250-253,0.00,0.00,0.00,11.00,40.00,10.20,8.00,14.00,,0.10,,,中夜班,40.00,/,6.40,,,80.00,78.00,,/,0.50,0.00,,,0.00,,11.00,6.4,10.2,8.0,14.0,78.0,80.0,40.0,40.0
A2HT2409106-10,D2G09000513001,1110300100051,GYDTA光缆(黑色),GYDTA-144G.652D,HT-03,护套,正常生产,2024-09-14 13:49:16.770,182-206-227-244-246-245-246,0.00,0.00,0.00,13.20,40.00,16.40,6.60,12.00,0.00,0.10,0.00,0.00,早中班,40.00,DG24914HC0003,11.80,0.00,0.00,79.00,72.00,0.00,0,0.50,0.00,0.00,0.00,0.00,,9.50,11.8,16.4,6.6,12.0,72.0,79.0,40.0,40.0
A2HT2409107-10,D2G09000512001,1110300100052,GYDTA光缆(黑色),GYDTA-288G.652D,HT-05,护套,正常生产,2024-09-15 04:35:29.083,180-205-225-235-245-250-251,0.00,,,14.10,40.00,17.70,14.50,21.00,,0.20,,,中夜班,40.00,DG24914HE0027,12.90,,,89.00,,,0,0.50,,,0.00,0.00,,18.80,12.9,17.7,14.5,21.0,,89.0,40.0,40.0
A2HT2409108-10,D2G09000661001,1110300300010,GYDTZA光缆(黑色),GYDTZA-288G.652D,HT-12,护套,正常生产,2024-09-19 11:02:12.170,130-140-145-150-155-160-166-171,0.00,0.00,0.00,7.80,15.00,11.30,8.50,11.50,0.00,0.10,0.00,0.00,早中班,15.00,DG24919HM0001,6.70,0.00,0.00,104.00,37.00,0.00,0,0.50,0.00,0.00,0.00,0.00,0,9.30,6.7,11.3,8.5,11.5,37.0,104.0,15.0,15.0
A2HT2409109-10,D2G09000662001,1110300100051,GYDTA光缆(黑色),GYDTA-144G.652D,HT-03,护套,正常生产,2024-09-14 15:32:29.123,182-206-227-244-246-245-246,0.00,0.00,0.00,13.20,40.00,16.40,6.60,12.00,0.00,0.10,0.00,0.00,早中班,40.00,DG24914HC0005,11.80,0.00,0.00,79.00,72.00,0.00,0,0.50,0.00,0.00,0.00,0.00,,9.50,11.8,16.4,6.6,12.0,72.0,79.0,40.0,40.0
A2HT24091110-10,D9G09000202003,1110300200090,GYDTS光缆(黑色),GYDTS-144G.652D,HT-03,护套,正常生产,2024-09-13 12:41:51.260,182-206-227-244-246-245-246,0.00,0.00,0.00,6.70,45.00,9.00,6.60,12.00,0.00,0.10,0.00,0.00,早中班,45.00,/,5.20,0.00,0.00,79.00,72.00,0.00,0,0.50,0.00,0.00,0.00,0.00,,9.50,5.2,9.0,6.6,12.0,72.0,79.0,45.0,45.0
A2HT24091111-10,D9G08001261004,1110101760025,GYFTZY光缆(缆芯(G01A12、G02A12、G03A12、G04A12)),GYFTZY-48G.652D,HT-D02,护套,正常生产,2024-09-12 22:29:01.873,160 - 160- 170 -170- 180-180-180,8.50,0.00,0.00,0.00,30.00,12.60,10.00,13.00,0.00,0.20,0.00,0.00,早中班,30.00,,6.70,0.00,0.00,89.00,30.00,0.00,160 - 160- 170 -170- 180-180-180,0.20,0.00,0.00,0.00,0.00,0,0.00,6.7,12.6,10.0,13.0,30.0,89.0,30.0,30.0
A2HT24091113-10,D2F12000751035,1110300100049,GYDTA光缆(黑色),GYDTA-72G.652D,HT-05,护套,正常生产,2024-09-18 20:02:33.950,180-205-225-235-241-245-246,0.00,,,14.10,45.00,17.70,14.50,21.00,,0.20,,,中夜班,45.00,DG24915HE0015,12.90,,,55.00,955.00,,0,0.50,,,0.00,0.00,,18.80,12.9,17.7,14.5,21.0,955.0,55.0,45.0,45.0
A2HT24091119-10,D2G09000752006,1110100100678,GYTA光缆(黑色),GYTA-6G.652D,HT-13,护套,正常生产,2024-09-19 12:00:37.717,180,0.00,0.00,0.00,5.50,75.00,9.30,6.60,13.50,0.00,0.10,0.00,0.00,中夜班,75.00,DG24914HN0004,4.60,0.00,0.00,86.00,66.00,0.00,185  212  215  221  231  236  240  241,0.50,0.00,0.00,6.00,0.00,/,10.50,4.6,9.3,6.6,13.5,66.0,86.0,75.0,75.0
A2HT24091120-10,D2G09000758016,1110100100617,GYTA光缆(黑色),GYTA-48G.652D,HT-06,护套,正常生产,2024-09-19 15:49:29.860,190-210-220-230-245-250-253,0.00,0.00,0.00,7.80,65.00,11.30,8.00,15.50,0.00,0.10,0.00,0.00,早中班,65.00,DG24919HF0007,6.70,0.00,0.00,80.00,78.00,0.00,/,0.50,0.00,0.00,8.50,0.00,,12.30,6.7,11.3,8.0,15.5,78.0,80.0,65.0,65.0
A2HT24091121-10,D2G09000754008,1110100100604,GYTA光缆(黑色),GYTA-96G.652D,HT-05,护套,正常生产,2024-09-19 09:29:48.270,180-205-225-235-241-245-246,,,,10.30,55.00,13.70,11.50,18.00,,0.20,,,早中班,55.00,DG24918HE0014,9.10,,,55.00,955.00,,0,0.50,,,,,,15.00,9.1,13.7,11.5,18.0,955.0,55.0,55.0,55.0
A2HT24091122-10,A2HT24091122100001,2100900300319,PE涂覆磷化钢丝加强件(黑色),PE-LHGS,HT-09,护套,正常生产,2024-09-14 05:09:48.193,182-206-227-244-246-245-245,0.00,0.00,0.00,3.00,45.00,4.10,2.20,4.00,0.00,0.20,0.00,0.00,早中班,45.00,/,2.00,0.00,0.00,66.00,60.00,0.00,0,0.50,0.00,0.00,0.00,0.00,0,8.00,2.0,4.1,2.2,4.0,60.0,66.0,45.0,45.0
A2HT24091123-10,D2G09000756003,1110100100653,GYTA光缆(黑色),GYTA-144G.652D,HT-10,护套,正常生产,2024-09-18 11:25:41.457,180- 201- 216- 221- 227- 230-237- 243-247,0.00,0.00,0.00,13.60,50.00,17.10,14.50,21.00,,0.20,,,早中班,50.00,DG24918HK0003,12.30,,,99.00,36.00,,/,0.50,0.00,,,,,10.00,12.3,17.1,14.5,21.0,36.0,99.0,50.0,50.0
A2HT24091124-10,A2HT24091124100001,2100900300230,PE涂覆磷化钢丝加强件(黑色),PE-LHGS,HT-09,护套,正常生产,2024-09-13 11:55:27.043,182-206-227-244-246-245-245,0.00,0.00,0.00,3.00,30.00,7.30,2.70,7.30,0.00,0.20,0.00,0.00,早中班,30.00,/,2.50,0.00,0.00,66.00,60.00,0.00,0,0.50,0.00,0.00,0.00,0.00,0,8.00,2.5,7.3,2.7,7.3,60.0,66.0,30.0,30.0
A2HT24091125-10,D2G09000753002,1110100100337,GYTA光缆(黑色),GYTA-96G.652D,HT-01,护套,正常生产,2024-09-21 01:23:04.160,182-205-225-231-241-245-247,0.00,,,10.40,40.00,14.00,11.50,18.00,,0.20,0.00,0.00,早中班,40.00,DG24920HA0104,9.20,,0.00,66.00,38.00,0.00,0,0.50,,0.00,0.00,0.00,,15.20,9.2,14.0,11.5,18.0,38.0,66.0,40.0,40.0
A2HT24091126-10,A2HT24091126100002,2100900300206,PE涂覆磷化钢丝加强件(黑色),PE-LHGS,HT-09,护套,正常生产,2024-09-13 15:11:14.003,182-206-227-244-246-245-245,0.00,0.00,0.00,3.00,45.00,4.10,2.70,4.00,0.00,0.20,0.00,0.00,早中班,45.00,/,2.50,0.00,0.00,66.00,60.00,0.00,0,0.50,0.00,0.00,0.00,0.00,0,8.00,2.5,4.1,2.7,4.0,60.0,66.0,45.0,45.0
A2HT24091127-10,D2G09000751001,1110100100473,GYTA光缆(黑色),GYTA-6G.652D,HT-06,护套,正常生产,2024-09-16 02:15:43.333,190-210-220-230-245-250-253,0.00,0.00,0.00,6.50,40.00,9.90,7.50,14.00,,0.10,,,中夜班,40.00,DG24915HF0110,5.30,,,80.00,78.00,,/,0.50,0.00,,,0.00,,11.00,5.3,9.9,7.5,14.0,78.0,80.0,40.0,40.0
A2HT24091128-10,D2G09000755001,1110100160008,GYTA光缆(黑色),GYTA-144G.652D,HT-01,护套,正常生产,2024-09-20 22:23:32.573,182-205-225-231-241-245-247,0.00,,,13.80,40.00,17.20,14.50,21.00,,0.20,0.00,0.00,早中班,40.00,G24920HA0101,12.40,,0.00,66.00,38.00,0.00,0,0.50,,0.00,0.00,0.00,,18.40,12.4,17.2,14.5,21.0,38.0,66.0,40.0,40.0
A2HT24091129-10,A2HT24091129100001,2100900300230,PE涂覆磷化钢丝加强件(黑色),PE-LHGS,HT-09,护套,正常生产,2024-09-13 11:58:07.857,182-206-227-244-246-245-245,0.00,0.00,0.00,3.00,30.00,7.30,2.70,7.30,0.00,0.20,0.00,0.00,早中班,30.00,/,2.50,0.00,0.00,66.00,60.00,0.00,0,0.50,0.00,0.00,0.00,0.00,0,8.00,2.5,7.3,2.7,7.3,60.0,66.0,30.0,30.0
A2HT24091130-10,D2G09000757003,1110100100293,GYTA光缆(黑色),GYTA-48G.652D,HT-06,护套,正常生产,2024-09-15 16:54:55.957,190-210-220-230-245-250-253,0.00,0.00,0.00,8.30,40.00,11.70,9.00,15.50,,0.10,,,中夜班,40.00,DG24915HF0109,7.10,,,80.00,78.00,,/,0.50,0.00,,,0.00,,13.00,7.1,11.7,9.0,15.5,78.0,80.0,40.0,40.0
A2HT24091133-10,D0G09000881001,1110100160016,GYTA光缆(黑色),GYTA-24G.652D,HT-02,护套,正常生产,2024-09-15 11:00:03.447,181-215-225-235-240-255-245,,0.00,0.00,6.00,100.00,10.10,6.60,14.00,0.00,0.10,0.00,0.00,早中班,100.00,/,4.95,0.00,0.00,60.00,73.00,0.00,0,0.50,0.00,0.00,0.00,6.30,,10.50,4.95,10.1,6.6,14.0,73.0,60.0,100.0,100.0
A2HT24091134-10,D9G09000281001,1110102060001,GYFTZY53光缆(黑色),GYFTZY53-72G.652D,HT-12,护套,正常生产,2024-09-20 08:59:20.580,130-140-145-150-155-160-166-171,0.00,0.00,0.00,7.80,25.00,11.30,8.50,11.50,0.00,0.10,0.00,0.00,早中班,25.00,/,6.70,0.00,0.00,104.00,37.00,0.00,0,0.50,0.00,0.00,0.00,0.00,0,9.30,6.7,11.3,8.5,11.5,37.0,104.0,25.0,25.0
A2HT24091135-10,A2HT24091135100001,2120102060001,GYFTZY53内护1(黑色),HT1-72G.652D,HT-05,护套,正常生产,2024-09-19 15:44:40.817,180-205-225-235-241-245-246,,,,5.50,45.00,8.40,6.00,12.00,,0.10,,,早中班,45.00,/,4.50,,,55.00,95.00,,0,0.50,,,,,,9.20,4.5,8.4,6.0,12.0,95.0,55.0,45.0,45.0
A2HT24091136-10,D9G09000282001,1110102000041,GYFTZY53光缆(黑色),GYFTZY53-48G.652D,HT-12,护套,正常生产,2024-09-20 09:29:58.730,130-140-145-150-155-160-166-171,0.00,0.00,0.00,7.80,30.00,11.30,8.50,11.50,0.00,0.10,0.00,0.00,早中班,30.00,/,6.70,0.00,0.00,104.00,37.00,0.00,0,0.50,0.00,0.00,0.00,0.00,0,9.30,6.7,11.3,8.5,11.5,37.0,104.0,30.0,30.0
A2HT24091137-10,A2HT24091137100001,2120102000031,GYFTZY53内护1(黑色),HT1-48G.652D,HT-05,护套,正常生产,2024-09-19 15:37:42.067,180-205-225-235-241-245-246,,,,5.50,45.00,8.40,6.00,12.00,,0.10,,,早中班,45.00,/,4.50,,,55.00,95.00,,0,0.50,,,,,,9.20,4.5,8.4,6.0,12.0,95.0,55.0,45.0,45.0
A2HT2409119-10,D9G09000201004,1110300200090,GYDTS光缆(黑色),GYDTS-144G.652D,HT-03,护套,正常生产,2024-09-13 13:48:24.233,182-206-227-244-246-245-246,0.00,0.00,0.00,6.70,45.00,9.00,6.60,12.00,0.00,0.10,0.00,0.00,早中班,45.00,/,5.20,0.00,0.00,79.00,72.00,0.00,0,0.50,0.00,0.00,0.00,0.00,,9.50,5.2,9.0,6.6,12.0,72.0,79.0,45.0,45.0
A2HT24091215-10,D1G09001041068,1110100200698,GYTS光缆(黑色),GYTS-48G.652D,HT-01,护套,正常生产,2024-09-23 09:16:29.630,182-205-225-231-241-245-247,0.00,,,7.80,65.00,10.90,9.00,15.00,,0.10,0.00,0.00,中夜班,65.00,DG24922HA0008,6.80,,0.00,62.00,56.00,0.00,0,0.50,,0.00,0.00,0.00,,11.90,6.8,10.9,9.0,15.0,56.0,62.0,65.0,65.0
A2HT24091218-10,D0G09001011001,1110102060008,GYFTZY53光缆(黑色),GYFTZY53-4G.651-62.5/125,HT-12,护套,正常生产,2024-09-19 18:00:59.030,130-140-145-150-155-160-166-171,0.00,0.00,0.00,7.80,30.00,11.30,8.50,11.50,0.00,0.10,0.00,0.00,早中班,35.00,/,6.70,0.00,0.00,104.00,37.00,0.00,0,0.50,0.00,0.00,0.00,0.00,0,9.30,6.7,11.3,8.5,11.5,37.0,104.0,35.0,30.0
A2HT24091219-10,A2HT24091219100001,2120102060008,GYFTZY53内护1(黑色),HT1-4G.651-62.5/125,HT-02,护套,正常生产,2024-09-19 16:09:50.757,181-215-225-235-240-255-245,8.30,0.00,0.00,8.00,30.00,12.70,7.50,13.00,0.00,0.10,7.60,7.00,早中班,45.00,/,6.60,0.00,0.00,52.20,16.00,0.00,0,0.50,0.00,0.00,,0.00,,9.20,6.6,12.7,7.5,13.0,16.0,52.2,45.0,30.0
A2HT2409122-10,D1G08002483014,1110100260006,GYTS光缆(黑色),GYTS-24G.652D,HT-02,护套,正常生产,2024-09-13 21:29:01.513,181-215-225-235-240-255-245,,0.00,0.00,6.00,80.00,9.00,6.60,13.50,0.00,0.10,0.00,0.00,中夜班,80.00,DG24913HB0001,5.10,0.00,0.00,60.00,73.00,0.00,0,0.50,0.00,0.00,0.00,0.00,,10.00,5.1,9.0,6.6,13.5,73.0,60.0,80.0,80.0
A2HT24091220-10,D0G09001012001,1110102060009,GYFTZY53光缆(黑色),GYFTZY53-8G.651A1b,HT-12,护套,正常生产,2024-09-19 19:09:59.590,130-140-145-150-155-160-166-171,0.00,0.00,0.00,7.80,30.00,11.30,8.50,11.50,0.00,0.10,0.00,0.00,早中班,35.00,/,6.70,0.00,0.00,104.00,37.00,0.00,0,0.50,0.00,0.00,0.00,0.00,0,9.30,6.7,11.3,8.5,11.5,37.0,104.0,35.0,30.0
A2HT24091221-10,A2HT24091221100001,2120102060009,GYFTZY53内护1(黑色),HT1-8G.651-62.5/125,HT-02,护套,正常生产,2024-09-19 17:46:57.290,181-215-225-235-240-255-245,8.30,0.00,0.00,8.00,30.00,12.70,7.50,13.00,0.00,0.10,7.60,7.00,早中班,45.00,/,6.60,0.00,0.00,52.20,16.00,0.00,0,0.50,0.00,0.00,,0.00,,9.20,6.6,12.7,7.5,13.0,16.0,52.2,45.0,30.0
A2HT24091222-10,D0G09001013001,1110102060003,GYFTZY53光缆(黑色),GYFTZY53-12G.651A1b,HT-12,护套,正常生产,2024-09-19 18:53:45.893,130-140-145-150-155-160-166-171,0.00,0.00,0.00,7.80,30.00,11.30,8.50,11.50,0.00,0.10,0.00,0.00,早中班,35.00,/,6.70,0.00,0.00,104.00,37.00,0.00,0,0.50,0.00,0.00,0.00,0.00,0,9.30,6.7,11.3,8.5,11.5,37.0,104.0,35.0,30.0
A2HT24091223-10,A2HT24091223100001,2120102060003,GYFTZY53内护1(黑色),HT1-12G.651A1b,HT-02,护套,正常生产,2024-09-19 17:49:31.000,181-215-225-235-240-255-245,8.30,0.00,0.00,8.00,30.00,12.70,7.50,13.00,0.00,0.10,7.60,7.00,早中班,45.00,/,6.60,0.00,0.00,52.20,16.00,0.00,0,0.50,0.00,0.00,,0.00,,9.20,6.6,12.7,7.5,13.0,16.0,52.2,45.0,30.0
A2HT24091224-10,D0G09000301001,1110101700265,GYFTZY光缆(黑色),GYFTZY-48G.652D,HT-12,护套,正常生产,2024-09-19 10:22:26.843,130-140-145-150-155-160-166-171,0.00,0.00,0.00,7.80,30.00,11.30,8.50,11.50,0.00,0.10,0.00,0.00,早中班,30.00,/,6.70,0.00,0.00,104.00,37.00,0.00,0,0.50,0.00,0.00,0.00,0.00,0,9.30,6.7,11.3,8.5,11.5,37.0,104.0,30.0,30.0
A2HT24091225-10,D2G09001171104,1110100200782,GYTS光缆(黑色),GYTS-12G.652D,HT-03,护套,正常生产,2024-09-19 12:07:37.150,182-206-227-244-246-245-246,0.00,0.00,0.00,5.60,80.00,12.10,6.60,13.00,0.00,0.10,0.00,0.00,中夜班,80.00,/,4.60,0.00,0.00,79.00,72.00,0.00,0,0.50,0.00,0.00,0.00,0.00,,10.00,4.6,12.1,6.6,13.0,72.0,79.0,80.0,80.0
A2HT24091226-10,D0G09000271006,1110103960002,GYFTY63光缆(黑色),GYFTY63-36G.652D,HT-14,护套,正常生产,2024-09-20 04:48:27.450,180,0.00,,,5.90,40.00,14.00,11.50,18.00,,0.10,,,中夜班,40.00,/,9.90,,,,,,185  212  215  221  231  236  240  241,0.50,,,,,,15.00,9.9,14.0,11.5,18.0,,,40.0,40.0
A2HT24091227-10,A2HT24091227100001,2120103960002,GYFTY63内护(黑色),HT1-36G.652D,HT-13,护套,正常生产,2024-09-18 13:34:38.623,180,9.90,0.00,0.00,5.50,45.00,0.00,9.00,13.50,,0.10,,,中夜班,45.00,/,7.70,,,86.00,66.00,,185  212  215  221  231  236  240  241,0.50,0.00,,,,,10.50,7.7,0.0,9.0,13.5,66.0,86.0,45.0,45.0
A2HT2409123-10,D1G09001041041,1110100200698,GYTS光缆(黑色),GYTS-48G.652D,HT-08,护套,正常生产,2024-09-21 14:47:19.900,180 210  215 225 235 240 245 250,0.00,0.00,0.00,7.80,65.00,10.90,8.50,15.00,0.00,0.10,0.00,0.00,早中班,65.00,DG24918HS0007,6.80,0.00,0.00,139.00,61.00,0.00,0,0.50,0.00,0.00,8.50,0.00,,11.00,6.8,10.9,8.5,15.0,61.0,139.0,65.0,65.0
A2HT2409124-10,D2G09000241001,1110300100051,GYDTA光缆(黑色),GYDTA-144G.652D,HT-05,护套,正常生产,2024-09-20 10:02:50.780,180-205-225-235-241-245-246,,,,13.00,45.00,16.70,13.50,20.00,,0.20,,,早中班,45.00,DG24920HE0002,11.90,,,55.00,95.00,,0,0.50,,,,,,17.50,11.9,16.7,13.5,20.0,95.0,55.0,45.0,45.0
A2HT2409126-10,D2G09000242001,1110300100050,GYDTA光缆(黑色),GYDTA-96G.652D,HT-05,护套,正常生产,2024-09-20 11:05:16.723,180-205-225-235-241-245-245,,,,13.10,45.00,16.70,13.50,20.00,,0.20,,,早中班,45.00,DG24920HE0004,11.90,,,55.00,95.00,,0,0.50,,,,,,17.50,11.9,16.7,13.5,20.0,95.0,55.0,45.0,45.0
A2HT2409127-10,D2G09000821001,1110300100051,GYDTA光缆(黑色),GYDTA-144G.652D,HT-05,护套,正常生产,2024-09-20 10:28:47.957,180-205-225-235-241-245-245,,,,13.10,45.00,16.70,13.50,20.00,,0.20,,,早中班,45.00,DG24920HE0003,11.90,,,55.00,95.00,,0,0.50,,,,,,17.50,11.9,16.7,13.5,20.0,95.0,55.0,45.0,45.0
A2HT2409128-10,D6G09000701001,1110102700008,GYTY光缆(黑色护套-黄色色条),GYTY-144G.652D,HT-01,护套,正常生产,2024-09-20 17:45:54.203,182-205-225-231-241-245-247,0.00,,,12.00,30.00,13.80,12.00,18.00,,0.20,0.00,0.00,早中班,30.00,/,10.20,,0.00,66.00,38.00,0.00,0,0.50,,0.00,0.00,0.00,,14.80,10.2,13.8,12.0,18.0,38.0,66.0,30.0,30.0
A2HT2409129-10,A2HT2409129100001,2100900300260,PE涂覆磷化钢丝加强件(黑色),PE-LHGS,HT-09,护套,正常生产,2024-09-13 13:45:30.990,182-206-227-244-246-245-245,0.00,0.00,0.00,3.00,35.00,6.00,2.70,6.00,0.00,0.20,0.00,0.00,早中班,35.00,/,2.50,0.00,0.00,66.00,60.00,0.00,0,0.50,0.00,0.00,0.00,0.00,0,8.00,2.5,6.0,2.7,6.0,60.0,66.0,35.0,35.0
A2HT2409131-10,D2G09001171061,1110100200782,GYTS光缆(黑色),GYTS-12G.652D,HT-02,护套,正常生产,2024-09-19 06:56:42.890,181-215-225-235-240-255-245,0.00,0.00,0.00,5.60,80.00,9.30,6.60,13.50,0.00,0.10,0.00,0.00,中夜班,80.00,/,4.60,0.00,0.00,52.20,65.30,0.00,0,0.50,0.00,0.00,0.00,0.00,,10.20,4.6,9.3,6.6,13.5,65.3,52.2,80.0,80.0
A2HT24091310-10,D2G09000983001,1110400160002,GYDXTW光缆(黑色),GYDXTW-96G.652D,HT-05,护套,正常生产,2024-09-21 00:10:58.283,180-205-225-235-241-245-245,,,,8.30,50.00,13.00,5.00,13.50,,0.20,,,早中班,50.00,/,6.50,,,55.00,95.00,,0,0.50,,,,,,14.00,6.5,13.0,5.0,13.5,95.0,55.0,50.0,50.0
A2HT24091311-10,D9G09000241002,1110300100052,GYDTA光缆(黑色),GYDTA-288G.652D,HT-05,护套,正常生产,2024-09-22 09:12:22.470,180-205-225-235-241-245-245,,,,14.20,40.00,17.30,14.00,21.00,,0.20,,,早中班,40.00,/,12.90,,,55.00,95.00,,0,0.50,,,,,,18.50,12.9,17.3,14.0,21.0,95.0,55.0,40.0,40.0
A2HT24091312-10,D9G09000231001,1110300100052,GYDTA光缆(黑色),GYDTA-288G.652D,HT-05,护套,正常生产,2024-09-22 04:11:12.007,180-205-225-235-241-245-245,,,,14.20,40.00,17.70,14.00,21.00,,0.20,,,早中班,40.00,/,12.90,,,55.00,95.00,,0,0.50,,,,,,18.50,12.9,17.7,14.0,21.0,95.0,55.0,40.0,40.0
A2HT24091313-10,D9G09000251001,1110300100052,GYDTA光缆(黑色),GYDTA-288G.652D,HT-05,护套,正常生产,2024-09-22 04:40:06.403,180-205-225-235-241-245-245,,,,14.20,40.00,17.70,14.00,21.00,,0.20,,,早中班,40.00,/,12.90,,,55.00,95.00,,0,0.50,,,,,,18.50,12.9,17.7,14.0,21.0,95.0,55.0,40.0,40.0
A2HT24091314-10,D2G09001091001,1110300100052,GYDTA光缆(黑色),GYDTA-288G.652D,HT-05,护套,正常生产,2024-09-22 02:55:44.670,180-205-225-235-241-245-245,,,,14.20,40.00,17.70,14.00,21.00,,0.20,,,早中班,40.00,DG24921HE0005,12.90,,,55.00,95.00,,0,0.50,,,,,,18.50,12.9,17.7,14.0,21.0,95.0,55.0,40.0,40.0
A2HT24091315-10,D2G09001092001,1110300100051,GYDTA光缆(黑色),GYDTA-144G.652D,HT-05,护套,正常生产,2024-09-23 03:22:40.960,180-205-225-235-241-245-245,,,,13.10,45.00,16.70,13.50,20.00,,0.20,,,早中班,45.00,DG24922HE0003,11.80,,,55.00,95.00,,0,0.50,,,,,,17.50,11.8,16.7,13.5,20.0,95.0,55.0,45.0,45.0
A2HT24091316-10,D2G09001093001,1110300100048,GYDTA光缆(黑色),GYDTA-48G.652D,HT-05,护套,正常生产,2024-09-23 02:16:26.067,180-205-225-235-241-245-245,,,,13.10,50.00,16.70,13.50,20.00,,0.20,,,早中班,50.00,DG24922HE0002,11.80,,,55.00,95.00,,0,0.50,,,,,,17.50,11.8,16.7,13.5,20.0,95.0,55.0,50.0,50.0
A2HT24091317-10,D2G09001094001,1110300100050,GYDTA光缆(黑色),GYDTA-96G.652D,HT-05,护套,正常生产,2024-09-23 01:49:47.553,180-205-225-235-241-245-245,,,,13.10,45.00,16.70,13.50,20.00,,0.20,,,早中班,45.00,DG24922HE0001,11.80,,,55.00,95.00,,0,0.50,,,,,,17.50,11.8,16.7,13.5,20.0,95.0,55.0,45.0,45.0
A2HT2409132-10,D2G09001172018,1110100200784,GYTS光缆(黑色),GYTS-24G.652D,HT-02,护套,正常生产,2024-09-24 07:09:15.953,181-215-225-235-240-245-246,0.00,0.00,0.00,6.00,80.00,9.50,6.60,14.00,0.00,0.10,7.60,7.00,早中班,80.00,/,4.95,0.00,0.00,52.20,16.00,0.00,0,0.50,0.00,0.00,0.00,0.00,,10.50,4.95,9.5,6.6,14.0,16.0,52.2,80.0,80.0
A2HT2409133-10,D0G09000271015,1110103960002,GYFTY63光缆(黑色),GYFTY63-36G.652D,HT-06,护套,正常生产,2024-09-22 10:33:27.290,190-210-220-230-245-250-253,9.90,0.00,0.00,12.00,40.00,14.00,11.50,18.50,,0.20,,,早中班,40.00,/,7.70,,,80.00,78.00,,/,0.50,0.00,,,0.00,,15.00,7.7,14.0,11.5,18.5,78.0,80.0,40.0,40.0
A2HT2409134-10,A2HT2409134100010,2120103960002,GYFTY63内护(黑色),HT1-36G.652D,HT-10,护套,正常生产,2024-09-20 08:27:46.430,180- 201- 216- 221- 227- 230-237- 243-247,9.90,0.00,0.00,13.60,45.00,00.00,9.00,13.50,0.00,0.10,0.00,0.00,中夜班,45.00,/,7.70,0.00,0.00,99.00,36.00,0.00,/,0.50,0.00,0.00,0.00,0.00,,11.00,7.7,0.0,9.0,13.5,36.0,99.0,45.0,45.0
A2HT2409135-10,D2G09000841005,1110300100050,GYDTA光缆(黑色),GYDTA-96G.652D,HT-05,护套,正常生产,2024-09-20 19:21:32.267,180-205-225-235-241-245-245,,,,13.10,45.00,16.70,13.50,20.00,,0.20,,,早中班,45.00,DG24920HE0009,11.90,,,55.00,95.00,,0,0.50,,,,,,17.50,11.9,16.7,13.5,20.0,95.0,55.0,45.0,45.0
A2HT2409136-10,D2G09000851001,1110300100052,GYDTA光缆(黑色),GYDTA-288G.652D,HT-05,护套,正常生产,2024-09-22 02:03:40.993,180-205-225-235-241-245-245,,,,14.20,40.00,17.70,14.00,21.00,,0.20,,,早中班,40.00,DG24921HE0004,12.90,,,55.00,95.00,,0,0.50,,,,,,18.50,12.9,17.7,14.0,21.0,95.0,55.0,40.0,40.0
A2HT2409137-10,D2G09000871002,1110300100052,GYDTA光缆(黑色),GYDTA-288G.652D,HT-05,护套,正常生产,2024-09-22 01:33:18.177,180-205-225-235-241-245-245,,,,14.20,40.00,17.70,14.00,21.00,,0.20,,,早中班,40.00,DG24921HE0002,12.90,,,55.00,95.00,,0,0.50,,,,,,18.50,12.9,17.7,14.0,21.0,95.0,55.0,40.0,40.0
A2HT2409138-10,D2G09000981001,1110400160003,GYDXTW光缆(黑色),GYDXTW-144G.652D,HT-05,护套,正常生产,2024-09-20 21:36:41.007,180-205-225-235-241-245-245,,,,9.80,40.00,13.90,10.00,14.00,,0.20,,,早中班,40.00,/,7.80,,,55.00,95.00,,0,0.50,,,,,,15.00,7.8,13.9,10.0,14.0,95.0,55.0,40.0,40.0
A2HT2409139-10,D2G09000982001,1110400160001,GYDXTW光缆(黑色),GYDXTW-72G.652D,HT-05,护套,正常生产,2024-09-20 22:52:52.413,180-205-225-235-241-245-245,,,,7.90,50.00,12.50,8.00,13.20,,0.20,,,早中班,50.00,/,6.00,,,55.00,95.00,,0,0.50,,,,,,13.50,6.0,12.5,8.0,13.2,95.0,55.0,50.0,50.0
A2HT24091410-10,D0G09001321007,1110100100640,GYTA光缆(黑色),GYTA-12G.652D,HT-05,护套,正常生产,2024-09-19 14:46:39.640,180-205-225-235-241-245-246,,,,5.50,100.00,8.40,6.00,12.00,,0.10,,,早中班,100.00,/,4.50,,,55.00,95.00,,0,0.50,,,,,,9.20,4.5,8.4,6.0,12.0,95.0,55.0,100.0,100.0
A2HT24091413-10,D2G09001261033,1110100200783,GYTS光缆(黑色),GYTS-6G.652D,HT-01,护套,正常生产,2024-09-22 01:35:07.783,182-205-225-231-241-245-247,0.00,,,5.50,80.00,9.30,6.00,12.00,,0.10,0.00,0.00,早中班,80.00,/,4.60,,0.00,58.00,56.00,0.00,0,0.50,,0.00,0.00,0.00,,10.30,4.6,9.3,6.0,12.0,56.0,58.0,80.0,80.0
A2HT24091414-10,D2G09001262030,1110100200782,GYTS光缆(黑色),GYTS-12G.652D,HT-01,护套,正常生产,2024-09-22 18:32:11.857,182-205-225-231-241-245-247,0.00,0.00,0.00,5.50,80.00,9.30,6.00,12.00,0.00,0.10,0.00,0.00,早中班,80.00,/,4.60,0.00,0.00,58.00,56.00,0.00,0,0.50,0.00,0.00,0.00,0.00,,10.30,4.6,9.3,6.0,12.0,56.0,58.0,80.0,80.0
A2HT24091415-10,D0G09000321001,1110101600051,GYFTA53光缆(黑色),GYFTA53-24G.652D,HT-11,护套,正常生产,2024-09-20 13:33:13.733,125-144-156-160-162-165-165-170,9.10,0.00,0.00,11.50,55.00,13.50,11.50,17.00,0.00,0.20,0.00,0.00,早中班,55.00,,7.50,0.00,0.00,129.00,33.00,0.00,0,0.50,0.00,0.00,0.00,0.00,/,14.50,7.5,13.5,11.5,17.0,33.0,129.0,55.0,55.0
A2HT24091416-10,A2HT24091416100001,2120101600049,GYFTA53内护1(黑色),HT1-24G.652D,HT-03,护套,正常生产,2024-09-19 14:17:30.593,182-206-227-244-246-245-246,9.10,0.00,0.00,7.60,45.00,0.00,6.60,9.50,0.00,0.10,0.00,0.00,早中班,45.00,/,6.60,0.00,0.00,79.00,72.00,0.00,0,0.50,0.00,0.00,0.00,0.00,,14.50,6.6,0.0,6.6,9.5,72.0,79.0,45.0,45.0
A2HT24091417-10,D0G09000322001,1110101600052,GYFTA53光缆(黑色),GYFTA53-48G.652D,HT-11,护套,正常生产,2024-09-20 12:20:44.183,125-144-156-160-162-165-165-170,10.00,0.00,0.00,11.40,55.00,14.40,12.50,18.00,0.00,0.20,0.00,0.00,早中班,55.00,/,0.00,0.00,0.00,129.00,44.00,0.00,0,0.50,0.00,0.00,0.00,0.00,/,15.50,0.0,14.4,12.5,18.0,44.0,129.0,55.0,55.0
A2HT24091418-10,A2HT24091418100001,2120101600050,GYFTA53内护1(黑色),HT1-48G.652D,HT-03,护套,正常生产,2024-09-19 13:13:38.963,182-206-227-244-246-245-246,10.00,0.00,0.00,8.50,45.00,0.00,6.60,9.50,0.00,0.10,0.00,0.00,早中班,45.00,/,7.50,0.00,0.00,79.00,72.00,0.00,0,0.50,0.00,0.00,0.00,0.00,,14.50,7.5,0.0,6.6,9.5,72.0,79.0,45.0,45.0
A2HT24091419-10,D0G09000323001,1110101700285,GYFTZY光缆(黑色),GYFTZY-4G.652D,HT-12,护套,正常生产,2024-09-19 10:35:04.323,130-140-145-150-155-160-166-171,0.00,0.00,0.00,7.80,30.00,11.30,8.50,11.50,0.00,0.10,0.00,0.00,早中班,35.00,/,6.70,0.00,0.00,104.00,37.00,0.00,0,0.50,0.00,0.00,0.00,0.00,0,9.30,6.7,11.3,8.5,11.5,37.0,104.0,35.0,30.0
A2HT24091420-10,D2G09000441070,1110100200773,GYTS光缆(黑色),GYTS-36G.652D,HT-03,护套,正常生产,2024-09-15 14:48:04.273,182-206-227-244-246-245-246,0.00,0.00,0.00,8.70,80.00,12.10,9.00,16.00,0.00,0.10,0.00,0.00,早中班,80.00,/,7.50,0.00,0.00,79.00,72.00,0.00,0,0.50,0.00,0.00,0.00,0.00,,13.20,7.5,12.1,9.0,16.0,72.0,79.0,80.0,80.0
A2HT24091421-10,D2G09001271001,1110300100051,GYDTA光缆(黑色),GYDTA-144G.652D,HT-05,护套,正常生产,2024-09-20 14:17:24.337,180-205-225-235-241-245-245,,,,13.10,45.00,16.70,13.50,20.00,,0.20,,,早中班,45.00,/,11.90,,,55.00,95.00,,0,0.50,,,,,,17.50,11.9,16.7,13.5,20.0,95.0,55.0,45.0,45.0
A2HT24091422-10,D2G09000543004,1110100100681,GYTA光缆(黑色),GYTA-24G.652D,HT-02,护套,正常生产,2024-09-15 10:47:41.660,181-215-225-235-240-255-245,,0.00,0.00,6.00,100.00,9.50,6.60,14.00,0.00,0.10,0.00,0.00,早中班,100.00,DG24915HB0002,4.95,0.00,0.00,60.00,73.00,0.00,0,0.50,0.00,0.00,0.00,6.30,,10.50,4.95,9.5,6.6,14.0,73.0,60.0,100.0,100.0
A2HT24091423-10,D0G09001211001,1110100400346,GYTA53光缆(黑色),GYTA53-4G.652D,HT-02,护套,正常生产,2024-09-20 17:55:25.903,181-215-225-235-240-255-245,8.30,0.00,0.00,8.00,30.00,12.70,7.50,13.00,0.00,0.10,7.60,7.00,早中班,55.00,,6.60,0.00,0.00,52.20,16.00,0.00,0,0.50,0.00,0.00,,0.00,,9.20,6.6,12.7,7.5,13.0,16.0,52.2,55.0,30.0
A2HT24091424-10,A2HT24091424100001,2120100400302,GYTA53内护1(黑色),HT1-4G.652D,HT-02,护套,正常生产,2024-09-20 13:31:09.720,181-215-225-235-240-255-245,8.30,0.00,0.00,8.00,30.00,12.70,7.50,13.00,0.00,0.10,7.60,7.00,早中班,45.00,,6.60,0.00,0.00,52.20,16.00,0.00,0,0.50,0.00,0.00,,0.00,,9.20,6.6,12.7,7.5,13.0,16.0,52.2,45.0,30.0
A2HT24091429-10,D0G09000271059,1110103960002,GYFTY63光缆(黑色),GYFTY63-36G.652D,HT-06,护套,正常生产,2024-09-22 13:24:02.367,190-210-220-230-245-250-253,9.90,0.00,0.00,12.00,40.00,14.00,11.50,18.50,,0.20,,,早中班,40.00,/,7.70,,,80.00,78.00,,/,0.50,0.00,,,0.00,,15.00,7.7,14.0,11.5,18.5,78.0,80.0,40.0,40.0
A2HT24091430-10,A2HT24091430100003,2120103960002,GYFTY63内护(黑色),HT1-36G.652D,HT-10,护套,正常生产,2024-09-21 01:42:52.520,180- 201- 216- 221- 227- 230-237- 243-247,9.90,0.00,0.00,13.60,45.00,00.00,9.00,13.50,0.00,0.10,0.00,0.00,中夜班,45.00,/,7.70,0.00,0.00,99.00,36.00,0.00,/,0.50,0.00,0.00,0.00,0.00,,11.00,7.7,0.0,9.0,13.5,36.0,99.0,45.0,45.0
A2HT24091435-10,D2G09001281001,1110100660005,GYTZA光缆(黑色),GYTZA-144G.652D,HT-12,护套,正常生产,2024-09-20 10:45:00.687,130-140-145-150-155-160-166-171,0.00,0.00,0.00,7.80,15.00,11.30,8.50,11.50,0.00,0.10,0.00,0.00,早中班,15.00,/,6.70,0.00,0.00,104.00,37.00,0.00,0,0.50,0.00,0.00,0.00,0.00,0,9.30,6.7,11.3,8.5,11.5,37.0,104.0,15.0,15.0
A2HT24091437-10,D2G09001282001,1110100200770,GYTS光缆(黑色),GYTS-144G.652D,HT-10,护套,正常生产,2024-09-21 05:03:54.257,180- 201- 216- 221- 227- 230-237- 243-247,0.00,0.00,0.00,13.40,50.00,17.00,9.00,14.50,,0.20,,,中夜班,50.00,/,12.30,,,99.00,60.00,,/,0.50,0.00,,,,,21.50,12.3,17.0,9.0,14.5,60.0,99.0,50.0,50.0
A2HT24091438-10,A2HT24091438100001,2100900300230,PE涂覆磷化钢丝加强件(黑色),PE-LHGS,HT-09,护套,正常生产,2024-09-15 23:10:36.387,182-206-227-244-246-245-245,0.00,0.00,0.00,3.00,30.00,4.10,2.20,4.00,0.00,0.20,0.00,0.00,早中班,30.00,/,2.00,0.00,0.00,66.00,60.00,0.00,0,0.50,0.00,0.00,0.00,0.00,0,8.00,2.0,4.1,2.2,4.0,60.0,66.0,30.0,30.0
A2HT24091439-10,D2G09001283001,1110100200721,GYTS光缆(黑色),GYTS-96G.652D,HT-10,护套,正常生产,2024-09-21 05:34:02.947,180- 201- 216- 221- 227- 230-237- 243-247,0.00,0.00,0.00,13.40,55.00,17.00,9.00,14.50,,0.20,,,中夜班,55.00,/,12.30,,,99.00,60.00,,/,0.50,0.00,,,,,21.50,12.3,17.0,9.0,14.5,60.0,99.0,55.0,55.0
A2HT24091441-10,D2G09001261041,1110100200783,GYTS光缆(黑色),GYTS-6G.652D,HT-02,护套,正常生产,2024-09-23 07:06:37.723,181-215-225-235-240-245-246,0.00,0.00,0.00,6.00,80.00,9.50,6.60,14.00,0.00,0.10,7.60,7.00,早中班,80.00,/,4.95,0.00,0.00,52.20,16.00,0.00,0,0.50,0.00,0.00,,0.00,,10.50,4.95,9.5,6.6,14.0,16.0,52.2,80.0,80.0
A2HT24091442-10,DACG090031002,1110100400334,GYTA53光缆(黑色),GYTA53-12G.652D,HT-01,护套,正常生产,2024-09-21 05:14:36.953,182-205-225-231-241-245-247,0.00,,,10.20,40.00,13.60,11.00,17.50,,0.20,0.00,0.00,早中班,40.00,/,8.80,,0.00,66.00,38.00,0.00,0,0.50,,0.00,0.00,0.00,,14.80,8.8,13.6,11.0,17.5,38.0,66.0,40.0,40.0
A2HT24091443-10,A2HT24091443100001,2120100400290,GYTA53内护1(黑色),HT1-12G.652D,HT-01,护套,正常生产,2024-09-21 02:47:49.383,182-205-225-231-241-245-247,0.00,,,6.90,40.00,8.80,7.50,12.50,,0.20,0.00,0.00,早中班,40.00,/,5.80,,0.00,66.00,38.00,0.00,0,0.50,,0.00,0.00,0.00,,9.80,5.8,8.8,7.5,12.5,38.0,66.0,40.0,40.0
A2HT2409151-10,D9G09000411001,1110300200089,GYDTS光缆(黑色),GYDTS-288G.652D,HT-05,护套,正常生产,2024-09-21 20:43:21.410,180-205-225-235-241-245-245,,,,14.10,45.00,18.70,14.50,21.00,,0.20,,,早中班,45.00,/,12.90,,,55.00,95.00,,0,0.50,,,,,,19.50,12.9,18.7,14.5,21.0,95.0,55.0,45.0,45.0
A2HT2409152-10,D9G09000412001,1110300200089,GYDTS光缆(黑色),GYDTS-288G.652D,HT-05,护套,正常生产,2024-09-21 21:18:33.287,180-205-225-235-241-245-245,,,,14.10,40.00,18.70,14.50,21.00,,0.20,,,早中班,40.00,/,12.90,,,55.00,95.00,,0,0.50,,,,,,19.50,12.9,18.7,14.5,21.0,95.0,55.0,40.0,40.0
A2HT2409155-10,D9G09000171002,1110600160036,ADSS-A光缆(黑色),ADSS-12G.652D,HT-06,护套,正常生产,2024-09-18 14:55:35.710,190-210-220-230-245-250-253,0.00,0.00,0.00,9.00,40.00,10.20,8.50,15.50,,0.10,,,早中班,40.00,/,6.40,,,80.00,78.00,,/,0.50,0.00,,,0.00,,11.00,6.4,10.2,8.5,15.5,78.0,80.0,40.0,40.0
A2HT24091810-10,D9G09000471001,1110300200090,GYDTS光缆(黑色),GYDTS-144G.652D,HT-05,护套,正常生产,2024-09-21 22:16:50.803,180-205-225-235-241-245-245,,,,13.10,40.00,17.60,13.50,20.00,,0.20,,,早中班,40.00,/,11.80,,,55.00,95.00,,0,0.50,,,,,,18.50,11.8,17.6,13.5,20.0,95.0,55.0,40.0,40.0
A2HT24091811-10,D9G09000472001,1110300200090,GYDTS光缆(黑色),GYDTS-144G.652D,HT-05,护套,正常生产,2024-09-21 23:19:13.013,180-205-225-235-241-245-245,,,,13.10,40.00,17.60,13.50,20.00,,0.20,,,早中班,40.00,/,11.80,,,55.00,95.00,,0,0.50,,,,,,18.50,11.8,17.6,13.5,20.0,95.0,55.0,40.0,40.0
A2HT24091812-10,D9G09000431001,1110100100640,GYTA光缆(黑色),GYTA-12G.652D,HT-13,护套,正常生产,2024-09-23 14:44:58.253,180,0.00,,,5.50,75.00,9.30,6.60,13.50,,0.10,,,中夜班,75.00,/,4.60,,,86.00,66.00,,185  212  215  221  231  236  240  241,0.50,,,,,,10.50,4.6,9.3,6.6,13.5,66.0,86.0,75.0,75.0
A2HT24091813-10,D9G09000441001,1110100100640,GYTA光缆(黑色),GYTA-12G.652D,HT-13,护套,正常生产,2024-09-23 18:03:56.333,180,0.00,,,5.50,75.00,9.30,6.60,13.50,,0.10,,,中夜班,75.00,/,4.60,,,86.00,66.00,,185  212  215  221  231  236  240  241,0.50,,,,,,10.50,4.6,9.3,6.6,13.5,66.0,86.0,75.0,75.0
A2HT24091814-10,D0D06000091004,1110300100201,GYDTA光缆(黑色),GYDTA-288G.652D,HT-05,护套,正常生产,2024-09-23 00:09:54.037,180-205-225-235-241-245-245,,,,13.80,45.00,17.00,14.50,21.00,,0.20,,,早中班,45.00,/,12.60,,,55.00,95.00,,0,0.50,,,,,,18.50,12.6,17.0,14.5,21.0,95.0,55.0,45.0,45.0
A2HT2409182-10,D0G09001201001,1110200160009,GYXTW光缆(黑色),GYXTW-12G.651-50/125(OM3),HT-06,护套,正常生产,2024-09-22 21:59:56.930,190-210-220-230-245-250-253,0.00,0.00,0.00,4.40,45.00,8.70,4.60,9.20,,0.00,,,中夜班,45.00,/,2.60,,,51.10,33.60,,/,0.00,0.00,,5.00,0.00,,9.80,2.6,8.7,4.6,9.2,33.6,51.1,45.0,45.0
A2HT2409184-10,D2G09001262052,1110100200782,GYTS光缆(黑色),GYTS-12G.652D,HT-01,护套,正常生产,2024-09-23 18:24:16.537,182-205-225-231-241-245-247,0.00,0.00,0.00,5.50,80.00,9.30,6.00,12.00,0.00,0.10,0.00,0.00,早中班,80.00,/,4.60,0.00,0.00,58.00,56.00,0.00,0,0.50,0.00,0.00,0.00,0.00,,10.30,4.6,9.3,6.0,12.0,56.0,58.0,80.0,80.0
A2HT2409185-10,D6G09000861007,1110600102299,ADSS-A光缆(黑色),ADSS-6G.652D,HT-14,护套,正常生产,2024-09-24 16:44:02.070,180,0.00,,,5.90,40.00,14.00,11.50,18.00,,0.10,,,中夜班,40.00,/,9.90,,,,,,185  212  215  221  231  236  240  241,0.50,,,,,,15.00,9.9,14.0,11.5,18.0,,,40.0,40.0
A2HT2409186-10,D6G09000867005,1110600102302,ADSS-A光缆(黑色),ADSS-48G.652D,HT-14,护套,正常生产,2024-09-25 13:19:15.310,180,0.00,,,5.90,30.00,10.20,7.50,10.50,,0.10,,,中夜班,30.00,/,6.40,,,,,,185  212  215  221  231  236  240  241,0.50,,,,,,12.00,6.4,10.2,7.5,10.5,,,30.0,30.0
A2HT2409188-10,D2G09000752044,1110100100678,GYTA光缆(黑色),GYTA-6G.652D,HT-08,护套,正常生产,2024-09-19 09:31:41.750,180 210  215 225 235 240 245 250,0.00,,,5.50,100.00,9.30,6.60,13.00,,0.10,,,早中班,100.00,DG24919HS0001,5.60,,,139.00,61.00,,0,0.50,,0.00,6.00,,,10.20,5.6,9.3,6.6,13.0,61.0,139.0,100.0,100.0
A2HT2409189-10,D1G09001041051,1110100200698,GYTS光缆(黑色),GYTS-48G.652D,HT-11,护套,正常生产,2024-09-20 15:59:51.433,125-144-156-160-162-165-165-170,0.00,0.00,0.00,7.80,65.00,10.90,8.50,15.00,0.00,0.10,0.00,0.00,早中班,65.00,DG24920HS0001,6.80,0.00,0.00,129.00,40.00,0.00,0,0.50,0.00,0.00,0.00,0.00,/,11.80,6.8,10.9,8.5,15.0,40.0,129.0,65.0,65.0
A2HT2409191-10,D0G09000261001,1110109260002,GYTA5333光缆(黑色),GYTA5333-48G.652D,HT-01,护套,正常生产,2024-09-23 14:47:57.660,182-205-225-231-241-245-247,12.40,,,15.00,30.00,16.00,14.00,20.50,,0.10,0.00,0.00,中夜班,30.00,JXL20240920,4.95,,0.00,62.00,56.00,0.00,0,0.50,,0.00,0.00,0.00,,11.90,4.95,16.0,14.0,20.5,56.0,62.0,30.0,30.0
A2HT24091915-10,D9G09000291001,1110101600052,GYFTA53光缆(黑色),GYFTA53-48G.652D,HT-03,护套,正常生产,2024-09-24 22:25:30.737,182-206-227-244-246-245-246,8.40,0.00,0.00,9.70,55.00,13.00,10.50,17.00,0.00,0.10,0.00,0.00,中夜班,55.00,/,5.60,0.00,0.00,79.00,72.00,0.00,0,0.50,0.00,0.00,0.00,0.00,,14.00,5.6,13.0,10.5,17.0,72.0,79.0,55.0,55.0
A2HT24091916-10,A2HT24091916100001,2120101600050,GYFTA53内护1(黑色),HT1-48G.652D,HT-03,护套,正常生产,2024-09-24 09:58:00.640,182-206-227-244-246-245-246,10.30,0.00,0.00,8.50,45.00,0.00,9.50,15.00,0.00,0.10,0.00,0.00,早中班,45.00,/,7.50,0.00,0.00,79.00,72.00,0.00,0,0.50,0.00,0.00,0.00,0.00,,11.00,7.5,0.0,9.5,15.0,72.0,79.0,45.0,45.0
A2HT24091917-10,D2G09001441004,1110100200503,GYTS光缆(黑色),GYTS-12G.652D,HT-06,护套,二次护套,2024-09-24 21:19:27.557,190-210-220-230-245-250-253,0.00,0.00,0.00,6.60,30.00,9.80,7.50,14.00,,0.10,,,中夜班,30.00,DG24924HF0104,5.30,,,51.10,33.60,,/,0.50,0.00,,0.00,0.00,,11.00,5.3,9.8,7.5,14.0,33.6,51.1,30.0,30.0
A2HT24091918-10,D2G09001351001D,1110100400205,GYTA53光缆(黑色),GYTA53-48G.652D,HT-03,护套,正常生产,2024-09-24 17:32:18.673,182-206-227-244-246-245-246,9.50,0.00,0.00,10.90,50.00,14.10,11.50,18.00,0.00,0.10,0.00,0.00,早中班,50.00,DG24924HC0001,6.70,0.00,0.00,79.00,72.00,0.00,0,0.50,0.00,0.00,0.00,0.00,,15.20,6.7,14.1,11.5,18.0,72.0,79.0,50.0,50.0
A2HT24091919-10,A2HT24091919100001,2120100400169,GYTA53内护1(黑色),HT1-48G.652D,HT-03,护套,正常生产,2024-09-24 02:50:55.283,182-206-227-244-246-245-246,8.60,0.00,0.00,8.70,45.00,0.00,7.50,12.00,0.00,0.10,0.00,0.00,中夜班,45.00,/,6.60,0.00,0.00,79.00,72.00,0.00,0,0.50,0.00,0.00,0.00,0.00,,8.30,6.6,0.0,7.5,12.0,72.0,79.0,45.0,45.0
A2HT2409192-10,A2HT2409192100002,2120108160004,GYTA5333内护2(黑色),HT2-48G.652D,HT-03,护套,正常生产,2024-09-20 23:12:18.117,182-206-227-244-246-245-246,7.40,0.00,0.00,6.00,40.00,0.00,6.60,11.00,0.00,0.10,0.00,0.00,中夜班,40.00,/,5.00,0.00,0.00,79.00,72.00,0.00,0,0.50,0.00,0.00,0.00,0.00,,8.30,5.0,0.0,6.6,11.0,72.0,79.0,40.0,40.0
A2HT24091920-10,D2G09001352001,1110100400373,GYTA53光缆(黑色),GYTA53-12G.652D,HT-03,护套,正常生产,2024-09-24 18:58:03.700,182-206-227-244-246-245-246,8.40,0.00,0.00,9.70,55.00,13.00,10.50,17.00,0.00,0.10,0.00,0.00,早中班,55.00,DG24924HC0002,5.60,0.00,0.00,79.00,72.00,0.00,0,0.50,0.00,0.00,0.00,0.00,,14.00,5.6,13.0,10.5,17.0,72.0,79.0,55.0,55.0
A2HT24091921-10,A2HT24091921100001,2120100400110,GYTA53内护1(黑色),HT1-12G.652D,HT-03,护套,正常生产,2024-09-24 11:45:12.980,182-206-227-244-246-245-246,8.40,0.00,0.00,6.60,45.00,0.00,7.50,12.00,0.00,0.10,0.00,0.00,早中班,45.00,/,5.60,0.00,0.00,79.00,72.00,0.00,0,0.50,0.00,0.00,0.00,0.00,,11.00,5.6,0.0,7.5,12.0,72.0,79.0,45.0,45.0
A2HT24091922-10,D2G09001341001,1110100400391,GYTA53光缆(黑色),GYTA53-96G.652D,HT-06,护套,正常生产,2024-09-24 23:51:29.473,190-210-220-230-245-250-253,11.90,0.00,0.00,13.20,50.00,16.70,13.50,20.50,,0.20,,,中夜班,50.00,DG24924HF0003,9.10,,,79.60,93.80,,/,0.50,0.00,,13.50,0.00,,17.70,9.1,16.7,13.5,20.5,93.8,79.6,50.0,50.0
A2HT24091923-10,A2HT24091923100001,2120100400147,GYTA53内护1(黑色),HT1-96G.652D,HT-06,护套,正常生产,2024-09-24 22:42:25.737,190-210-220-230-245-250-253,11.90,0.00,0.00,10.20,40.00,16.70,11.50,16.00,,0.20,,,中夜班,40.00,/,9.10,,,51.10,33.60,,/,0.50,0.00,,0.00,10.50,,13.00,9.1,16.7,11.5,16.0,33.6,51.1,40.0,40.0
A2HT24091924-10,A2HT24091924100001,2100900300206,PE涂覆磷化钢丝加强件(黑色),PE-LHGS,HT-10,护套,正常生产,2024-09-22 11:09:27.953,180- 201- 216- 221- 227- 230-237- 243-247,0.00,0.00,0.00,3.00,45.00,4.10,2.70,4.30,,0.20,,,中夜班,45.00,/,2.50,,,99.00,3.00,,/,0.50,0.00,,,,,5.00,2.5,4.1,2.7,4.3,3.0,99.0,45.0,45.0
A2HT2409193-10,A2HT2409193100001,2120108160003,GYTA5333内护1(黑色),HT1-48G.652D,HT-03,护套,正常生产,2024-09-20 17:57:58.130,182-206-227-244-246-245-246,7.40,0.00,0.00,6.00,45.00,0.00,6.60,11.00,0.00,0.10,0.00,0.00,早中班,45.00,/,5.00,0.00,0.00,79.00,72.00,0.00,0,0.50,0.00,0.00,0.00,0.00,,8.30,5.0,0.0,6.6,11.0,72.0,79.0,45.0,45.0
A2HT24091931-10,D0G09000351002,1110100200759,GYTS光缆(黑色),GYTS-4G.652D,HT-02,护套,正常生产,2024-09-23 10:19:34.687,181-215-225-235-240-243-246,0.00,0.00,0.00,5.50,80.00,9.30,6.60,14.00,0.00,0.10,7.60,7.00,早中班,80.00,/,4.60,0.00,0.00,52.20,16.00,0.00,0,0.50,0.00,0.00,,0.00,,10.50,4.6,9.3,6.6,14.0,16.0,52.2,80.0,80.0
A2HT24091932-10,D6G08001012003,1110500500011,GYFDGY光缆(紫色),GYFDGY-48G.652D,HT-01,护套,正常生产,2024-09-19 16:48:09.250,182-205-225-231-241-245-247,13.80,,,16.00,30.00,17.00,15.50,21.50,,0.20,0.00,0.00,早中班,30.00,/,8.40,,0.00,62.50,40.00,0.00,0,0.50,,0.00,0.00,0.00,,18.00,8.4,17.0,15.5,21.5,40.0,62.5,30.0,30.0
A2HT24091935-10,D1G09001443018,1110100260003,GYTS光缆(黑色),GYTS-12G.652D,HT-01,护套,正常生产,2024-09-26 18:26:42.723,182-205-225-231-241-245-247,0.00,0.00,0.00,5.60,80.00,8.80,6.50,13.00,0.00,0.10,0.00,0.00,中夜班,80.00,DG24923HA0012,4.95,0.00,0.00,62.00,56.00,0.00,0,0.50,0.00,0.00,0.00,0.00,/,10.00,4.95,8.8,6.5,13.0,56.0,62.0,80.0,80.0
A2HT24091936-10,D2G09001501005,1110300100052,GYDTA光缆(黑色),GYDTA-288G.652D,HT-05,护套,正常生产,2024-09-24 13:18:23.363,180-205-225-235-241-245-245,,,,14.20,40.00,17.70,14.50,21.50,,0.20,,,早中班,40.00,DG24924HE0005,12.90,,,66.00,82.00,,0,0.50,,,,,,18.90,12.9,17.7,14.5,21.5,82.0,66.0,40.0,40.0
A2HT24091937-10,D2G09001502004,1110400160003,GYDXTW光缆(黑色),GYDXTW-144G.652D,HT-05,护套,正常生产,2024-09-23 16:43:17.607,180-205-225-235-241-245-245,,,,9.70,40.00,13.90,10.00,14.50,,0.10,,,早中班,40.00,DG24923HE0003,7.80,,,55.00,66.00,,0,0.50,,,,,,15.00,7.8,13.9,10.0,14.5,66.0,55.0,40.0,40.0
A2HT24091938-10,D2G09001491001,1110400160008,GYDXTW光缆(黑色),GYDXTW-192G.652D,HT-05,护套,正常生产,2024-09-23 09:52:58.250,180-205-225-235-241-245-245,,,,11.60,35.00,15.70,12.00,16.20,,0.20,,,早中班,35.00,/,9.60,,,55.00,66.00,,0,0.50,,,,,,16.70,9.6,15.7,12.0,16.2,66.0,55.0,35.0,35.0
A2HT24091939-10,D2G09001492001,1110400160003,GYDXTW光缆(黑色),GYDXTW-144G.652D,HT-05,护套,正常生产,2024-09-23 18:22:19.873,180-205-225-235-241-245-245,,,,9.70,40.00,13.90,10.00,14.50,,0.10,,,早中班,40.00,/,7.80,,,55.00,66.00,,0,0.50,,,,,,15.00,7.8,13.9,10.0,14.5,66.0,55.0,40.0,40.0
A2HT2409194-10,D2G09000991017,1110200100122,GYXTW光缆(黑色),GYXTW-12G.652D,HT-06,护套,正常生产,2024-09-24 10:40:33.350,190-210-220-230-245-250-253,0.00,0.00,0.00,4.40,45.00,9.10,4.60,9.20,,0.00,,,中夜班,45.00,DG24923HF0010,2.60,,,51.10,33.60,,/,0.00,0.00,,5.00,0.00,,10.00,2.6,9.1,4.6,9.2,33.6,51.1,45.0,45.0
A2HT24091940-10,D2G09001493002,1110400160002,GYDXTW光缆(黑色),GYDXTW-96G.652D,HT-05,护套,正常生产,2024-09-24 00:09:49.533,180-205-225-235-241-245-245,,,,8.40,50.00,13.00,9.00,13.60,,0.10,,,早中班,50.00,/,6.50,,,55.00,66.00,,0,0.50,,,,,,14.00,6.5,13.0,9.0,13.6,66.0,55.0,50.0,50.0
A2HT24091941-10,D2G09001494003,1110400160001,GYDXTW光缆(黑色),GYDXTW-72G.652D,HT-05,护套,正常生产,2024-09-24 03:08:47.120,180-205-225-235-241-245-245,,,,7.80,50.00,12.50,8.00,13.20,,0.10,,,早中班,50.00,/,6.00,,,55.00,66.00,,0,0.50,,,,,,13.60,6.0,12.5,8.0,13.2,66.0,55.0,50.0,50.0
A2HT24091942-10,D2G09001495001,1110400160005,GYDXTW光缆(黑色),GYDXTW-288G.652D,HT-05,护套,正常生产,2024-09-23 05:03:05.267,180-205-225-235-241-245-245,,,,12.80,35.00,16.90,13.20,17.60,,0.20,,,早中班,35.00,/,10.80,,,55.00,95.00,,0,0.50,,,,,,19.00,10.8,16.9,13.2,17.6,95.0,55.0,35.0,35.0
A2HT2409195-10,D6G09000862004,1110101360006,GYFTS光缆(黑色),GYFTS-6G.652D,HT-01,护套,正常生产,2024-09-25 10:11:17.200,182-205-225-231-241-245-247,0.00,,,7.60,35.00,11.80,8.00,15.00,,0.10,0.00,0.00,中夜班,35.00,/,6.40,,0.00,62.00,56.00,0.00,0,0.50,,0.00,0.00,0.00,,13.00,6.4,11.8,8.0,15.0,56.0,62.0,35.0,35.0
A2HT2409196-10,D6G09000864003,1110101360007,GYFTS光缆(黑色),GYFTS-12G.652D,HT-01,护套,正常生产,2024-09-26 01:57:16.337,182-205-225-231-241-245-247,0.00,,,7.60,35.00,11.80,8.00,15.00,,0.10,0.00,0.00,中夜班,35.00,/,6.40,,0.00,62.00,56.00,0.00,0,0.50,,0.00,0.00,0.00,,13.00,6.4,11.8,8.0,15.0,56.0,62.0,35.0,35.0
A2HT2409197-10,D6G09000866003,1110101360008,GYFTS光缆(黑色),GYFTS-24G.652D,HT-01,护套,正常生产,2024-09-25 20:54:41.657,182-205-225-231-241-245-247,0.00,,,7.60,35.00,11.80,8.00,15.00,,0.10,0.00,0.00,中夜班,35.00,/,6.40,,0.00,62.00,56.00,0.00,0,0.50,,0.00,0.00,0.00,,13.00,6.4,11.8,8.0,15.0,56.0,62.0,35.0,35.0
A2HT2409198-10,D6G09000861020,1110600102299,ADSS-A光缆(黑色),ADSS-6G.652D,HT-01,护套,正常生产,2024-09-27 06:35:04.930,182-205-225-231-241-245-247,0.00,,,7.60,40.00,10.10,7.50,10.50,,0.10,0.00,0.00,中夜班,40.00,/,6.40,,0.00,62.00,56.00,0.00,0,0.50,,0.00,0.00,0.00,,11.00,6.4,10.1,7.5,10.5,56.0,62.0,40.0,40.0
A2HT2409199-10,D6G09000867027,1110600102302,ADSS-A光缆(黑色),ADSS-48G.652D,HT-D04,护套,正常生产,2024-10-05 19:31:41.620,140-150-160-170-180-180-180,,0.00,0.00,0.00,40.00,10.20,8.50,13.50,0.00,0.15,0.00,0.00,早中班,40.00,,6.70,0.76,18.00,110.00,24.00,0.00,0,0.20,0.00,0.00,0.00,0.00,0,0.00,6.7,10.2,8.5,13.5,24.0,110.0,40.0,40.0
A2HT2409201-10,D1Z24090017009,1110100100676,GYTA光缆(黑色),GYTA-144G.652D,HT-06,护套,正常生产,2024-09-26 08:24:42.377,190-210-220-230-245-250-253,0.00,0.00,0.00,13.70,50.00,16.40,14.50,21.00,,0.20,,,中夜班,50.00,DG24925HF0016,12.40,,,79.60,93.80,,/,0.50,0.00,,0.00,0.00,,17.50,12.4,16.4,14.5,21.0,93.8,79.6,50.0,50.0
A2HT24092010-10,D6G09000861031,1110600102299,ADSS-A光缆(黑色),ADSS-6G.652D,HT-01,护套,正常生产,2024-09-28 01:04:13.617,182-205-225-231-241-245-246,0.00,,,7.60,30.00,10.10,7.50,10.50,,0.10,0.00,0.00,中夜班,30.00,/,6.40,,0.00,62.00,56.00,0.00,0,0.50,,0.00,0.00,0.00,,11.00,6.4,10.1,7.5,10.5,56.0,62.0,30.0,30.0
A2HT24092012-10,D6G09000867024,1110600102302,ADSS-A光缆(黑色),ADSS-48G.652D,HT-D04,护套,正常生产,2024-10-04 22:24:52.390,140-150-160-170-180-180-180,,0.00,0.00,0.00,40.00,10.20,8.50,13.50,0.00,0.15,0.00,0.00,早中班,40.00,,6.70,0.76,18.00,110.00,24.00,0.00,0,0.20,0.00,0.00,0.00,0.00,0,0.00,6.7,10.2,8.5,13.5,24.0,110.0,40.0,40.0
A2HT24092013-10,D2G09001361040,1110101100028,GYTS04光缆(黑色),GYTS04-4G.652D,HT-01,护套,正常生产,2024-10-09 13:18:20.677,182-205-225-231-241-245-246,8.90,,,11.00,30.00,10.90,10.00,16.00,,0.20,0.00,0.00,早中班,30.00,DG24A08HA0005,5.30,,0.00,62.00,56.00,0.00,210-240-245-250-265-265-250,0.50,,0.00,0.00,0.00,,11.80,5.3,10.9,10.0,16.0,56.0,62.0,30.0,30.0
A2HT24092014-10,A2HT24092014100003,2120101100030,GYTS04内护1(黑色),HT1-4G.652D,HT-03,护套,正常生产,2024-10-06 06:51:09.240,182-206-227-244-246-245-246,0.00,0.00,0.00,10.20,65.00,13.70,10.50,17.00,0.00,0.10,0.00,0.00,早中班,65.00,/,9.10,0.00,0.00,79.00,72.00,0.00,0,0.50,0.00,0.00,0.00,0.00,,15.00,9.1,13.7,10.5,17.0,72.0,79.0,65.0,65.0
A2HT24092015-10,D1G09001443158,1110100260003,GYTS光缆(黑色),GYTS-12G.652D,HT-14,护套,正常生产,2024-09-28 10:52:27.057,180,0.00,0.00,0.00,5.90,80.00,8.80,7.50,14.50,0.00,0.10,0.00,0.00,中夜班,80.00,DG24925HP0023,4.60,0.00,0.00,79.00,72.00,0.00,185  212  215  221  231  236  240  241,0.50,0.00,0.00,0.00,0.00,/,10.00,4.6,8.8,7.5,14.5,72.0,79.0,80.0,80.0
A2HT24092017-10,D1Z24090017044,1110100100676,GYTA光缆(黑色),GYTA-144G.652D,HT-06,护套,正常生产,2024-09-29 21:04:31.700,190-210-220-230-245-250-253,0.00,0.00,0.00,13.70,50.00,16.40,14.50,21.00,,0.20,,,早中班,50.00,DG24929HF0008,12.40,,,79.60,93.80,,/,0.50,0.00,,0.00,0.00,,17.50,12.4,16.4,14.5,21.0,93.8,79.6,50.0,50.0
A2HT24092018-10,A2HT24092018100001,2100900300326,PE涂覆磷化钢丝加强件(黑色),PE-LHGS,HT-09,护套,正常生产,2024-09-24 02:31:03.347,182-206-227-244-246-245-245,0.00,0.00,0.00,3.00,30.00,7.30,2.70,7.30,0.00,0.20,0.00,0.00,早中班,30.00,/,2.50,0.00,0.00,66.00,60.00,0.00,0,0.50,0.00,0.00,0.00,0.00,0,8.00,2.5,7.3,2.7,7.3,60.0,66.0,30.0,30.0
A2HT24092019-10,D1G09001041062,1110100200698,GYTS光缆(黑色),GYTS-48G.652D,HT-01,护套,正常生产,2024-09-22 19:28:45.910,182-205-225-231-241-245-247,0.00,,,7.80,65.00,10.90,9.00,15.00,,0.10,0.00,0.00,早中班,65.00,DG24922HA0002,6.80,,0.00,62.00,56.00,0.00,0,0.50,,0.00,0.00,0.00,,11.90,6.8,10.9,9.0,15.0,56.0,62.0,65.0,65.0
A2HT2409202-10,A2HT2409202100001,2100900300326,PE涂覆磷化钢丝加强件(黑色),PE-LHGS,HT-09,护套,正常生产,2024-09-22 11:01:13.097,182-206-227-244-246-245-245,0.00,0.00,0.00,3.00,30.00,7.30,2.70,7.30,0.00,0.20,0.00,0.00,中夜班,30.00,/,2.50,0.00,0.00,66.00,60.00,0.00,0,0.50,0.00,0.00,0.00,0.00,0,8.00,2.5,7.3,2.7,7.3,60.0,66.0,30.0,30.0
A2HT24092020-10,D6G09000867050,1110600102302,ADSS-A光缆(黑色),ADSS-48G.652D,HT-D01,护套,正常生产,2024-10-09 04:23:58.073,170-180-190-210-220-240-240-245,,0.00,0.00,0.00,30.00,10.20,8.50,13.80,0.00,2.00,0.00,0.00,早中班,30.00,,6.70,0.83,8050.28,91.00,63.00,0.00,172-182-189-210-220-239-238-250,0.20,0.00,0.00,0.00,0.00,0,0.00,6.7,10.2,8.5,13.8,63.0,91.0,30.0,30.0
A2HT24092021-10,D2G09001361072,1110101100028,GYTS04光缆(黑色),GYTS04-4G.652D,HT-01,护套,正常生产,2024-10-10 17:21:59.620,182-205-225-231-241-245-246,8.90,,,11.00,30.00,10.90,10.00,16.00,,0.20,0.00,0.00,早中班,45.00,DG24A09HA0021,5.30,,0.00,62.00,56.00,0.00,210-240-245-250-265-265-250,0.50,,0.00,0.00,0.00,,11.80,5.3,10.9,10.0,16.0,56.0,62.0,45.0,30.0
A2HT24092022-10,A2HT24092022100001,2120101100030,GYTS04内护1(黑色),HT1-4G.652D,HT-05,护套,正常生产,2024-10-08 18:36:05.603,180-205-225-235-241-245-246,8.90,,,6.30,65.00,0.00,6.60,12.80,,0.10,,,早中班,65.00,/,5.30,,,61.00,49.10,,0,0.50,,,6.50,0.00,,9.80,5.3,0.0,6.6,12.8,49.1,61.0,65.0,65.0
A2HT24092023-10,D6G09000868002,1110101360009,GYFTS光缆(黑色),GYFTS-48G.652D,HT-05,护套,正常生产,2024-10-06 10:09:48.447,180-205-225-235-241-245-245,0.00,,,8.30,35.00,12.40,9.00,16.00,,0.10,,,中夜班,35.00,/,7.00,,,61.00,62.00,,0,0.50,,,,,,13.20,7.0,12.4,9.0,16.0,62.0,61.0,35.0,35.0
A2HT24092024-10,D6G0900086A006,1110101360010,GYFTS光缆(黑色),GYFTS-96G.652D,HT-01,护套,正常生产,2024-10-04 16:48:46.717,182-205-225-231-241-245-246,0.00,,,9.50,30.00,13.80,10.00,16.70,,0.20,0.00,0.00,早中班,30.00,/,8.40,,0.00,62.00,56.00,0.00,0,0.50,,0.00,0.00,0.00,,15.00,8.4,13.8,10.0,16.7,56.0,62.0,30.0,30.0
A2HT24092025-10,A2HT24092025100001,2100900400234,PE涂覆GFRP加强件(黑色),PE-GFRP,HT-09,护套,正常生产,2024-09-25 05:22:30.147,182-206-227-244-246-245-245,0.00,0.00,0.00,3.00,45.00,4.10,2.70,7.30,0.00,0.20,0.00,0.00,中夜班,45.00,/,2.50,0.00,0.00,66.00,60.00,0.00,0,0.50,0.00,0.00,0.00,0.00,0,8.00,2.5,4.1,2.7,7.3,60.0,66.0,45.0,45.0
A2HT24092026-10,D6G0900086B006,1110600160038,ADSS-A光缆(黑色),ADSS-12G.652D,HT-07,护套,正常生产,2024-10-07 22:06:05.860,160-180-190-191-200-205-215-220,0.00,0.00,0.00,6.00,25.00,6.80,5.50,7.00,0.00,0.00,0.00,0.00,中夜班,25.00,/,4.60,0.00,0.00,0.00,64.00,0.00,0,0.00,0.00,0.00,0.00,0.00,,0.00,4.6,6.8,5.5,7.0,64.0,0.0,25.0,25.0
A2HT24092027-10,D2G09001101002,1110200500030,GYXTS光缆(黑色),GYXTS-24G.652D,HT-05,护套,正常生产,2024-09-28 12:14:19.980,180-205-225-235-241-245-245,0.00,,,5.40,60.00,9.00,6.00,13.50,,0.10,,,中夜班,60.00,DG24927HE0014,3.00,,,59.00,45.00,,0,0.50,,,,,,10.00,3.0,9.0,6.0,13.5,45.0,59.0,60.0,60.0
A2HT24092028-10,D2G09001102004,1110200500028,GYXTS光缆(黑色),GYXTS-48G.652D,HT-05,护套,正常生产,2024-09-28 21:07:19.823,180-205-225-235-241-245-245,0.00,,,6.80,60.00,10.50,7.50,15.50,,0.10,,,早中班,60.00,DG24928HE0008,5.70,,,61.00,62.00,,0,0.50,,,,,,11.50,5.7,10.5,7.5,15.5,62.0,61.0,60.0,60.0
A2HT24092029-10,D0G09001541001,1110100100640,GYTA光缆(黑色),GYTA-12G.652D,HT-02,护套,正常生产,2024-09-28 13:57:15.937,181-215-225-235-240-243-246,0.00,0.00,0.00,5.60,100.00,8.80,6.60,14.00,0.00,0.10,0.00,0.00,早中班,100.00,/,4.70,0.00,0.00,62.00,73.00,0.00,0,0.50,0.00,0.00,6.60,0.00,,9.90,4.7,8.8,6.6,14.0,73.0,62.0,100.0,100.0
A2HT2409203-10,D2G09001361021,1110101100028,GYTS04光缆(黑色),GYTS04-4G.652D,HT-01,护套,正常生产,2024-10-07 17:44:02.303,182-205-225-231-241-245-246,8.90,,,11.00,30.00,10.90,10.00,16.00,,0.20,0.00,0.00,早中班,30.00,DG24A07HA0001,5.30,,0.00,62.00,56.00,0.00,210-240-245-250-265-265-250,0.50,,0.00,0.00,0.00,,11.80,5.3,10.9,10.0,16.0,56.0,62.0,30.0,30.0
A2HT24092030-10,D0G09001542001,1110100400235,GYTA53光缆(黑色),GYTA53-12G.652D,HT-03,护套,正常生产,2024-09-26 18:27:14.600,182-206-227-244-246-245-246,7.90,0.00,0.00,9.30,55.00,12.10,10.50,17.00,0.00,0.10,0.00,0.00,早中班,55.00,/,5.40,0.00,0.00,79.00,72.00,0.00,0,0.50,0.00,0.00,0.00,0.00,,11.60,5.4,12.1,10.5,17.0,72.0,79.0,55.0,55.0
A2HT24092031-10,A2HT24092031100001,2120100400206,GYTA53内护1(黑色),HT1-12G.652D,HT-03,护套,正常生产,2024-09-26 11:45:44.813,182-206-227-244-246-245-246,7.90,0.00,0.00,6.40,45.00,0.00,7.50,12.00,0.00,0.10,0.00,0.00,早中班,45.00,/,5.40,0.00,0.00,79.00,72.00,0.00,0,0.50,0.00,0.00,0.00,0.00,,8.80,5.4,0.0,7.5,12.0,72.0,79.0,45.0,45.0
A2HT24092032-10,D0G09001543001,1110100200765,GYTS光缆(黑色),GYTS-48G.652D,HT-10,护套,正常生产,2024-09-26 20:55:21.737,180- 201- 216- 221- 227- 230-237- 243-247,0.00,0.00,0.00,3.00,60.00,9.20,6.60,14.00,,0.10,,,中夜班,60.00,/,5.15,,,67.00,20.00,,/,0.50,0.00,,,,,10.00,5.15,9.2,6.6,14.0,20.0,67.0,60.0,60.0
A2HT24092033-10,D0G09001544001,1110200100129,GYXTW光缆(黑色),GYXTW-4G.652D,HT-06,护套,正常生产,2024-09-24 11:04:27.447,190-210-220-230-245-250-253,0.00,0.00,0.00,4.40,45.00,9.10,4.60,9.20,,0.00,,,早中班,45.00,/,2.60,,,51.10,33.60,,/,0.00,0.00,,5.00,0.00,,10.00,2.6,9.1,4.6,9.2,33.6,51.1,45.0,45.0
A2HT24092034-10,D2G09001561001,1110101100025,GYTS04光缆(黑色),GYTS04-48G.652D,HT-01,护套,正常生产,2024-10-05 11:02:27.183,182-205-225-231-241-245-246,11.10,,,12.60,25.00,13.10,12.50,18.50,,0.20,0.00,0.00,早中班,25.00,DG24A06HA0001,7.50,,0.00,62.00,56.00,0.00,210-240-245-250-265-265-250,0.50,,0.00,0.00,0.00,,14.20,7.5,13.1,12.5,18.5,56.0,62.0,25.0,25.0
A2HT24092035-10,A2HT24092035100001,2120101100027,GYTS04内护1(黑色),HT1-48G.652D,HT-03,护套,正常生产,2024-10-04 14:40:17.363,182-206-227-244-246-245-246,0.00,0.00,0.00,10.20,65.00,13.70,10.50,17.00,0.00,0.10,0.00,0.00,早中班,65.00,/,9.10,0.00,0.00,79.00,72.00,0.00,0,0.50,0.00,0.00,0.00,0.00,,15.00,9.1,13.7,10.5,17.0,72.0,79.0,65.0,65.0
A2HT24092036-10,D0G09001551004,1110100760007,GYTZS光缆(黑色),GYTZS-96G.652D,HT-12,护套,正常生产,2024-09-28 00:05:05.910,130-140-145-150-155-160-160-166,7.30,0.00,0.00,8.30,20.00,12.30,9.00,13.00,0.00,0.20,0.00,0.00,早中班,20.00,/,0.00,0.00,0.00,104.00,37.00,0.00,0,0.50,0.00,0.00,0.00,0.00,0,13.20,0.0,12.3,9.0,13.0,37.0,104.0,20.0,20.0
A2HT24092037-10,A2HT24092037100001,2100900300323,PE涂覆磷化钢丝加强件(黑色),PE-LHGS,HT-09,护套,正常生产,2024-09-25 07:12:36.710,182-206-227-244-246-245-245,0.00,0.00,0.00,3.00,45.00,4.10,2.70,7.30,0.00,0.20,0.00,0.00,中夜班,45.00,,2.50,0.00,0.00,66.00,60.00,0.00,0,0.50,0.00,0.00,0.00,0.00,0,8.00,2.5,4.1,2.7,7.3,60.0,66.0,45.0,45.0
A2HT24092038-10,D0G09001552003,1110100760008,GYTZS光缆(黑色护套-橙色色条),GYTZS-96G.652D,HT-12,护套,正常生产,2024-09-28 02:12:19.753,130-140-145-150-155-160-160-166,7.30,0.00,0.00,8.30,20.00,12.30,9.00,13.00,0.00,0.20,0.00,0.00,早中班,20.00,/,0.00,0.00,0.00,104.00,37.00,0.00,0,0.50,0.00,0.00,0.00,0.00,0,13.20,0.0,12.3,9.0,13.0,37.0,104.0,20.0,20.0
A2HT24092039-10,A2HT24092039100001,2100900300323,PE涂覆磷化钢丝加强件(黑色),PE-LHGS,HT-09,护套,正常生产,2024-09-25 08:08:25.177,182-206-227-244-246-245-245,0.00,0.00,0.00,3.00,45.00,3.10,2.70,7.30,0.00,0.20,0.00,0.00,早中班,45.00,/,1.70,0.00,0.00,66.00,60.00,0.00,0,0.50,0.00,0.00,0.00,0.00,0,8.00,1.7,3.1,2.7,7.3,60.0,66.0,45.0,45.0
A2HT2409204-10,A2HT2409204100004,2120101100030,GYTS04内护1(黑色),HT1-4G.652D,HT-03,护套,正常生产,2024-10-07 11:42:46.410,182-206-227-244-246-245-246,0.00,0.00,0.00,10.20,65.00,13.70,10.50,17.00,0.00,0.10,0.00,0.00,中夜班,65.00,/,9.10,0.00,0.00,79.00,72.00,0.00,0,0.50,0.00,0.00,0.00,0.00,,15.00,9.1,13.7,10.5,17.0,72.0,79.0,65.0,65.0
A2HT24092040-10,D0G09000341008,1110200960006,GYFXTZS光缆(黑色),GYFXTZS-4G.652D,HT-12,护套,正常生产,2024-09-26 00:06:55.477,130-140-145-150-155-160-160-166,0.00,0.00,0.00,4.40,25.00,7.80,5.00,8.00,0.00,0.10,0.00,0.00,早中班,25.00,/,2.50,0.00,0.00,104.00,37.00,0.00,0,0.50,0.00,0.00,0.00,0.00,0,9.00,2.5,7.8,5.0,8.0,37.0,104.0,25.0,25.0
A2HT24092041-10,D0G09000342001,1110200960007,GYFXTZS光缆(黑色),GYFXTZS-8G.651-50/125(OM2),HT-12,护套,正常生产,2024-09-26 08:53:08.820,130-140-145-150-155-160-160-166,0.00,0.00,0.00,4.40,25.00,7.80,5.00,8.00,0.00,0.10,0.00,0.00,早中班,25.00,/,2.50,0.00,0.00,104.00,37.00,0.00,0,0.50,0.00,0.00,0.00,0.00,0,9.00,2.5,7.8,5.0,8.0,37.0,104.0,25.0,25.0
A2HT24092042-10,D6G09000291003,1111202560003,GYMXTZY光缆(黑色),GYMXTZY-4G.652D,HT-04,护套,正常生产,2024-10-05 21:23:06.533,130-145-155-160-165-165-170,4.30,,,6.00,30.00,8.30,5.50,8.50,,0.10,,,中夜班,30.00,/,0.00,,,71.00,0.00,0.00,0,0.50,,,0.00,0.00,,11.00,0.0,8.3,5.5,8.5,0.0,71.0,30.0,30.0
A2HT24092043-10,D2G09001461001,1110100200575,GYTS光缆(黑色),GYTS-96G.652D,HT-05,护套,正常生产,2024-09-28 00:48:52.907,180-205-225-235-241-245-245,0.00,,,10.40,35.00,14.20,10.50,17.00,,0.10,,,中夜班,35.00,DG24927HE0109,9.20,,,59.00,45.00,,0,0.50,,,,,,15.00,9.2,14.2,10.5,17.0,45.0,59.0,35.0,35.0
A2HT24092044-10,A2HT24092044100001,2100900300206,PE涂覆磷化钢丝加强件(黑色),PE-LHGS,HT-09,护套,正常生产,2024-09-24 16:27:06.460,182-206-227-244-246-245-245,0.00,0.00,0.00,3.00,45.00,4.10,2.70,7.30,0.00,0.20,0.00,0.00,中夜班,45.00,/,2.50,0.00,0.00,66.00,60.00,0.00,0,0.50,0.00,0.00,0.00,0.00,0,8.00,2.5,4.1,2.7,7.3,60.0,66.0,45.0,45.0
A2HT24092045-10,D2G09001463001,1110100200642,GYTS光缆(黑色),GYTS-144G.652D,HT-05,护套,正常生产,2024-09-28 03:50:37.640,180-205-225-235-241-245-245,0.00,,,10.40,40.00,14.20,10.50,17.00,,0.10,,,中夜班,40.00,DG24927HE0111,9.20,,,59.00,45.00,,0,0.50,,,,,,15.00,9.2,14.2,10.5,17.0,45.0,59.0,40.0,40.0
A2HT24092046-10,A2HT24092046100001,2100900300230,PE涂覆磷化钢丝加强件(黑色),PE-LHGS,HT-09,护套,正常生产,2024-09-24 12:30:37.613,182-206-227-244-246-245-245,0.00,0.00,0.00,3.00,30.00,7.30,2.70,7.30,0.00,0.20,0.00,0.00,中夜班,30.00,/,2.50,0.00,0.00,66.00,60.00,0.00,0,0.50,0.00,0.00,0.00,0.00,0,8.00,2.5,7.3,2.7,7.3,60.0,66.0,30.0,30.0
A2HT24092047-10,D2G09001462001,1110100200721,GYTS光缆(黑色),GYTS-96G.652D,HT-10,护套,正常生产,2024-09-27 14:29:44.030,180- 201- 216- 221- 227- 230-237- 243-247,0.00,0.00,0.00,3.00,50.00,13.70,11.50,18.00,,0.20,,,中夜班,55.00,DG24927HK0002,9.20,,,67.00,20.00,,/,0.50,0.00,,,,,15.00,9.2,13.7,11.5,18.0,20.0,67.0,55.0,50.0
A2HT24092048-10,A2HT24092048100001,2100900300319,PE涂覆磷化钢丝加强件(黑色),PE-LHGS,HT-09,护套,正常生产,2024-09-24 16:01:10.130,182-206-227-244-246-245-245,0.00,0.00,0.00,3.00,45.00,4.10,2.70,7.30,0.00,0.20,0.00,0.00,中夜班,45.00,/,2.50,0.00,0.00,66.00,60.00,0.00,0,0.50,0.00,0.00,0.00,0.00,0,8.00,2.5,4.1,2.7,7.3,60.0,66.0,45.0,45.0
A2HT24092049-10,D2G09001464001,1110100200770,GYTS光缆(黑色),GYTS-144G.652D,HT-10,护套,正常生产,2024-09-27 08:40:22.663,180- 201- 216- 221- 227- 230-237- 243-247,9.50,0.00,0.00,3.00,50.00,14.10,11.50,18.00,,0.20,,,中夜班,50.00,DG24926HK0002,5.50,,,67.00,20.00,,/,0.50,0.00,,,,,15.00,5.5,14.1,11.5,18.0,20.0,67.0,50.0,50.0
A2HT2409205-10,D1Z24090017029,1110100100676,GYTA光缆(黑色),GYTA-144G.652D,HT-06,护套,正常生产,2024-09-27 16:00:56.020,190-210-220-230-245-250-253,0.00,0.00,0.00,13.70,50.00,16.40,14.50,21.00,,0.20,,,中夜班,50.00,DG24926HF0013,12.40,,,79.60,93.80,,/,0.50,0.00,,0.00,0.00,,17.50,12.4,16.4,14.5,21.0,93.8,79.6,50.0,50.0
A2HT24092050-10,A2HT24092050100001,2100900300230,PE涂覆磷化钢丝加强件(黑色),PE-LHGS,HT-09,护套,正常生产,2024-09-24 09:49:43.290,182-206-227-244-246-245-245,0.00,0.00,0.00,3.00,30.00,7.30,2.70,7.30,0.00,0.20,0.00,0.00,中夜班,30.00,/,2.50,0.00,0.00,66.00,60.00,0.00,0,0.50,0.00,0.00,0.00,0.00,0,8.00,2.5,7.3,2.7,7.3,60.0,66.0,30.0,30.0
A2HT24092051-10,A2HT24092051100001,2100901100002,PE涂覆不锈钢带加强件(黑色),PE-BXGD,HT-17,护套,正常生产,2024-09-23 15:19:31.770,170-180-185-195-205-215-220,0.00,0.00,0.00,0.00,15.00,1.00,0.30,1.20,0.00,0.00,0.00,0.00,早中班,15.00,/,0.18,0.00,0.00,35.00,18.00,,0,0.00,0.00,0.00,0.00,0.00,0,10.00,0.18,1.0,0.3,1.2,18.0,35.0,15.0,15.0
A2HT24092053-10,D0G09001572001,1110100560006,GYTS53光缆(黑色),GYTS53-48G.652D,HT-02,护套,正常生产,2024-09-28 11:11:00.747,181-215-225-235-240-243-246,0.00,0.00,0.00,5.60,40.00,8.80,6.60,14.00,0.00,0.10,0.00,0.00,早中班,50.00,/,4.70,0.00,0.00,62.00,73.00,0.00,0,0.50,0.00,0.00,6.60,0.00,,9.90,4.7,8.8,6.6,14.0,73.0,62.0,50.0,40.0
A2HT24092054-10,A2HT24092054100001,2120100560006,GYTS53内护1(黑色),HT1-48G.652D,HT-02,护套,正常生产,2024-09-28 09:25:14.840,181-215-225-235-240-243-246,0.00,0.00,0.00,5.60,40.00,8.80,6.60,14.00,0.00,0.10,0.00,0.00,早中班,45.00,/,4.70,0.00,0.00,62.00,73.00,0.00,0,0.50,0.00,0.00,6.60,0.00,,9.90,4.7,8.8,6.6,14.0,73.0,62.0,45.0,40.0
A2HT24092055-10,D0G09001571002,1110100100617,GYTA光缆(黑色),GYTA-48G.652D,HT-02,护套,正常生产,2024-09-28 12:35:19.480,181-215-225-235-240-243-246,0.00,0.00,0.00,5.60,65.00,8.80,6.60,14.00,0.00,0.10,0.00,0.00,早中班,65.00,/,4.70,0.00,0.00,62.00,73.00,0.00,0,0.50,0.00,0.00,6.60,0.00,,9.90,4.7,8.8,6.6,14.0,73.0,62.0,65.0,65.0
A2HT24092056-10,D2G09001671011,1110300100049,GYDTA光缆(黑色),GYDTA-72G.652D,HT-06,护套,正常生产,2024-09-25 14:34:44.463,190-210-220-230-245-250-253,0.00,0.00,0.00,14.00,45.00,17.70,14.50,21.00,,0.20,,,早中班,45.00,DG24925HF0006,12.90,,,79.60,93.80,,/,0.50,0.00,,0.00,14.70,,18.70,12.9,17.7,14.5,21.0,93.8,79.6,45.0,45.0
A2HT24092057-10,D2G09001485001,1110100100337,GYTA光缆(黑色),GYTA-96G.652D,HT-05,护套,正常生产,2024-09-27 22:19:44.770,180-205-225-235-241-245-245,0.00,,,10.40,40.00,14.00,10.50,17.00,,0.10,,,中夜班,40.00,DG24927HE0107,9.20,,,59.00,45.00,,0,0.50,,,,,,15.00,9.2,14.0,10.5,17.0,45.0,59.0,40.0,40.0
A2HT24092058-10,A2HT24092058100001,2100900300206,PE涂覆磷化钢丝加强件(黑色),PE-LHGS,HT-09,护套,正常生产,2024-09-24 12:31:50.767,182-206-227-244-246-245-245,0.00,0.00,0.00,3.00,45.00,4.10,2.70,7.30,0.00,0.20,0.00,0.00,中夜班,45.00,/,2.50,0.00,0.00,66.00,60.00,0.00,0,0.50,0.00,0.00,0.00,0.00,0,8.00,2.5,4.1,2.7,7.3,60.0,66.0,45.0,45.0
A2HT24092059-10,D2G09001481007,1110100100474,GYTA光缆(黑色),GYTA-12G.652D,HT-05,护套,正常生产,2024-09-27 02:47:32.140,180-205-225-235-241-245-245,0.00,,,6.60,40.00,9.80,7.50,14.50,,0.10,,,中夜班,40.00,DG24926HE0115,5.30,,,59.00,45.00,,0,0.50,,,,,,10.80,5.3,9.8,7.5,14.5,45.0,59.0,40.0,40.0
A2HT2409206-10,A2HT2409206100004,2100900300326,PE涂覆磷化钢丝加强件(黑色),PE-LHGS,HT-09,护套,正常生产,2024-09-26 13:17:34.163,182-206-227-244-246-245-245,0.00,0.00,0.00,3.00,30.00,7.30,2.70,7.30,0.00,0.20,0.00,0.00,早中班,30.00,/,2.50,0.00,0.00,28.00,34.60,0.00,0,0.50,0.00,0.00,0.00,0.00,0,8.00,2.5,7.3,2.7,7.3,34.6,28.0,30.0,30.0
A2HT24092060-10,D2G09001483004,1110100100472,GYTA光缆(黑色),GYTA-24G.652D,HT-05,护套,正常生产,2024-09-27 17:25:27.200,180-205-225-235-241-245-245,0.00,,,6.60,40.00,9.80,7.50,14.50,,0.10,,,早中班,40.00,DG24927HE0104,5.30,,,59.00,45.00,,0,0.50,,,,,,10.80,5.3,9.8,7.5,14.5,45.0,59.0,40.0,40.0
A2HT24092061-10,D9G09000511002,1110300200089,GYDTS光缆(黑色),GYDTS-288G.652D,HT-05,护套,正常生产,2024-09-24 07:06:41.690,180-205-225-235-241-245-245,,,,14.00,45.00,18.70,14.50,21.50,,0.10,,,早中班,45.00,/,12.80,,,55.00,66.00,,0,0.50,,,,,,19.80,12.8,18.7,14.5,21.5,66.0,55.0,45.0,45.0
A2HT24092062-10,D9G09000512001,1110300200089,GYDTS光缆(黑色),GYDTS-288G.652D,HT-05,护套,正常生产,2024-09-24 07:52:05.877,180-205-225-235-241-245-245,,,,14.00,45.00,18.70,14.50,21.50,,0.10,,,早中班,45.00,/,12.80,,,55.00,66.00,,0,0.50,,,,,,19.80,12.8,18.7,14.5,21.5,66.0,55.0,45.0,45.0
A2HT24092063-10,D9G09000361001,1110100400237,GYTA53光缆(黑色),GYTA53-4G.652D,HT-03,护套,正常生产,2024-09-26 18:58:09.240,182-206-227-244-246-245-246,7.90,0.00,0.00,9.30,55.00,12.10,10.50,17.00,0.00,0.10,0.00,0.00,早中班,55.00,/,5.40,0.00,0.00,79.00,72.00,0.00,0,0.50,0.00,0.00,0.00,0.00,,11.60,5.4,12.1,10.5,17.0,72.0,79.0,55.0,55.0
A2HT24092064-10,A2HT24092064100001,2120100400198,GYTA53内护1(黑色),HT1-4G.652D,HT-03,护套,正常生产,2024-09-26 11:42:10.433,182-206-227-244-246-245-246,7.90,0.00,0.00,6.40,45.00,0.00,7.50,12.00,0.00,0.10,0.00,0.00,早中班,45.00,/,5.40,0.00,0.00,79.00,72.00,0.00,0,0.50,0.00,0.00,0.00,0.00,,8.80,5.4,0.0,7.5,12.0,72.0,79.0,45.0,45.0
A2HT2409211-10,D6G09001421001,1111201800005,GYMXTZW53光缆(黑色),GYMXTZW53-24G.652D,HT-12,护套,正常生产,2024-09-27 17:37:14.517,130-140-145-150-155-160-160-166,7.20,0.00,0.00,4.40,35.00,13.10,9.50,13.50,0.00,0.10,0.00,0.00,早中班,35.00,/,0.00,0.00,0.00,104.00,37.00,0.00,0,0.50,0.00,0.00,0.00,0.00,0,9.00,0.0,13.1,9.5,13.5,37.0,104.0,35.0,35.0
A2HT2409212-10,A2HT2409212100001,2121201800012,GYMXTZW53内护1(黑色),HT1-24G.652D,HT-12,护套,正常生产,2024-09-27 12:26:02.443,130-140-145-150-155-160-160-166,7.20,0.00,0.00,4.40,35.00,9.80,3.80,7.50,0.00,0.10,0.00,0.00,早中班,35.00,/,3.50,0.00,0.00,104.00,37.00,0.00,0,0.50,0.00,0.00,0.00,0.00,0,9.00,3.5,9.8,3.8,7.5,37.0,104.0,35.0,35.0
A2HT2409224-10,D0G09000271062,1110103960002,GYFTY63光缆(黑色),GYFTY63-36G.652D,HT-06,护套,正常生产,2024-09-22 14:28:43.017,190-210-220-230-245-250-253,9.90,0.00,0.00,12.00,40.00,14.00,11.50,18.50,,0.20,,,早中班,40.00,/,7.70,,,80.00,78.00,,/,0.50,0.00,,,0.00,,15.00,7.7,14.0,11.5,18.5,78.0,80.0,40.0,40.0
A2HT24092310-10,D6G09000863013,1110600102300,ADSS-A光缆(黑色),ADSS-12G.652D,HT-01,护套,正常生产,2024-09-29 22:17:47.873,182-205-225-231-241-245-246,0.00,,,7.60,30.00,10.10,7.50,10.50,,0.10,0.00,0.00,中夜班,30.00,/,6.40,,0.00,62.00,56.00,0.00,0,0.50,,0.00,0.00,0.00,,11.00,6.4,10.1,7.5,10.5,56.0,62.0,30.0,30.0
A2HT24092313-10,D1Z24090017060,1110100100676,GYTA光缆(黑色),GYTA-144G.652D,HT-10,护套,正常生产,2024-10-04 15:36:09.427,180- 201- 216- 221- 227- 230-237- 243-247,0.00,0.00,0.00,13.50,50.00,16.40,14.50,21.50,,0.20,,,早中班,50.00,DG24A04HK0002,12.40,,,67.00,47.00,,/,0.50,0.00,,0.00,0.00,,17.40,12.4,16.4,14.5,21.5,47.0,67.0,50.0,50.0
A2HT24092314-10,A2HT24092314100001,2100900300326,PE涂覆磷化钢丝加强件(黑色),PE-LHGS,HT-09,护套,正常生产,2024-09-28 21:20:28.890,182-206-227-244-246-245-245,0.00,0.00,0.00,3.00,30.00,7.30,2.70,7.30,0.00,0.20,0.00,0.00,早中班,30.00,/,2.50,0.00,0.00,28.00,34.60,0.00,0,0.50,0.00,0.00,0.00,0.00,0,8.00,2.5,7.3,2.7,7.3,34.6,28.0,30.0,30.0
A2HT24092315-10,D0G09001702001,1110107160002,GYFZY光缆(黑色),GYFZY-12G.652D,HT-12,护套,正常生产,2024-09-26 14:47:59.823,130-140-145-150-155-160-160-166,0.00,0.00,0.00,4.40,35.00,7.80,5.00,8.00,0.00,0.10,0.00,0.00,早中班,35.00,/,2.50,0.00,0.00,104.00,37.00,0.00,0,0.50,0.00,0.00,0.00,0.00,0,9.00,2.5,7.8,5.0,8.0,37.0,104.0,35.0,35.0
A2HT24092316-10,D0G07002703015,1110100100425,GYTA光缆(黑色),GYTA-144G.652D,HT-06,护套,正常生产,2024-09-27 17:36:52.893,190-210-220-230-245-250-253,0.00,0.00,0.00,13.70,50.00,16.40,14.50,21.00,,0.20,,,早中班,50.00,/,12.40,,,79.60,93.80,,/,0.50,0.00,,0.00,0.00,,17.50,12.4,16.4,14.5,21.0,93.8,79.6,50.0,50.0
A2HT24092317-10,A2HT24092317100001,2100900300263,PE涂覆磷化钢丝加强件(黑色),PE-LHGS,HT-09,护套,正常生产,2024-09-25 10:08:43.050,182-206-227-244-246-245-245,0.00,0.00,0.00,3.00,40.00,5.50,2.20,5.50,0.00,0.20,0.00,0.00,早中班,40.00,/,2.00,0.00,0.00,66.00,60.00,0.00,0,0.50,0.00,0.00,0.00,0.00,0,8.00,2.0,5.5,2.2,5.5,60.0,66.0,40.0,40.0
A2HT24092318-10,D1G09001781001,1110100100425,GYTA光缆(黑色),GYTA-144G.652D,HT-06,护套,正常生产,2024-09-27 17:38:39.197,190-210-220-230-245-250-253,0.00,0.00,0.00,13.70,50.00,16.40,14.50,21.00,,0.20,,,早中班,50.00,/,12.40,,,79.60,93.80,,/,0.50,0.00,,0.00,0.00,,17.50,12.4,16.4,14.5,21.0,93.8,79.6,50.0,50.0
A2HT24092319-10,A2HT24092319100001,2100900300263,PE涂覆磷化钢丝加强件(黑色),PE-LHGS,HT-09,护套,正常生产,2024-09-25 10:11:02.667,182-206-227-244-246-245-245,0.00,0.00,0.00,3.00,40.00,5.50,2.20,5.50,0.00,0.20,0.00,0.00,早中班,40.00,/,2.00,0.00,0.00,66.00,60.00,0.00,0,0.50,0.00,0.00,0.00,0.00,0,8.00,2.0,5.5,2.2,5.5,60.0,66.0,40.0,40.0
A2HT24092320-10,D0G09001761001,1110100400235,GYTA53光缆(黑色),GYTA53-12G.652D,HT-03,护套,正常生产,2024-09-26 22:16:45.730,182-206-227-244-246-245-246,7.90,0.00,0.00,9.30,55.00,12.10,10.50,17.00,0.00,0.10,0.00,0.00,早中班,55.00,/,5.40,0.00,0.00,79.00,72.00,0.00,0,0.50,0.00,0.00,0.00,0.00,,11.60,5.4,12.1,10.5,17.0,72.0,79.0,55.0,55.0
A2HT24092321-10,A2HT24092321100002,2120100400206,GYTA53内护1(黑色),HT1-12G.652D,HT-03,护套,正常生产,2024-09-26 15:44:31.553,182-206-227-244-246-245-246,7.90,0.00,0.00,6.40,45.00,0.00,7.50,12.00,0.00,0.10,0.00,0.00,早中班,45.00,/,5.40,0.00,0.00,79.00,72.00,0.00,0,0.50,0.00,0.00,0.00,0.00,,8.80,5.4,0.0,7.5,12.0,72.0,79.0,45.0,45.0
A2HT24092322-10,D0G09001762011,1110100100640,GYTA光缆(黑色),GYTA-12G.652D,HT-02,护套,正常生产,2024-09-29 02:43:06.597,181-215-225-235-240-243-246,0.00,0.00,0.00,5.50,100.00,8.40,6.60,14.00,0.00,0.10,0.00,0.00,中夜班,100.00,/,4.50,0.00,0.00,62.00,73.00,0.00,0,0.50,0.00,0.00,6.60,0.00,,9.90,4.5,8.4,6.6,14.0,73.0,62.0,100.0,100.0
A2HT24092324-10,D2G09001484045,1110100100681,GYTA光缆(黑色),GYTA-24G.652D,HT-03,护套,正常生产,2024-09-28 21:12:36.900,182-206-227-244-246-245-246,7.90,0.00,0.00,9.30,80.00,12.10,10.50,17.00,0.00,0.10,0.00,0.00,早中班,80.00,/,5.40,0.00,0.00,79.00,72.00,0.00,0,0.50,0.00,0.00,0.00,0.00,,11.60,5.4,12.1,10.5,17.0,72.0,79.0,80.0,80.0
A2HT2409239-10,D0G09001701001,1110100600175,GYTZA光缆(黑色),GYTZA-6G.652D,HT-12,护套,正常生产,2024-09-26 12:35:07.313,130-140-145-150-155-160-160-166,0.00,0.00,0.00,4.40,35.00,7.80,5.00,8.00,0.00,0.10,0.00,0.00,早中班,35.00,/,2.50,0.00,0.00,104.00,37.00,0.00,0,0.50,0.00,0.00,0.00,0.00,0,9.00,2.5,7.8,5.0,8.0,37.0,104.0,35.0,35.0
A2HT24092410-10,D2G09001486008,1110100100604,GYTA光缆(黑色),GYTA-96G.652D,HT-03,护套,正常生产,2024-09-29 19:03:04.407,182-206-227-244-246-245-246,0.00,0.00,0.00,10.20,55.00,13.70,10.50,17.00,0.00,0.10,0.00,0.00,早中班,55.00,DG24929HC0016,9.10,0.00,0.00,79.00,72.00,0.00,0,0.50,0.00,0.00,0.00,0.00,,15.00,9.1,13.7,10.5,17.0,72.0,79.0,55.0,55.0
A2HT24092411-10,A2HT24092411100001,2100900300319,PE涂覆磷化钢丝加强件(黑色),PE-LHGS,HT-09,护套,正常生产,2024-09-28 05:18:29.093,182-206-227-244-246-245-245,0.00,0.00,0.00,3.00,45.00,7.30,2.70,7.30,0.00,0.20,0.00,0.00,早中班,45.00,/,2.50,0.00,0.00,28.00,34.60,0.00,0,0.50,0.00,0.00,0.00,0.00,0,8.00,2.5,7.3,2.7,7.3,34.6,28.0,45.0,45.0
A2HT24092412-10,D0G911021001,1110600460002,ADSS-D光缆(黑色护套-棕色色条白色色条),ADSS-24G.652D,HT-12,护套,正常生产,2024-10-08 17:00:11.237,130-140-145-150-155-160-160-166,12.10,0.00,0.00,14.00,20.00,16.10,14.00,16.00,0.00,0.20,0.00,0.00,中夜班,20.00,/,9.10,0.00,0.00,108.00,24.00,0.00,0,0.50,0.00,0.00,0.00,0.00,0,17.00,9.1,16.1,14.0,16.0,24.0,108.0,20.0,20.0
A2HT24092413-10,D0G911022001,1110600460003,ADSS-D光缆(黑色护套-棕色色条白色色条),ADSS-24G.652D,HT-12,护套,正常生产,2024-10-08 21:33:09.080,130-140-145-150-155-160-160-166,0.00,0.00,0.00,14.00,20.00,12.00,14.00,16.00,0.00,0.20,0.00,0.00,中夜班,20.00,/,8.00,0.00,0.00,108.00,24.00,0.00,0,0.50,0.00,0.00,0.00,0.00,0,17.00,8.0,12.0,14.0,16.0,24.0,108.0,20.0,20.0
A2HT24092414-10,D0G911023001,1110600460004,ADSS-D光缆(黑色护套-棕色色条白色色条),ADSS-12G.652D,HT-12,护套,正常生产,2024-10-09 02:46:32.590,130-140-145-150-155-160-160-166,0.00,0.00,0.00,6.00,20.00,6.80,5.20,6.80,0.00,0.10,0.00,0.00,中夜班,20.00,/,4.40,0.00,0.00,101.00,24.00,0.00,0,0.50,0.00,0.00,0.00,0.00,0,7.80,4.4,6.8,5.2,6.8,24.0,101.0,20.0,20.0
A2HT24092417-10,D2G09001362022,1110200500028,GYXTS光缆(黑色),GYXTS-48G.652D,HT-05,护套,正常生产,2024-09-29 13:23:52.667,180-205-225-235-241-245-245,0.00,,,6.80,60.00,10.50,7.50,15.50,,0.10,,,中夜班,60.00,DG24929HE0005,5.70,,,61.00,73.00,,0,0.50,,,,,,11.50,5.7,10.5,7.5,15.5,73.0,61.0,60.0,60.0
A2HT24092419-10,D2G09001441007,1110100200503,GYTS光缆(黑色),GYTS-12G.652D,HT-05,护套,正常生产,2024-09-26 17:26:44.080,180-205-225-235-241-245-245,0.00,,,6.60,40.00,9.80,7.50,14.50,,0.10,,,早中班,40.00,DG24926HE0109,5.30,,,59.00,45.00,,0,0.50,,,,,,10.80,5.3,9.8,7.5,14.5,45.0,59.0,40.0,40.0
A2HT2409247-10,D2G09001172036,1110100200784,GYTS光缆(黑色),GYTS-24G.652D,HT-02,护套,正常生产,2024-09-25 10:50:09.323,181-215-225-235-240-243-246,0.00,0.00,0.00,6.00,80.00,9.30,6.60,14.00,0.00,0.10,7.60,7.00,早中班,80.00,/,4.90,0.00,0.00,52.20,16.00,0.00,0,0.50,0.00,0.00,,0.00,,10.30,4.9,9.3,6.6,14.0,16.0,52.2,80.0,80.0
A2HT2409248-10,D0G09000381001,1110200960003,GYFXTZS光缆(黑色),GYFXTZS-8G.652D,HT-12,护套,正常生产,2024-09-28 12:33:08.050,130-140-145-150-155-160-160-166,7.30,0.00,0.00,8.30,25.00,12.30,9.00,13.00,0.00,0.20,0.00,0.00,早中班,25.00,/,0.00,0.00,0.00,104.00,37.00,0.00,0,0.50,0.00,0.00,0.00,0.00,0,13.20,0.0,12.3,9.0,13.0,37.0,104.0,25.0,25.0
A2HT2409249-10,D2G09001482039,1110100100680,GYTA光缆(黑色),GYTA-12G.652D,HT-03,护套,正常生产,2024-09-29 13:15:07.387,182-206-227-244-246-245-246,7.90,0.00,0.00,9.30,100.00,12.10,10.50,17.00,0.00,0.10,0.00,0.00,中夜班,100.00,DG24928HC0018,5.40,0.00,0.00,79.00,72.00,0.00,0,0.50,0.00,0.00,0.00,0.00,,11.60,5.4,12.1,10.5,17.0,72.0,79.0,100.0,100.0
A2HT2409251-10,D0G09002031001,1110101700251,GYFTZY光缆(黑色),GYFTZY-24G.652D,HT-12,护套,正常生产,2024-09-27 09:07:29.333,130-140-145-150-155-160-160-166,0.00,0.00,0.00,4.40,35.00,9.80,7.50,10.00,0.00,0.10,0.00,0.00,早中班,35.00,/,6.20,0.00,0.00,104.00,37.00,0.00,0,0.50,0.00,0.00,0.00,0.00,0,9.00,6.2,9.8,7.5,10.0,37.0,104.0,35.0,35.0
A2HT24092510-10,D1G09001953010,1110100260006,GYTS光缆(黑色),GYTS-24G.652D,HT-02,护套,正常生产,2024-09-29 18:25:44.973,181-215-225-235-240-239-245,0.00,0.00,0.00,5.50,100.00,9.00,6.60,14.00,0.00,0.10,0.00,0.00,中夜班,100.00,DG24928HB0010,5.10,0.00,0.00,62.00,73.00,0.00,0,0.50,0.00,0.00,6.10,0.00,,10.00,5.1,9.0,6.6,14.0,73.0,62.0,100.0,100.0
A2HT24092511-10,D1G09001955016,1110100200698,GYTS光缆(黑色),GYTS-48G.652D,HT-03,护套,正常生产,2024-10-04 13:33:11.330,182-206-227-244-246-245-246,0.00,0.00,0.00,10.20,65.00,13.70,10.50,17.00,0.00,0.10,0.00,0.00,早中班,65.00,DG24A04HC0003,9.10,0.00,0.00,79.00,72.00,0.00,0,0.50,0.00,0.00,0.00,0.00,,15.00,9.1,13.7,10.5,17.0,72.0,79.0,65.0,65.0
A2HT2409252-10,D2G09001362036,1110200500028,GYXTS光缆(黑色),GYXTS-48G.652D,HT-02,护套,正常生产,2024-10-06 04:38:52.677,181-215-225-235-240-239-245,0.00,0.00,0.00,6.80,60.00,10.50,7.50,14.00,0.00,0.10,0.00,0.00,中夜班,60.00,DG24A05HB0011,5.70,0.00,0.00,62.00,73.00,0.00,0,0.50,0.00,0.00,,0.00,,11.50,5.7,10.5,7.5,14.0,73.0,62.0,60.0,60.0
A2HT24092521-10,D2G09002051035,1110100100680,GYTA光缆(黑色),GYTA-12G.652D,HT-02,护套,正常生产,2024-10-05 07:41:02.633,181-215-225-235-240-239-245,0.00,0.00,0.00,5.60,100.00,9.30,6.00,12.50,0.00,0.10,0.00,0.00,中夜班,100.00,DG24A04HB0025,4.60,0.00,0.00,62.00,73.00,0.00,0,0.50,0.00,0.00,6.10,0.00,,10.00,4.6,9.3,6.0,12.5,73.0,62.0,100.0,100.0
A2HT24092525-10,D0G090011002,1110111860004,GYFTAH58光缆(黑色),GYFTAH58-144G652D,HT-12,护套,正常生产,2024-10-05 02:11:53.940,130-140-145-150-155-160-160-166,13.60,0.00,0.00,15.30,15.00,19.90,16.00,20.50,0.00,0.20,0.00,0.00,早中班,15.00,/,10.20,0.00,0.00,104.00,37.00,0.00,0,0.50,0.00,0.00,0.00,0.00,0,21.00,10.2,19.9,16.0,20.5,37.0,104.0,15.0,15.0
A2HT24092526-10,A2HT24092526100003,2120110360004,GYFTAH58内护1(黑色),HT1-6G652D,HT-12,护套,正常生产,2024-09-28 18:17:11.263,130-140-145-150-155-160-160-166,7.30,0.00,0.00,8.30,25.00,12.30,9.00,13.00,0.00,0.20,0.00,0.00,早中班,25.00,/,0.00,0.00,0.00,104.00,37.00,0.00,0,0.50,0.00,0.00,0.00,0.00,0,13.20,0.0,12.3,9.0,13.0,37.0,104.0,25.0,25.0
A2HT24092527-10,A2HT24092527100001,2100900880016,LSZH涂覆GFRP加强件(黑色),,HT-12,护套,正常生产,2024-09-26 10:25:14.020,130-140-145-150-155-160-160-166,0.00,0.00,0.00,4.40,25.00,7.80,5.00,8.00,0.00,0.10,0.00,0.00,早中班,25.00,/,2.50,0.00,0.00,104.00,37.00,0.00,0,0.50,0.00,0.00,0.00,0.00,0,9.00,2.5,7.8,5.0,8.0,37.0,104.0,25.0,25.0
A2HT2409255-10,D1Z24090017066,1110100100676,GYTA光缆(黑色),GYTA-144G.652D,HT-10,护套,正常生产,2024-10-05 09:28:21.970,180- 201- 216- 221- 227- 230-237- 243-247,0.00,0.00,0.00,13.50,50.00,16.40,14.50,21.50,,0.20,,,早中班,50.00,DG24A04HK0008,12.40,,,67.00,47.00,,/,0.50,0.00,,0.00,0.00,,17.40,12.4,16.4,14.5,21.5,47.0,67.0,50.0,50.0
A2HT2409256-10,A2HT2409256100003,2100900300326,PE涂覆磷化钢丝加强件(黑色),PE-LHGS,HT-09,护套,正常生产,2024-09-29 09:25:21.220,182-206-227-244-246-245-245,0.00,0.00,0.00,3.00,30.00,7.30,2.70,7.30,0.00,0.20,0.00,0.00,早中班,30.00,/,2.50,0.00,0.00,28.00,34.60,0.00,0,0.50,0.00,0.00,0.00,0.00,0,8.00,2.5,7.3,2.7,7.3,34.6,28.0,30.0,30.0
A2HT2409257-10,D1G09001951001,1110100260003,GYTS光缆(黑色),GYTS-12G.652D,HT-11,护套,正常生产,2024-09-29 23:24:33.927,125-144-156-160-162-165-165-170,0.00,0.00,0.00,5.60,100.00,8.80,6.00,12.00,0.00,0.10,0.00,0.00,早中班,100.00,DG24929HP0001,4.70,0.00,0.00,129.00,40.00,0.00,0,0.50,0.00,0.00,0.00,0.00,/,10.00,4.7,8.8,6.0,12.0,40.0,129.0,100.0,100.0
A2HT2409258-10,D2G09001351007,1110100400205,GYTA53光缆(黑色),GYTA53-48G.652D,HT-10,护套,正常生产,2024-09-26 22:37:38.917,180- 201- 216- 221- 227- 230-237- 243-247,9.50,0.00,0.00,3.00,55.00,14.10,11.50,18.00,,0.20,,,中夜班,55.00,DG24926HK0001,5.50,,,67.00,20.00,,/,0.50,0.00,,,,,15.00,5.5,14.1,11.5,18.0,20.0,67.0,55.0,55.0
A2HT2409261-10,D0G09000701001,1110400160009,GYDXTW光缆(黑色),GYDXTW-96G.652D,HT-05,护套,正常生产,2024-09-29 23:58:57.757,180-205-225-235-241-245-245,0.00,,,8.30,50.00,13.50,8.50,13.50,,0.10,,,中夜班,50.00,/,6.50,,,61.00,62.00,,0,0.50,,,,,,13.50,6.5,13.5,8.5,13.5,62.0,61.0,50.0,50.0
A2HT24092610-10,D1G09001954002,1110100200505,GYTS光缆(黑色),GYTS-24G.652D,HT-05,护套,正常生产,2024-10-07 12:27:12.623,180-205-225-235-241-245-243,0.00,,,6.50,40.00,9.80,7.50,14.00,,0.10,,,中夜班,40.00,DG24A07HE0101,5.30,,,61.00,62.00,,0,0.50,,,,,,10.80,5.3,9.8,7.5,14.0,62.0,61.0,40.0,40.0
A2HT24092611-10,D1G09001956002,1110100200269,GYTS光缆(黑色),GYTS-48G.652D,HT-05,护套,正常生产,2024-10-06 14:33:31.453,180-205-225-235-241-245-243,0.00,,,8.40,40.00,11.60,9.00,16.00,,0.10,,,中夜班,40.00,DG24A06HE0102,7.10,,,61.00,62.00,,0,0.50,,,,,,12.20,7.1,11.6,9.0,16.0,62.0,61.0,40.0,40.0
A2HT24092612-10,D1G09001958001,1110100200738,GYTS光缆(黑色),GYTS-144G.652D,HT-05,护套,正常生产,2024-10-06 17:53:58.607,180-205-225-235-241-245-243,0.00,,,13.70,40.00,17.10,14.50,21.50,,0.10,,,中夜班,40.00,DG24A06HE0103,12.40,,,61.00,62.00,,0,0.50,,,,,,18.20,12.4,17.1,14.5,21.5,62.0,61.0,40.0,40.0
A2HT24092613-10,A2HT24092613100001,2100900300230,PE涂覆磷化钢丝加强件(黑色),PE-LHGS,HT-09,护套,正常生产,2024-09-27 16:57:08.773,182-206-227-244-246-245-245,0.00,0.00,0.00,3.00,30.00,7.30,2.70,7.30,0.00,0.20,0.00,0.00,早中班,30.00,/,2.50,0.00,0.00,28.00,34.60,0.00,0,0.50,0.00,0.00,0.00,0.00,0,8.00,2.5,7.3,2.7,7.3,34.6,28.0,30.0,30.0
A2HT24092614-10,D1G09002082003,1110100200504,GYTS光缆(黑色),GYTS-6G.652D,HT-05,护套,正常生产,2024-10-07 01:43:48.890,180-205-225-235-241-245-243,0.00,,,6.50,40.00,9.80,7.50,14.00,,0.10,,,中夜班,40.00,DG24A06HE0111,5.30,,,61.00,62.00,,0,0.50,,,,,,10.80,5.3,9.8,7.5,14.0,62.0,61.0,40.0,40.0
A2HT24092615-10,D1G09002081090,1110100260010,GYTS光缆(黑色),GYTS-6G.652D,HT-14,护套,正常生产,2024-10-12 09:36:43.627,180,0.00,0.00,0.00,5.90,80.00,8.80,7.50,14.50,0.00,0.10,0.00,0.00,中夜班,80.00,DG24A07HP0008,4.60,0.00,0.00,79.00,72.00,0.00,185  212  215  221  231  236  240  241,0.50,0.00,0.00,0.00,0.00,,10.00,4.6,8.8,7.5,14.5,72.0,79.0,80.0,80.0
A2HT24092616-10,D1G09002022001,1110100200736,GYTS光缆(黑色),GYTS-96G.652D,HT-05,护套,正常生产,2024-10-06 23:34:48.140,180-205-225-235-241-245-243,0.00,,,10.50,40.00,13.90,11.50,18.00,,0.20,,,中夜班,40.00,DG24A06HE0107,9.20,,,61.00,62.00,,0,0.50,,,,,,15.00,9.2,13.9,11.5,18.0,62.0,61.0,40.0,40.0
A2HT24092617-10,A2HT24092617100001,2100900300206,PE涂覆磷化钢丝加强件(黑色),PE-LHGS,HT-09,护套,正常生产,2024-09-27 22:54:43.057,182-206-227-244-246-245-245,0.00,0.00,0.00,3.00,45.00,7.30,2.70,7.30,0.00,0.20,0.00,0.00,早中班,45.00,/,2.50,0.00,0.00,28.00,34.60,0.00,0,0.50,0.00,0.00,0.00,0.00,0,8.00,2.5,7.3,2.7,7.3,34.6,28.0,45.0,45.0
A2HT24092618-10,D1G09002024002,1110100200738,GYTS光缆(黑色),GYTS-144G.652D,HT-05,护套,正常生产,2024-10-06 19:07:30.713,180-205-225-235-241-245-243,0.00,,,13.70,40.00,17.10,14.50,21.50,,0.10,,,中夜班,40.00,DG24A06HE0106,12.40,,,61.00,62.00,,0,0.50,,,,,,18.20,12.4,17.1,14.5,21.5,62.0,61.0,40.0,40.0
A2HT24092619-10,A2HT24092619100001,2100900300230,PE涂覆磷化钢丝加强件(黑色),PE-LHGS,HT-09,护套,正常生产,2024-09-27 20:31:56.047,182-206-227-244-246-245-245,0.00,0.00,0.00,3.00,30.00,7.30,2.70,7.30,0.00,0.20,0.00,0.00,早中班,30.00,/,2.50,0.00,0.00,28.00,34.60,0.00,0,0.50,0.00,0.00,0.00,0.00,0,8.00,2.5,7.3,2.7,7.3,34.6,28.0,30.0,30.0
A2HT2409262-10,D2G09002091001,1110300100049,GYDTA光缆(黑色),GYDTA-72G.652D,HT-05,护套,正常生产,2024-09-30 04:11:10.553,180-205-225-235-241-245-245,0.00,,,8.30,50.00,13.50,8.50,13.50,,0.10,,,中夜班,50.00,DG24929HE0010,6.50,,,61.00,62.00,,0,0.50,,,,,,13.50,6.5,13.5,8.5,13.5,62.0,61.0,50.0,50.0
A2HT2409263-10,D2G09002092001,1110300100051,GYDTA光缆(黑色),GYDTA-144G.652D,HT-05,护套,正常生产,2024-10-05 10:03:00.920,180-205-225-235-241-245-245,0.00,,,13.10,45.00,16.70,13.50,21.00,,0.10,,,中夜班,45.00,DG24A05HE0001,11.90,,,61.00,62.00,,0,0.50,,,,,,17.00,11.9,16.7,13.5,21.0,62.0,61.0,45.0,45.0
A2HT24092635-10,D0G09000711001,1110400160010,GYDXTW光缆(黑色),GYDXTW-72G.652D,HT-05,护套,正常生产,2024-09-30 01:41:33.827,180-205-225-235-241-245-245,0.00,,,8.30,50.00,13.50,8.50,13.50,,0.10,,,中夜班,50.00,/,6.50,,,61.00,62.00,,0,0.50,,,,,,13.50,6.5,13.5,8.5,13.5,62.0,61.0,50.0,50.0
A2HT24092636-10,D0G09000712001,1110400160011,GYDXTW光缆(黑色),GYDXTW-144G.652D,HT-05,护套,正常生产,2024-09-29 22:25:45.860,180-205-225-235-241-245-245,0.00,,,9.80,40.00,13.50,10.00,15.00,,0.10,,,中夜班,40.00,/,7.80,,,61.00,62.00,,0,0.50,,,,,,14.50,7.8,13.5,10.0,15.0,62.0,61.0,40.0,40.0
A2HT24092637-10,D0G09000713001,1110400160012,GYDXTW光缆(黑色),GYDXTW-288G.652D,HT-05,护套,正常生产,2024-09-29 15:52:31.273,180-205-225-235-241-245-245,0.00,,,13.10,35.00,16.90,13.20,17.50,,0.10,,,中夜班,35.00,/,11.20,,,61.00,62.00,,0,0.50,,,,,,18.00,11.2,16.9,13.2,17.5,62.0,61.0,35.0,35.0
A2HT24092638-10,D1G09001443203,1110100260003,GYTS光缆(黑色),GYTS-12G.652D,HT-11,护套,正常生产,2024-09-28 12:36:18.813,125-144-156-160-162-165-165-170,0.00,0.00,0.00,5.60,100.00,8.80,6.00,12.00,0.00,0.10,0.00,0.00,早中班,100.00,DG24928HS0004,4.70,0.00,0.00,129.00,40.00,0.00,0,0.50,0.00,0.00,0.00,0.00,/,10.00,4.7,8.8,6.0,12.0,40.0,129.0,100.0,100.0
A2HT2409264-10,D2G09002093001,1110300100052,GYDTA光缆(黑色),GYDTA-288G.652D,HT-05,护套,正常生产,2024-09-30 04:19:24.527,180-205-225-235-241-245-245,0.00,,,8.30,40.00,17.70,8.50,13.50,,0.10,,,中夜班,40.00,DG24929HE0011,12.90,,,61.00,62.00,,0,0.50,,,,,,13.50,12.9,17.7,8.5,13.5,62.0,61.0,40.0,40.0
A2HT2409265-10,D2G09002094001,1110300100050,GYDTA光缆(黑色),GYDTA-96G.652D,HT-05,护套,正常生产,2024-10-05 10:06:33.907,180-205-225-235-241-245-245,0.00,,,13.10,45.00,16.70,13.50,21.00,,0.10,,,中夜班,45.00,DG24A05HE0002,11.90,,,61.00,62.00,,0,0.50,,,,,,17.00,11.9,16.7,13.5,21.0,62.0,61.0,45.0,45.0
A2HT2409266-10,D1G09001443204,1110100260003,GYTS光缆(黑色),GYTS-12G.652D,HT-11,护套,正常生产,2024-09-28 14:24:47.597,125-144-156-160-162-165-165-170,0.00,0.00,0.00,5.60,100.00,8.80,6.00,12.00,0.00,0.10,0.00,0.00,早中班,100.00,DG24928HS0005,4.70,0.00,0.00,129.00,40.00,0.00,0,0.50,0.00,0.00,0.00,0.00,/,10.00,4.7,8.8,6.0,12.0,40.0,129.0,100.0,100.0
A2HT2409267-10,D1Z24090017091,1110100100676,GYTA光缆(黑色),GYTA-144G.652D,HT-06,护套,正常生产,2024-10-06 11:59:14.940,190-210-220-230-245-250-253,0.00,0.00,0.00,13.70,50.00,16.40,14.50,21.00,,0.20,,,早中班,50.00,DG24A05HF0011,12.40,,,79.60,93.80,,/,0.50,0.00,,0.00,0.00,,17.50,12.4,16.4,14.5,21.0,93.8,79.6,50.0,50.0
A2HT2409268-10,A2HT2409268100003,2100900300326,PE涂覆磷化钢丝加强件(黑色),PE-LHGS,HT-09,护套,正常生产,2024-10-05 05:09:21.540,182-206-227-244-246-245-245,0.00,0.00,0.00,3.00,30.00,7.30,2.70,7.30,0.00,0.20,0.00,0.00,早中班,30.00,/,2.50,0.00,0.00,28.00,34.60,0.00,0,0.50,0.00,0.00,0.00,0.00,0,8.00,2.5,7.3,2.7,7.3,34.6,28.0,30.0,30.0
A2HT2409269-10,D1G09001952001,1110100200503,GYTS光缆(黑色),GYTS-12G.652D,HT-05,护套,正常生产,2024-10-07 03:38:52.090,180-205-225-235-241-245-243,0.00,,,6.50,40.00,9.80,7.50,14.00,,0.10,,,中夜班,40.00,DG24A06HE0113,5.30,,,61.00,62.00,,0,0.50,,,,,,10.80,5.3,9.8,7.5,14.0,62.0,61.0,40.0,40.0
A2HT24092712-10,D0G09000642001,1110101660008,GYFTA53光缆(黑色),GYFTA53-24G.652D,HT-03,护套,正常生产,2024-10-06 23:58:51.670,182-206-227-244-246-245-246,0.00,0.00,0.00,10.20,55.00,13.70,10.50,17.00,0.00,0.10,0.00,0.00,中夜班,55.00,/,9.10,0.00,0.00,79.00,72.00,0.00,0,0.50,0.00,0.00,0.00,0.00,,15.00,9.1,13.7,10.5,17.0,72.0,79.0,55.0,55.0
A2HT24092713-10,A2HT24092713100001,2120101660007,GYFTA53内护1(黑色),HT1-24G.652D,HT-03,护套,正常生产,2024-10-06 09:47:46.707,182-206-227-244-246-245-246,0.00,0.00,0.00,10.20,45.00,13.70,10.50,17.00,0.00,0.10,0.00,0.00,早中班,45.00,/,9.10,0.00,0.00,79.00,72.00,0.00,0,0.50,0.00,0.00,0.00,0.00,,15.00,9.1,13.7,10.5,17.0,72.0,79.0,45.0,45.0
A2HT24092714-10,D0G09000641002,1110101760030,GYFTZY光缆(黑色),GYFTZY-24G.652D,HT-04,护套,正常生产,2024-10-05 10:56:21.003,130-145-155-160-165-165-170,7.10,,,9.00,35.00,10.10,8.50,10.50,,0.10,,,中夜班,35.00,/,0.00,,,71.00,33.00,0.00,0,0.50,,,0.00,0.00,,11.00,0.0,10.1,8.5,10.5,33.0,71.0,35.0,35.0
A2HT24092715-10,D1Z24090017100,1110100100676,GYTA光缆(黑色),GYTA-144G.652D,HT-06,护套,正常生产,2024-10-06 20:33:09.350,190-210-220-230-245-250-253,0.00,0.00,0.00,13.70,50.00,16.40,14.50,21.00,,0.20,,,早中班,50.00,DG24A06HF0008,12.40,,,79.60,93.80,,/,0.50,0.00,,0.00,0.00,,17.50,12.4,16.4,14.5,21.0,93.8,79.6,50.0,50.0
A2HT24092716-10,A2HT24092716100002,2100900300326,PE涂覆磷化钢丝加强件(黑色),PE-LHGS,HT-09,护套,正常生产,2024-10-04 16:25:08.823,182-206-227-244-246-245-245,0.00,0.00,0.00,3.00,30.00,7.30,2.70,7.30,0.00,0.20,0.00,0.00,早中班,30.00,/,2.50,0.00,0.00,28.00,34.60,0.00,0,0.50,0.00,0.00,0.00,0.00,0,8.00,2.5,7.3,2.7,7.3,34.6,28.0,30.0,30.0
A2HT24092717-10,D2G09002001036,1110100200783,GYTS光缆(黑色),GYTS-6G.652D,HT-02,护套,正常生产,2024-10-09 21:19:39.340,181-215-225-235-240-239-245,0.00,0.00,0.00,5.50,80.00,9.30,6.60,14.00,0.00,0.10,0.00,0.00,中夜班,80.00,/,4.60,0.00,0.00,62.00,73.00,0.00,0,0.50,0.00,0.00,0.00,0.00,,10.20,4.6,9.3,6.6,14.0,73.0,62.0,80.0,80.0
A2HT24092718-10,D9G09000061001,1110101760028,GYFTZY光缆(黑色),GYFTZY-12G.652D,HT-04,护套,正常生产,2024-10-07 21:47:17.407,130-145-155-160-165-165-171,0.00,,,9.00,25.00,11.10,8.50,11.50,,0.10,,,中夜班,30.00,/,6.20,,,71.00,0.00,0.00,0,0.50,,,0.00,0.00,,12.10,6.2,11.1,8.5,11.5,0.0,71.0,30.0,25.0
A2HT24092719-10,D9G09000062001,1110101760021,GYFTZY光缆(黑色),GYFTZY-72G.652D,HT-04,护套,正常生产,2024-10-07 02:05:44.687,130-145-155-160-165-165-171,0.00,,,11.00,25.00,12.60,10.00,13.00,,0.10,,,中夜班,25.00,/,8.10,,,71.00,0.00,0.00,0,0.50,,,0.00,0.00,,13.60,8.1,12.6,10.0,13.0,0.0,71.0,25.0,25.0
A2HT24092720-10,D9G09000621001,1110101760021,GYFTZY光缆(黑色),GYFTZY-72G.652D,HT-04,护套,正常生产,2024-10-06 07:06:06.560,130-145-155-160-165-165-171,0.00,,,11.00,25.00,12.60,10.00,13.00,,0.10,,,中夜班,25.00,/,8.10,,,71.00,0.00,0.00,0,0.50,,,0.00,0.00,,13.60,8.1,12.6,10.0,13.0,0.0,71.0,25.0,25.0
A2HT24092721-10,D9G09000181002,1110107160007,GYFZY光缆(黑色),GYFZY-48G.652D,HT-04,护套,正常生产,2024-10-07 07:39:42.980,130-145-155-160-165-165-171,0.00,,,11.00,30.00,13.00,10.00,13.50,,0.10,,,中夜班,30.00,/,8.10,,,71.00,0.00,0.00,0,0.50,,,0.00,0.00,,13.60,8.1,13.0,10.0,13.5,0.0,71.0,30.0,30.0
A2HT24092722-10,D9G09000401001,1110101760028,GYFTZY光缆(黑色),GYFTZY-12G.652D,HT-04,护套,正常生产,2024-10-07 22:09:17.533,130-145-155-160-165-165-171,0.00,,,9.00,25.00,11.10,8.50,11.50,,0.10,,,中夜班,30.00,,6.20,,,71.00,0.00,0.00,0,0.50,,,0.00,0.00,,12.10,6.2,11.1,8.5,11.5,0.0,71.0,30.0,25.0
A2HT24092724-10,D6G09001721006,1110800700001,GYMXTC8Y光缆(黑色),GYMXTC8Y-12G.652D,HT-06,护套,正常生产,2024-10-22 19:21:09.290,180-210-220-230-245-250-251,0.00,0.00,0.00,3.00,25.00,5.60,2.70,8.50,,0.10,,,早中班,25.00,/,2.40,,,73.00,45.00,,/,0.50,0.00,0.00,0.00,0.00,纤长短按工艺要求负偏差生产,0.00,2.4,5.6,2.7,8.5,45.0,73.0,25.0,25.0
A2HT24092730-10,D0G09000801001,1110101760031,GYFTZY光缆(黑色),GYFTZY-36G.652D,HT-04,护套,正常生产,2024-09-29 05:25:15.613,130-145-155-160-165-165-170,8.60,,,4.40,30.00,13.10,10.00,13.00,,0.20,,,中夜班,30.00,/,0.00,,,71.00,33.00,0.00,0,0.50,,,0.00,0.00,,13.50,0.0,13.1,10.0,13.0,33.0,71.0,30.0,30.0
A2HT24092810-10,A2HT24092810100001,2120400260001,GYDXTZW内护1(黑色),HT1-72G.652D,HT-05,护套,正常生产,2024-10-07 23:45:20.527,180-205-225-235-241-245-243,11.20,,,7.90,50.00,0.00,8.50,12.00,,0.05,,,中夜班,50.00,/,6.00,,,61.00,62.00,,0,0.50,,,,,,11.60,6.0,0.0,8.5,12.0,62.0,61.0,50.0,50.0
A2HT24092811-10,D1G09002172001,1110300200026,GYDTS光缆(黑色),GYDTS-288G.652D,HT-05,护套,正常生产,2024-10-10 10:39:58.217,180-205-225-235-241-245-246,0.00,,,13.80,40.00,17.20,14.50,21.00,,0.20,,,早中班,40.00,DG24A10HE0003,12.60,,,78.40,89.10,,0,0.50,,,14.40,0.00,,18.20,12.6,17.2,14.5,21.0,89.1,78.4,40.0,40.0
A2HT24092812-10,D9G09000831003,1110300100052,GYDTA光缆(黑色),GYDTA-288G.652D,HT-05,护套,正常生产,2024-10-10 15:17:20.000,180-205-225-235-241-245-246,0.00,,,14.10,40.00,17.30,14.50,21.00,,0.20,,,早中班,40.00,/,12.90,,,78.40,89.10,,0,0.50,,,0.00,14.80,,18.30,12.9,17.3,14.5,21.0,89.1,78.4,40.0,40.0
A2HT24092813-10,D1G09002201002,1110100200737,GYTS光缆(黑色),GYTS-144G.652D,HT-05,护套,正常生产,2024-10-10 09:44:54.300,180-205-225-235-241-245-246,0.00,,,13.70,50.00,16.70,14.50,21.00,,0.20,,,早中班,50.00,DG24A10HE0001,12.40,,,78.40,89.10,,0,0.50,,,14.40,0.00,,17.70,12.4,16.7,14.5,21.0,89.1,78.4,50.0,50.0
A2HT24092814-10,A2HT24092814100001,2100900300230,PE涂覆磷化钢丝加强件(黑色),PE-LHGS,HT-09,护套,正常生产,2024-10-06 01:35:11.027,182-206-227-244-246-245-245,0.00,0.00,0.00,3.00,30.00,7.30,2.70,7.30,0.00,0.20,0.00,0.00,早中班,30.00,/,2.50,0.00,0.00,28.00,34.60,0.00,0,0.50,0.00,0.00,0.00,0.00,0,8.00,2.5,7.3,2.7,7.3,34.6,28.0,30.0,30.0
A2HT24092815-10,D1G09002191002,1110100200735,GYTS光缆(黑色),GYTS-96G.652D,HT-01,护套,正常生产,2024-10-11 20:55:48.047,182-205-225-231-241-245-246,8.90,,,11.00,30.00,10.90,10.00,16.00,,0.20,0.00,0.00,早中班,55.00,DG24A11HA0001,5.30,,0.00,62.00,56.00,0.00,210-240-245-250-265-265-250,0.50,,0.00,0.00,0.00,,11.80,5.3,10.9,10.0,16.0,56.0,62.0,55.0,30.0
A2HT24092816-10,A2HT24092816100001,2100900300319,PE涂覆磷化钢丝加强件(黑色),PE-LHGS,HT-13,护套,正常生产,2024-10-06 03:23:42.577,180,0.00,,,5.50,45.00,4.50,2.30,4.30,,0.10,,,中夜班,45.00,/,2.50,,,86.00,66.00,,185  212  215  221  231  236  240  241,0.50,,,,,,4.70,2.5,4.5,2.3,4.3,66.0,86.0,45.0,45.0
A2HT24092817-10,D2G09002141001,1110100600057,GYTZA光缆(黑色),GYTZA-36G.652D,HT-12,护套,正常生产,2024-10-11 15:32:44.700,130-140-145-150-155-160-160-166,0.00,0.00,0.00,9.50,35.00,12.30,9.50,12.50,0.00,0.10,0.00,0.00,早中班,35.00,/,8.30,0.00,0.00,101.00,36.00,0.00,0,0.50,0.00,0.00,0.00,0.00,0,13.00,8.3,12.3,9.5,12.5,36.0,101.0,35.0,35.0
A2HT24092818-10,D2G09002143001,1110100400373,GYTA53光缆(黑色),GYTA53-12G.652D,HT-11,护套,正常生产,2024-10-11 16:50:20.673,182-202-221-232-236-241-243-249,0.00,0.00,0.00,5.60,55.00,9.30,6.60,13.50,0.00,0.10,0.00,0.00,早中班,55.00,/,4.60,0.00,0.00,129.00,40.00,0.00,0,0.50,0.00,0.00,0.00,0.00,/,10.50,4.6,9.3,6.6,13.5,40.0,129.0,55.0,55.0
A2HT24092819-10,A2HT24092819100001,2120100400110,GYTA53内护1(黑色),HT1-12G.652D,HT-01,护套,正常生产,2024-10-11 01:12:25.730,182-205-225-231-241-245-246,8.90,,,11.00,30.00,10.90,10.00,16.00,,0.20,0.00,0.00,早中班,45.00,/,5.30,,0.00,62.00,56.00,0.00,210-240-245-250-265-265-250,0.50,,0.00,0.00,0.00,,11.80,5.3,10.9,10.0,16.0,56.0,62.0,45.0,30.0
A2HT24092820-10,D0G09002071002,1110100560006,GYTS53光缆(黑色),GYTS53-48G.652D,HT-06,护套,正常生产,2024-10-07 09:29:34.343,190-210-220-230-245-250-253,0.00,0.00,0.00,10.70,50.00,14.10,11.50,18.00,,0.10,,,中夜班,50.00,/,9.50,,,81.00,82.00,,/,0.50,0.00,,0.00,0.00,,15.00,9.5,14.1,11.5,18.0,82.0,81.0,50.0,50.0
A2HT24092821-10,A2HT24092821100001,2120100560006,GYTS53内护1(黑色),HT1-48G.652D,HT-06,护套,正常生产,2024-10-07 04:46:28.213,190-210-220-230-245-250-253,9.50,0.00,0.00,7.80,45.00,0.00,8.50,12.50,,0.10,,,中夜班,45.00,/,6.70,,,56.00,25.00,,/,0.50,0.00,,0.00,0.00,,10.50,6.7,0.0,8.5,12.5,25.0,56.0,45.0,45.0
A2HT24092822-10,D0G09002072001,1110100100617,GYTA光缆(黑色),GYTA-48G.652D,HT-05,护套,正常生产,2024-10-08 16:18:16.140,180-205-225-235-241-245-246,0.00,,,7.80,65.00,11.30,8.50,15.00,,0.20,,,早中班,65.00,/,6.70,,,61.00,62.00,,0,0.50,,,,8.50,,12.00,6.7,11.3,8.5,15.0,62.0,61.0,65.0,65.0
A2HT24092823-10,DHHA2309001550002,1110600102299,ADSS-A光缆(黑色),ADSS-6G.652D,HT-D04,护套,正常生产,2024-10-08 10:46:18.240,160-180-190-210-220-230-240,0.00,0.00,0.00,0.00,40.00,10.10,8.50,13.50,0.00,0.15,0.00,0.00,早中班,40.00,,6.70,0.76,8.00,110.00,24.00,0.00,150-170-180-200-210-220-230-230,0.20,0.00,0.00,0.00,0.00,0,0.00,6.7,10.1,8.5,13.5,24.0,110.0,40.0,40.0
A2HT24092824-10,DHHA2309001550001,1110600102300,ADSS-A光缆(黑色),ADSS-12G.652D,HT-06,护套,正常生产,2024-10-08 00:00:47.200,190-210-220-230-245-250-253,0.00,0.00,0.00,8.50,40.00,10.10,8.00,10.50,,0.10,,,中夜班,40.00,/,6.40,,,81.00,38.00,,/,0.50,0.00,,0.00,0.00,,1.00,6.4,10.1,8.0,10.5,38.0,81.0,40.0,40.0
A2HT24092825-10,D6G09000863035,1110600102300,ADSS-A光缆(黑色),ADSS-12G.652D,HT-D04,护套,正常生产,2024-10-08 08:51:53.940,160-180-190-210-220-230-240,0.00,0.00,0.00,0.00,40.00,10.10,8.50,13.50,0.00,0.15,0.00,0.00,早中班,40.00,,6.70,0.76,8.00,110.00,24.00,0.00,150-170-180-200-210-220-230-230,0.20,0.00,0.00,0.00,0.00,0,0.00,6.7,10.1,8.5,13.5,24.0,110.0,40.0,40.0
A2HT24092826-10,D1Z24090017105,1110100100676,GYTA光缆(黑色),GYTA-144G.652D,HT-06,护套,正常生产,2024-10-07 03:57:10.913,190-210-220-230-245-250-253,0.00,0.00,0.00,13.70,50.00,16.40,14.50,21.00,,0.20,,,中夜班,50.00,DG24A06HF0013,12.40,,,79.60,93.80,,/,0.50,0.00,,0.00,0.00,,17.50,12.4,16.4,14.5,21.0,93.8,79.6,50.0,50.0
A2HT24092827-10,A2HT24092827100002,2100900300326,PE涂覆磷化钢丝加强件(黑色),PE-LHGS,HT-09,护套,正常生产,2024-10-06 01:32:02.687,182-206-227-244-246-245-245,0.00,0.00,0.00,3.00,30.00,7.30,2.70,7.30,0.00,0.20,0.00,0.00,早中班,30.00,/,2.50,0.00,0.00,28.00,34.60,0.00,0,0.50,0.00,0.00,0.00,0.00,0,8.00,2.5,7.3,2.7,7.3,34.6,28.0,30.0,30.0
A2HT24092828-10,D2G09002111028,1110100100680,GYTA光缆(黑色),GYTA-12G.652D,HT-11,护套,正常生产,2024-10-09 19:40:18.790,182-202-221-232-236-241-243-249,0.00,0.00,0.00,5.60,100.00,9.30,6.00,12.50,0.00,0.10,0.00,0.00,早中班,100.00,DG24A08HS0018,4.60,0.00,0.00,129.00,40.00,0.00,0,0.50,0.00,0.00,0.00,0.00,/,10.00,4.6,9.3,6.0,12.5,40.0,129.0,100.0,100.0
A2HT24092829-10,D6G09000869004,1110600160005,ADSS-A光缆(黑色),ADSS-96G.652D,HT-06,护套,正常生产,2024-10-09 00:31:29.370,190-210-220-230-245-250-253,0.00,0.00,0.00,9.60,35.00,11.30,9.00,11.50,,0.20,,,中夜班,35.00,/,7.50,,,86.00,38.00,,/,0.50,0.00,,0.00,0.00,,12.30,7.5,11.3,9.0,11.5,38.0,86.0,35.0,35.0
A2HT2409283-10,D9G09000841002,1110300200090,GYDTS光缆(黑色),GYDTS-144G.652D,HT-06,护套,正常生产,2024-10-07 06:55:17.397,190-210-220-230-245-250-253,0.00,0.00,0.00,13.10,45.00,17.60,13.50,20.00,,0.20,,,中夜班,45.00,/,11.80,,,81.00,82.00,,/,0.50,0.00,,0.00,0.00,,18.80,11.8,17.6,13.5,20.0,82.0,81.0,45.0,45.0
A2HT24092830-10,D1G09001959003,1110100200606,GYTS光缆(黑色),GYTS-288G.652D,HT-05,护套,正常生产,2024-10-09 00:01:54.430,180-205-225-235-241-245-246,0.00,,,14.80,40.00,18.30,15.00,22.00,,0.20,,,中夜班,40.00,DG24A08HE0003,13.50,,,61.00,49.10,,0,0.50,,,0.00,0.00,,20.00,13.5,18.3,15.0,22.0,49.1,61.0,40.0,40.0
A2HT24092831-10,A2HT24092831100001,2100900300210,PE涂覆磷化钢丝加强件(黑色),PE-LHGS,HT-13,护套,正常生产,2024-10-05 02:19:34.257,180,0.00,,,5.50,45.00,4.50,2.70,4.80,,0.10,,,中夜班,45.00,/,2.50,,,86.00,66.00,,185  212  215  221  231  236  240  241,0.50,,,,,,5.50,2.5,4.5,2.7,4.8,66.0,86.0,45.0,45.0
A2HT24092832-10,D1G09002021008,1110100200735,GYTS光缆(黑色),GYTS-96G.652D,HT-05,护套,正常生产,2024-10-09 10:11:26.130,180-205-225-235-241-245-246,0.00,,,10.40,55.00,13.50,11.50,18.00,,0.20,,,早中班,55.00,DG24A09HE0002,9.20,,,61.00,49.10,,0,0.50,,,0.00,0.00,,14.50,9.2,13.5,11.5,18.0,49.1,61.0,55.0,55.0
A2HT24092833-10,A2HT24092833100003,2100900300319,PE涂覆磷化钢丝加强件(黑色),PE-LHGS,HT-13,护套,正常生产,2024-10-06 03:19:54.213,180,0.00,,,5.50,45.00,4.50,2.30,4.30,,0.10,,,中夜班,45.00,/,2.50,,,86.00,66.00,,185  212  215  221  231  236  240  241,0.50,,,,,,4.70,2.5,4.5,2.3,4.3,66.0,86.0,45.0,45.0
A2HT24092835-10,D1G09001957003,1110100200737,GYTS光缆(黑色),GYTS-144G.652D,HT-05,护套,正常生产,2024-10-10 04:20:12.200,180-205-225-235-241-245-246,0.00,,,13.70,50.00,16.70,14.50,21.00,,0.20,,,中夜班,50.00,DG24A09HE0019,12.40,,,78.40,89.10,,0,0.50,,,14.40,0.00,,17.70,12.4,16.7,14.5,21.0,89.1,78.4,50.0,50.0
A2HT24092836-10,A2HT24092836100001,2100900300230,PE涂覆磷化钢丝加强件(黑色),PE-LHGS,HT-09,护套,正常生产,2024-10-06 08:26:22.417,182-206-227-244-246-245-245,0.00,0.00,0.00,3.00,30.00,7.30,2.70,7.30,0.00,0.20,0.00,0.00,早中班,30.00,/,2.50,0.00,0.00,28.00,34.60,0.00,0,0.50,0.00,0.00,0.00,0.00,0,8.00,2.5,7.3,2.7,7.3,34.6,28.0,30.0,30.0
A2HT24092837-10,D1G09002023007,1110100200737,GYTS光缆(黑色),GYTS-144G.652D,HT-05,护套,正常生产,2024-10-10 07:40:25.167,180-205-225-235-241-245-246,0.00,,,13.70,50.00,16.70,14.50,21.00,,0.20,,,中夜班,50.00,DG24A09HE0015,12.40,,,78.40,89.10,,0,0.50,,,14.40,0.00,,17.70,12.4,16.7,14.5,21.0,89.1,78.4,50.0,50.0
A2HT24092838-10,A2HT24092838100004,2100900300230,PE涂覆磷化钢丝加强件(黑色),PE-LHGS,HT-09,护套,正常生产,2024-10-07 00:46:58.037,182-206-227-244-246-245-245,0.00,0.00,0.00,3.00,30.00,7.30,2.70,7.30,0.00,0.20,0.00,0.00,早中班,30.00,/,2.50,0.00,0.00,28.00,34.60,0.00,0,0.50,0.00,0.00,0.00,0.00,0,8.00,2.5,7.3,2.7,7.3,34.6,28.0,30.0,30.0
A2HT24092839-10,D9G09000541001,1110101760017,GYFTZY光缆(黑色),GYFTZY-24G.652D,HT-12,护套,正常生产,2024-10-11 00:42:35.683,130-140-145-150-155-160-160-166,0.00,0.00,0.00,9.50,35.00,12.30,9.50,12.50,0.00,0.10,0.00,0.00,早中班,35.00,/,8.30,0.00,0.00,101.00,36.00,0.00,0,0.50,0.00,0.00,0.00,0.00,0,13.00,8.3,12.3,9.5,12.5,36.0,101.0,35.0,35.0
A2HT2409284-10,D1G09002171001,1110300200029,GYDTS光缆(黑色),GYDTS-144G.652D,HT-05,护套,正常生产,2024-10-09 15:47:48.810,180-205-225-235-241-245-246,0.00,,,13.00,45.00,16.40,13.50,20.00,,0.20,,,早中班,45.00,DG24A09HE0008,11.80,,,78.40,89.10,,0,0.50,,,13.50,0.00,,17.30,11.8,16.4,13.5,20.0,89.1,78.4,45.0,45.0
A2HT24092840-10,D9G09000561001,1110101760029,GYFTZY光缆(黑色),GYFTZY-72G.652D,HT-12,护套,正常生产,2024-10-11 00:38:04.180,130-140-145-150-155-160-160-166,0.00,0.00,0.00,9.50,25.00,12.30,9.50,12.50,0.00,0.10,0.00,0.00,早中班,25.00,/,8.30,0.00,0.00,101.00,36.00,0.00,0,0.50,0.00,0.00,0.00,0.00,0,13.00,8.3,12.3,9.5,12.5,36.0,101.0,25.0,25.0
A2HT24092841-10,D9G09000581001,1110101760003,GYFTZY光缆(黑色),GYFTZY-72G.652D,HT-12,护套,正常生产,2024-10-10 22:06:07.350,130-140-145-150-155-160-160-166,0.00,0.00,0.00,9.50,30.00,12.30,9.50,12.50,0.00,0.10,0.00,0.00,早中班,30.00,/,8.30,0.00,0.00,101.00,36.00,0.00,0,0.50,0.00,0.00,0.00,0.00,0,13.00,8.3,12.3,9.5,12.5,36.0,101.0,30.0,30.0
A2HT24092842-10,D6G09001411001,1110102260002,GYTA33光缆(黑色),GYTA33-6G.651-62.5/125,HT-06,护套,正常生产,2024-10-12 01:57:41.187,190-210-220-230-245-250-253,0.00,0.00,0.00,11.80,30.00,13.60,11.50,18.00,,0.20,,,中夜班,30.00,/,9.60,,,81.00,56.00,,/,0.50,0.00,,0.00,0.00,,14.60,9.6,13.6,11.5,18.0,56.0,81.0,30.0,30.0
A2HT24092843-10,A2HT24092843100001,2120102260002,GYTA33内护1(黑色),HT1-6G.651-62.5/125,HT-03,护套,正常生产,2024-10-09 13:09:55.903,182-206-227-244-246-245-246,9.30,0.00,0.00,5.60,45.00,0.00,6.60,13.50,0.00,0.10,0.00,0.00,早中班,45.00,/,4.70,0.00,0.00,79.00,72.00,0.00,0,0.50,0.00,0.00,0.00,0.00,,10.00,4.7,0.0,6.6,13.5,72.0,79.0,45.0,45.0
A2HT24092844-10,D0G09002131001,1110100400245,GYTA53光缆(黑色),GYTA53-16G.652D,HT-11,护套,正常生产,2024-10-11 16:48:42.337,182-202-221-232-236-241-243-249,0.00,0.00,0.00,5.60,55.00,9.30,6.60,13.50,0.00,0.10,0.00,0.00,早中班,55.00,/,4.60,0.00,0.00,129.00,40.00,0.00,0,0.50,0.00,0.00,0.00,0.00,/,10.50,4.6,9.3,6.6,13.5,40.0,129.0,55.0,55.0
A2HT24092845-10,A2HT24092845100001,2120100400207,GYTA53内护1(黑色),HT1-16G.652D,HT-01,护套,正常生产,2024-10-11 01:45:06.407,182-205-225-231-241-245-246,8.90,,,11.00,30.00,10.90,10.00,16.00,,0.20,0.00,0.00,早中班,45.00,/,5.30,,0.00,62.00,56.00,0.00,210-240-245-250-265-265-250,0.50,,0.00,0.00,0.00,,11.80,5.3,10.9,10.0,16.0,56.0,62.0,45.0,30.0
A2HT24092846-10,D6G09001531001,1110102700008,GYTY光缆(黑色护套-黄色色条),GYTY-144G.652D,HT-01,护套,正常生产,2024-10-10 23:59:24.263,182-205-225-231-241-245-246,8.90,,,11.00,30.00,10.90,10.00,16.00,,0.20,0.00,0.00,早中班,30.00,/,5.30,,0.00,62.00,56.00,0.00,210-240-245-250-265-265-250,0.50,,0.00,0.00,0.00,,11.80,5.3,10.9,10.0,16.0,56.0,62.0,30.0,30.0
A2HT24092847-10,A2HT24092847100001,2100900300260,PE涂覆磷化钢丝加强件(黑色),PE-LHGS,HT-09,护套,正常生产,2024-10-07 22:30:28.217,182-206-227-244-246-245-245,0.00,0.00,0.00,3.00,35.00,6.00,2.70,7.30,0.00,0.20,0.00,0.00,中夜班,35.00,/,2.50,0.00,0.00,28.00,34.60,0.00,0,0.50,0.00,0.00,0.00,0.00,0,8.00,2.5,6.0,2.7,7.3,34.6,28.0,35.0,35.0
A2HT24092848-10,D0G09001991001,1110101100035,GYTS04光缆(黑色),GYTS04-36G.652D,HT-01,护套,正常生产,2024-10-10 18:55:52.260,182-205-225-231-241-245-246,8.90,,,11.00,35.00,10.90,10.00,16.00,,0.20,0.00,0.00,早中班,35.00,/,5.30,,0.00,62.00,56.00,0.00,210-240-245-250-265-265-250,0.50,,0.00,0.00,0.00,,11.80,5.3,10.9,10.0,16.0,56.0,62.0,35.0,35.0
A2HT24092849-10,A2HT24092849100001,2120101100037,GYTS04内护1(黑色),HT1-36G.652D,HT-03,护套,正常生产,2024-10-09 15:17:10.607,182-206-227-244-246-245-246,9.30,0.00,0.00,5.60,45.00,0.00,6.60,13.50,0.00,0.10,0.00,0.00,早中班,45.00,/,4.70,0.00,0.00,79.00,72.00,0.00,0,0.50,0.00,0.00,0.00,0.00,,10.00,4.7,0.0,6.6,13.5,72.0,79.0,45.0,45.0
A2HT2409285-10,D1G09002181004,1110300200029,GYDTS光缆(黑色),GYDTS-144G.652D,HT-05,护套,正常生产,2024-10-09 15:08:21.227,180-205-225-235-241-245-246,0.00,,,13.00,45.00,16.40,13.50,20.00,,0.20,,,早中班,45.00,DG24A09HE0007,11.80,,,78.40,89.10,,0,0.50,,,13.50,0.00,,17.30,11.8,16.4,13.5,20.0,89.1,78.4,45.0,45.0
A2HT24092850-10,D2G09002001085,1110100200783,GYTS光缆(黑色),GYTS-6G.652D,HT-14,护套,正常生产,2024-10-12 05:52:25.560,180,0.00,0.00,0.00,5.90,80.00,8.80,7.50,14.50,0.00,0.10,0.00,0.00,中夜班,80.00,/,4.60,0.00,0.00,79.00,72.00,0.00,185  212  215  221  231  236  240  241,0.50,0.00,0.00,0.00,0.00,,10.00,4.6,8.8,7.5,14.5,72.0,79.0,80.0,80.0
A2HT24092851-10,D6G09000869017,1110600160005,ADSS-A光缆(黑色),ADSS-96G.652D,HT-06,护套,正常生产,2024-10-09 16:40:08.103,190-210-220-230-245-250-253,0.00,0.00,0.00,9.60,30.00,11.30,9.00,11.50,,0.20,,,中夜班,30.00,/,7.50,,,86.00,38.00,,/,0.50,0.00,,0.00,0.00,,12.30,7.5,11.3,9.0,11.5,38.0,86.0,30.0,30.0
A2HT24092852-10,D6G09000865006,1110600102301,ADSS-A光缆(黑色),ADSS-24G.652D,HT-06,护套,正常生产,2024-10-10 16:23:14.710,190-210-220-230-245-250-253,0.00,0.00,0.00,8.60,40.00,10.10,8.00,10.50,,0.10,,,中夜班,40.00,/,6.40,,,86.00,38.00,,/,0.50,0.00,,0.00,0.00,,11.20,6.4,10.1,8.0,10.5,38.0,86.0,40.0,40.0
A2HT24092853-10,D2G09002001119,1110100200783,GYTS光缆(黑色),GYTS-6G.652D,HT-11,护套,正常生产,2024-10-12 01:15:38.987,182-202-221-232-236-241-243-249,0.00,0.00,0.00,5.60,100.00,9.30,6.60,13.50,0.00,0.10,0.00,0.00,早中班,100.00,/,4.60,0.00,0.00,129.00,40.00,0.00,0,0.50,0.00,0.00,0.00,0.00,/,10.50,4.6,9.3,6.6,13.5,40.0,129.0,100.0,100.0
A2HT24092854-10,D6G09001971002,1110200900024,GYFXTZS光缆(蓝色),GYFXTZS-4G657A1,HT-12,护套,正常生产,2024-10-11 13:24:50.680,130-140-145-150-155-160-160-166,0.00,0.00,0.00,9.50,25.00,12.30,9.50,12.50,0.00,0.10,0.00,0.00,早中班,25.00,/,8.30,0.00,0.00,101.00,36.00,0.00,0,0.50,0.00,0.00,0.00,0.00,0,13.00,8.3,12.3,9.5,12.5,36.0,101.0,25.0,25.0
A2HT24092855-10,D9G09000781012,1110300100213,GYDTA光缆(黑色),GYDTA-576G.652D,HT-05,护套,正常生产,2024-10-11 03:49:11.707,180-205-225-235-241-245-246,0.00,,,19.50,25.00,22.70,20.50,28.00,,0.20,,,早中班,25.00,/,18.30,,,71.30,63.30,,0,0.50,,,15.00,0.00,,,18.3,22.7,20.5,28.0,63.3,71.3,25.0,25.0
A2HT24092856-10,A2HT24092856100001,2100900300222,PE涂覆磷化钢丝加强件(黑色),PE-LHGS,HT-09,护套,正常生产,2024-10-08 06:15:26.160,182-206-227-244-246-245-245,0.00,0.00,0.00,3.00,35.00,6.00,2.70,7.30,0.00,0.20,0.00,0.00,中夜班,35.00,/,2.50,0.00,0.00,28.00,34.60,0.00,0,0.50,0.00,0.00,0.00,0.00,0,8.00,2.5,6.0,2.7,7.3,34.6,28.0,35.0,35.0
A2HT24092858-10,D6G09000861036,1110600102299,ADSS-A光缆(黑色),ADSS-6G.652D,HT-01,护套,正常生产,2024-09-29 23:20:46.680,182-205-225-231-241-245-246,0.00,,,7.60,30.00,10.10,7.50,10.50,,0.10,0.00,0.00,中夜班,30.00,/,6.40,,0.00,62.00,56.00,0.00,0,0.50,,0.00,0.00,0.00,,11.00,6.4,10.1,7.5,10.5,56.0,62.0,30.0,30.0
A2HT2409286-10,D0G09000761001,1110101200181,GYFTY光缆(黑色),GYFTY-12G.652D,HT-03,护套,正常生产,2024-10-08 21:31:30.057,182-206-227-244-246-245-246,9.30,0.00,0.00,5.60,45.00,0.00,6.60,13.50,0.00,0.10,0.00,0.00,早中班,45.00,/,4.70,0.00,0.00,79.00,72.00,0.00,0,0.50,0.00,0.00,0.00,0.00,,9.60,4.7,0.0,6.6,13.5,72.0,79.0,45.0,45.0
A2HT2409287-10,D2G09002221004,1110400160003,GYDXTW光缆(黑色),GYDXTW-144G.652D,HT-05,护套,正常生产,2024-10-07 16:02:32.557,180-205-225-235-241-245-243,0.00,,,6.50,40.00,13.90,10.00,14.50,,0.10,,,中夜班,40.00,DG24A07HE0006,7.80,,,61.00,62.00,,0,0.50,,,,,,10.80,7.8,13.9,10.0,14.5,62.0,61.0,40.0,40.0
A2HT2409288-10,D2G09002211001,1110400160002,GYDXTW光缆(黑色),GYDXTW-96G.652D,HT-05,护套,正常生产,2024-10-07 17:02:27.283,180-205-225-235-241-245-243,0.00,,,6.50,50.00,13.00,10.00,14.50,,0.10,,,中夜班,50.00,DG24A07HE0009,6.50,,,61.00,62.00,,0,0.50,,,,,,10.80,6.5,13.0,10.0,14.5,62.0,61.0,50.0,50.0
A2HT2409289-10,D2G09002142001,1110400260002,GYDXTZW光缆(黑色),GYDXTZW-72G.652D,HT-12,护套,正常生产,2024-10-09 14:26:07.167,130-140-145-150-155-160-160-166,0.00,0.00,0.00,8.60,30.00,12.50,9.50,13.00,0.00,0.10,0.00,0.00,早中班,30.00,/,7.50,0.00,0.00,101.00,36.00,0.00,0,0.50,0.00,0.00,0.00,0.00,0,13.50,7.5,12.5,9.5,13.0,36.0,101.0,30.0,30.0
A2HT24092910-10,D0G09000331001,1110101960002,GYFTZS光缆(黑色),GYFTZS-24G.652D,HT-12,护套,正常生产,2024-10-09 12:32:44.040,130-140-145-150-155-160-160-166,0.00,0.00,0.00,8.60,25.00,12.50,9.50,13.00,0.00,0.10,0.00,0.00,早中班,25.00,,7.50,0.00,0.00,101.00,36.00,0.00,0,0.50,0.00,0.00,0.00,0.00,0,13.50,7.5,12.5,9.5,13.0,36.0,101.0,25.0,25.0
A2HT24092911-10,D6G09000864005,1110101360007,GYFTS光缆(黑色),GYFTS-12G.652D,HT-05,护套,正常生产,2024-10-05 23:04:07.813,180-205-225-235-241-245-245,0.00,0.00,0.00,7.60,35.00,11.80,8.00,14.00,0.00,0.10,0.00,0.00,中夜班,35.00,/,6.40,0.00,0.00,61.00,62.00,0.00,0,0.50,0.00,0.00,0.00,0.00,/,13.00,6.4,11.8,8.0,14.0,62.0,61.0,35.0,35.0
A2HT24092912-10,D0G09000391003,1111202360001,GYMXY333光缆(黑色),GYMXY333-6G.657A2,HT-03,护套,正常生产,2024-10-10 18:02:43.503,182-206-227-244-246-245-246,0.00,0.00,0.00,6.00,40.00,7.90,6.00,12.00,0.00,0.10,0.00,0.00,早中班,40.00,/,4.10,0.00,0.00,79.00,72.00,0.00,0,0.50,0.00,0.00,0.00,0.00,,10.00,4.1,7.9,6.0,12.0,72.0,79.0,40.0,40.0
A2HT24092914-10,D0G09000771005,1111202360002,GYMXY333光缆(黑色),GYMXY333-4G.651A1b,HT-03,护套,正常生产,2024-10-07 16:28:25.530,182-206-227-244-246-245-246,8.90,0.00,0.00,6.30,30.00,0.00,6.60,13.50,0.00,0.10,0.00,0.00,早中班,30.00,/,5.30,0.00,0.00,79.00,72.00,0.00,0,0.50,0.00,0.00,0.00,0.00,,14.00,5.3,0.0,6.6,13.5,72.0,79.0,30.0,30.0
A2HT24092915-10,D0G09000391011,1111202360001,GYMXY333光缆(黑色),GYMXY333-6G.657A2,HT-03,护套,正常生产,2024-10-10 19:17:41.820,182-206-227-244-246-245-246,0.00,0.00,0.00,6.00,40.00,7.90,6.00,12.00,0.00,0.10,0.00,0.00,早中班,40.00,/,4.10,0.00,0.00,79.00,72.00,0.00,0,0.50,0.00,0.00,0.00,0.00,,10.00,4.1,7.9,6.0,12.0,72.0,79.0,40.0,40.0
A2HT24092916-10,D0G09000771008,1111202360002,GYMXY333光缆(黑色),GYMXY333-4G.651A1b,HT-03,护套,正常生产,2024-10-10 10:35:37.967,182-206-227-244-246-245-246,0.00,0.00,0.00,6.00,30.00,7.90,6.00,12.00,0.00,0.10,0.00,0.00,中夜班,30.00,/,4.10,0.00,0.00,79.00,72.00,0.00,0,0.50,0.00,0.00,0.00,0.00,,10.00,4.1,7.9,6.0,12.0,72.0,79.0,30.0,30.0
A2HT2409297-10,D2G09001482047,1110100100680,GYTA光缆(黑色),GYTA-12G.652D,HT-02,护套,正常生产,2024-09-30 07:06:13.060,181-215-225-235-240-239-245,0.00,0.00,0.00,5.60,100.00,9.30,6.00,12.50,0.00,0.10,0.00,0.00,中夜班,100.00,DG24929HB0046,4.60,0.00,0.00,62.00,73.00,0.00,0,0.50,0.00,0.00,6.10,0.00,,10.00,4.6,9.3,6.0,12.5,73.0,62.0,100.0,100.0
A2HT2409299-10,D6G09000867010,1110600102302,ADSS-A光缆(黑色),ADSS-48G.652D,HT-D04,护套,正常生产,2024-09-29 18:42:41.243,140-150-160-170-180-180-180,9.60,0.00,0.00,0.00,30.00,10.20,8.50,13.50,0.00,0.15,7.20,7.10,中夜班,30.00,,6.70,0.00,0.00,110.00,24.00,0.00,0,0.20,0.00,0.00,0.00,0.00,0,0.00,6.7,10.2,8.5,13.5,24.0,110.0,30.0,30.0
A2HT24093010-10,A2HT24093010100001,2120101100037,GYTS04内护1(黑色),HT1-36G.652D,HT-03,护套,正常生产,2024-10-09 14:03:25.210,182-206-227-244-246-245-246,9.30,0.00,0.00,5.60,45.00,0.00,6.60,13.50,0.00,0.10,0.00,0.00,早中班,45.00,/,4.70,0.00,0.00,79.00,72.00,0.00,0,0.50,0.00,0.00,0.00,0.00,,10.00,4.7,0.0,6.6,13.5,72.0,79.0,45.0,45.0
A2HT24093011-10,D2G09002233009,1110100100681,GYTA光缆(黑色),GYTA-24G.652D,HT-11,护套,正常生产,2024-10-10 02:52:08.197,182-202-221-232-236-241-243-249,0.00,0.00,0.00,6.00,100.00,9.50,6.60,13.50,0.00,0.10,0.00,0.00,早中班,100.00,DG24A09HS0037.,4.95,0.00,0.00,129.00,40.00,0.00,0,0.50,0.00,0.00,0.00,0.00,/,10.50,4.95,9.5,6.6,13.5,40.0,129.0,100.0,100.0
A2HT24093012-10,D0G09002451001,1110104560006,GYFTZY63光缆(黑色),GYFTZY63-48G.652D,HT-12,护套,正常生产,2024-10-10 09:40:17.453,130-140-145-150-155-160-160-166,0.00,0.00,0.00,9.50,30.00,12.10,9.50,12.50,0.00,0.10,0.00,0.00,早中班,30.00,/,8.30,0.00,0.00,101.00,36.00,0.00,0,0.50,0.00,0.00,0.00,0.00,0,13.00,8.3,12.1,9.5,12.5,36.0,101.0,30.0,30.0
A2HT24093013-10,A2HT24093013100001,2120104560005,GYFTZY63内护(黑色),HT1-48G.652D,HT-03,护套,正常生产,2024-10-08 12:52:26.047,182-206-227-244-246-245-246,9.30,0.00,0.00,5.60,45.00,0.00,6.60,13.50,0.00,0.10,0.00,0.00,早中班,45.00,/,4.70,0.00,0.00,79.00,72.00,0.00,0,0.50,0.00,0.00,0.00,0.00,,9.60,4.7,0.0,6.6,13.5,72.0,79.0,45.0,45.0
A2HT2409303-10,D2G09002351001,1110300100052,GYDTA光缆(黑色),GYDTA-288G.652D,HT-05,护套,正常生产,2024-10-10 14:56:06.427,180-205-225-235-241-245-246,0.00,,,14.10,40.00,17.70,14.50,21.00,,0.20,,,早中班,40.00,DG24A10HE0006,12.90,,,78.40,89.10,,0,0.50,,,0.00,14.80,,18.30,12.9,17.7,14.5,21.0,89.1,78.4,40.0,40.0
A2HT2409305-10,D2G09002361001,1110300100052,GYDTA光缆(黑色),GYDTA-288G.652D,HT-05,护套,正常生产,2024-10-10 14:19:27.473,180-205-225-235-241-245-246,0.00,,,14.10,40.00,17.30,14.50,21.00,,0.20,,,早中班,40.00,DG24A10HE0005,12.90,,,78.40,89.10,,0,0.50,,,0.00,14.80,,18.30,12.9,17.3,14.5,21.0,89.1,78.4,40.0,40.0
A2HT2409306-10,D2G09002374016,1110100200724,GYTS光缆(黑色),GYTS-60G.652D,HT-05,护套,正常生产,2024-10-08 14:28:19.667,180-205-225-235-241-245-246,0.00,,,7.80,65.00,11.30,8.50,15.00,,0.20,,,早中班,65.00,/,6.70,,,61.00,62.00,,0,0.50,,,,,,12.00,6.7,11.3,8.5,15.0,62.0,61.0,65.0,65.0
A2HT2409307-10,D0G09000642002,1110101660008,GYFTA53光缆(黑色),GYFTA53-24G.652D,HT-03,护套,正常生产,2024-10-07 01:16:37.117,182-206-227-244-246-245-246,0.00,0.00,0.00,10.20,55.00,13.70,10.50,17.00,0.00,0.10,0.00,0.00,中夜班,55.00,/,9.10,0.00,0.00,79.00,72.00,0.00,0,0.50,0.00,0.00,0.00,0.00,,15.00,9.1,13.7,10.5,17.0,72.0,79.0,55.0,55.0
A2HT2409308-10,A2HT2409308100001,2120101660007,GYFTA53内护1(黑色),HT1-24G.652D,HT-03,护套,正常生产,2024-10-06 22:07:50.647,182-206-227-244-246-245-246,0.00,0.00,0.00,10.20,80.00,13.70,10.50,17.00,0.00,0.10,0.00,0.00,中夜班,80.00,/,9.10,0.00,0.00,79.00,72.00,0.00,0,0.50,0.00,0.00,0.00,0.00,,15.00,9.1,13.7,10.5,17.0,72.0,79.0,80.0,80.0
A2HT2409309-10,D0G09002471001,1110101100035,GYTS04光缆(黑色),GYTS04-36G.652D,HT-01,护套,正常生产,2024-10-10 20:02:59.120,182-205-225-231-241-245-246,8.90,,,11.00,35.00,10.90,10.00,16.00,,0.20,0.00,0.00,早中班,35.00,/,5.30,,0.00,62.00,56.00,0.00,210-240-245-250-265-265-250,0.50,,0.00,0.00,0.00,,11.80,5.3,10.9,10.0,16.0,56.0,62.0,35.0,35.0
A2HT24100412-10,D9G09000821001,1110100360001,GYTY53光缆(黑色),GYTY53-72G.652D,HT-03,护套,正常生产,2024-10-09 02:26:59.880,182-206-227-244-246-245-246,9.30,0.00,0.00,5.60,55.00,0.00,6.60,13.50,0.00,0.10,0.00,0.00,早中班,55.00,/,4.70,0.00,0.00,79.00,72.00,0.00,0,0.50,0.00,0.00,0.00,0.00,,9.60,4.7,0.0,6.6,13.5,72.0,79.0,55.0,55.0
A2HT24100413-10,A2HT24100413100001,2120100360001,GYTY53内护1(黑色),HT1-72G.652D,HT-03,护套,正常生产,2024-10-08 23:01:43.340,182-206-227-244-246-245-246,9.30,0.00,0.00,5.60,45.00,0.00,6.60,13.50,0.00,0.10,0.00,0.00,早中班,45.00,/,4.70,0.00,0.00,79.00,72.00,0.00,0,0.50,0.00,0.00,0.00,0.00,,9.60,4.7,0.0,6.6,13.5,72.0,79.0,45.0,45.0
A2HT24100414-10,D9G09000822001,1110100360002,GYTY53光缆(黑色),GYTY53-36G.652D,HT-13,护套,正常生产,2024-10-11 05:30:23.247,180,7.10,,,7.00,45.00,11.30,7.00,11.50,,0.10,,,中夜班,55.00,/,5.40,,,86.00,33.00,,185  212  215  221  231  236  240  241,0.50,,,,,,8.30,5.4,11.3,7.0,11.5,33.0,86.0,55.0,45.0
A2HT24100415-10,A2HT24100415100001,2120100360002,GYTY53内护1(黑色),HT1-36G.652D,HT-13,护套,正常生产,2024-10-11 02:38:23.707,180,7.10,,,7.00,45.00,11.30,7.00,11.50,,0.10,,,中夜班,45.00,/,5.40,,,86.00,33.00,,185  212  215  221  231  236  240  241,0.50,,,,,,8.30,5.4,11.3,7.0,11.5,33.0,86.0,45.0,45.0
A2HT24100416-10,D9G09000971001,1110101600051,GYFTA53光缆(黑色),GYFTA53-24G.652D,HT-03,护套,正常生产,2024-10-09 01:21:51.957,182-206-227-244-246-245-246,9.30,0.00,0.00,5.60,55.00,0.00,6.60,13.50,0.00,0.10,0.00,0.00,早中班,55.00,/,4.70,0.00,0.00,79.00,72.00,0.00,0,0.50,0.00,0.00,0.00,0.00,,9.60,4.7,0.0,6.6,13.5,72.0,79.0,55.0,55.0
A2HT24100417-10,A2HT24100417100002,2120101600049,GYFTA53内护1(黑色),HT1-24G.652D,HT-03,护套,正常生产,2024-10-08 14:51:46.973,182-206-227-244-246-245-246,9.30,0.00,0.00,5.60,45.00,0.00,6.60,13.50,0.00,0.10,0.00,0.00,早中班,45.00,/,4.70,0.00,0.00,79.00,72.00,0.00,0,0.50,0.00,0.00,0.00,0.00,,9.60,4.7,0.0,6.6,13.5,72.0,79.0,45.0,45.0
A2HT2410051-10,D9G09000071001,1110101760025,GYFTZY光缆(黑色),GYFTZY-48G.652D,HT-04,护套,正常生产,2024-10-06 22:56:00.657,130-145-155-160-165-165-171,0.00,,,11.00,30.00,12.60,10.00,13.00,,0.10,,,中夜班,30.00,/,8.10,,,71.00,0.00,0.00,0,0.50,,,0.00,0.00,,13.60,8.1,12.6,10.0,13.0,0.0,71.0,30.0,30.0
A2HT24100512-10,D6G09000867046,1110600102302,ADSS-A光缆(黑色),ADSS-48G.652D,HT-D04,护套,正常生产,2024-10-08 13:14:35.367,160-180-190-210-220-230-240,0.00,0.00,0.00,0.00,40.00,10.20,8.50,13.50,0.00,0.15,0.00,0.00,早中班,40.00,,6.70,0.76,8.00,110.00,24.00,0.00,150-170-180-200-210-220-230-230,0.20,0.00,0.00,0.00,0.00,0,0.00,6.7,10.2,8.5,13.5,24.0,110.0,40.0,40.0
A2HT2410052-10,B2G09002401001,1110100100604,GYTA光缆(黑色),GYTA-96G.652D,HT-01,护套,正常生产,2024-10-11 03:15:11.600,182-205-225-231-241-245-246,8.90,,,11.00,30.00,10.90,10.00,16.00,,0.20,0.00,0.00,早中班,55.00,,5.30,,0.00,62.00,56.00,0.00,210-240-245-250-265-265-250,0.50,,0.00,0.00,0.00,,11.80,5.3,10.9,10.0,16.0,56.0,62.0,55.0,30.0
A2HT2410053-10,A2HT2410053100001,2100900300319,PE涂覆磷化钢丝加强件(黑色),PE-LHGS,HT-13,护套,正常生产,2024-10-06 04:20:28.917,180,0.00,,,5.50,45.00,4.50,2.30,4.30,,0.10,,,中夜班,45.00,/,2.50,,,86.00,66.00,,185  212  215  221  231  236  240  241,0.50,,,,,,4.70,2.5,4.5,2.3,4.3,66.0,86.0,45.0,45.0
A2HT24100610-10,A2HT24100610100001,2100900300230,PE涂覆磷化钢丝加强件(黑色),PE-LHGS,HT-09,护套,正常生产,2024-10-07 00:48:59.367,182-206-227-244-246-245-245,0.00,0.00,0.00,3.00,30.00,7.30,2.70,7.30,0.00,0.20,0.00,0.00,早中班,30.00,/,2.50,0.00,0.00,28.00,34.60,0.00,0,0.50,0.00,0.00,0.00,0.00,0,8.00,2.5,7.3,2.7,7.3,34.6,28.0,30.0,30.0
A2HT24100611-10,D1G09002261024,1110100200737,GYTS光缆(黑色),GYTS-144G.652D,HT-05,护套,正常生产,2024-10-11 23:14:21.717,180-205-225-235-241-245-246,0.00,,,13.70,50.00,16.70,14.50,21.00,,0.20,,,中夜班,50.00,DG24A11HE0024,12.40,,,71.30,63.30,,0,0.50,,,14.40,0.00,,17.70,12.4,16.7,14.5,21.0,63.3,71.3,50.0,50.0
A2HT24100612-10,A2HT24100612100006,2100900300230,PE涂覆磷化钢丝加强件(黑色),PE-LHGS,HT-09,护套,正常生产,2024-10-09 23:29:18.490,182-206-227-244-246-245-245,0.00,0.00,0.00,3.00,30.00,7.30,2.70,7.30,0.00,0.20,0.00,0.00,中夜班,30.00,/,2.50,0.00,0.00,28.00,34.60,0.00,0,0.50,0.00,0.00,0.00,0.00,0,8.00,2.5,7.3,2.7,7.3,34.6,28.0,30.0,30.0
A2HT24100615-10,D6G09000865014,1110600102301,ADSS-A光缆(黑色),ADSS-24G.652D,HT-06,护套,正常生产,2024-10-11 23:07:53.823,190-210-220-230-245-250-253,0.00,0.00,0.00,8.60,30.00,10.10,8.00,10.50,,0.10,,,中夜班,30.00,/,6.40,,,86.00,38.00,,/,0.50,0.00,,0.00,0.00,,11.20,6.4,10.1,8.0,10.5,38.0,86.0,30.0,30.0
A2HT24100616-10,D2G09002371037,1110100200704,GYTS光缆(黑色),GYTS-48G.652D,HT-01,护套,正常生产,2024-10-13 02:40:02.600,182-205-225-231-241-245-246,0.00,,,7.70,65.00,11.30,8.50,16.50,,0.20,0.00,0.00,早中班,65.00,/,6.70,,0.00,62.00,56.00,0.00,0,0.50,,0.00,0.00,0.00,,12.00,6.7,11.3,8.5,16.5,56.0,62.0,65.0,65.0
A2HT24100617-10,D0G09002511004,1110100600186,GYTZA光缆(黑色),GYTZA-4G.652D,HT-12,护套,正常生产,2024-10-11 21:38:18.200,130-140-145-150-155-160-160-166,0.00,0.00,0.00,5.50,35.00,8.40,6.00,8.50,0.00,0.10,0.00,0.00,早中班,35.00,/,4.50,0.00,0.00,101.00,36.00,0.00,0,0.50,0.00,0.00,0.00,0.00,0,9.50,4.5,8.4,6.0,8.5,36.0,101.0,35.0,35.0
A2HT24100618-10,D0G09002512002,1110100600153,GYTZA光缆(黑色),GYTZA-16G.652D,HT-12,护套,正常生产,2024-10-11 22:45:26.577,130-140-145-150-155-160-160-166,0.00,0.00,0.00,5.50,35.00,8.40,6.00,8.50,0.00,0.10,0.00,0.00,早中班,35.00,/,4.50,0.00,0.00,101.00,36.00,0.00,0,0.50,0.00,0.00,0.00,0.00,0,9.50,4.5,8.4,6.0,8.5,36.0,101.0,35.0,35.0
A2HT24100619-10,D0G09002513002,1110100660002,GYTZA光缆(黑色),GYTZA-8G.652D,HT-12,护套,正常生产,2024-10-11 17:45:45.953,130-140-145-150-155-160-160-166,0.00,0.00,0.00,5.50,35.00,8.40,6.00,8.50,0.00,0.10,0.00,0.00,早中班,35.00,/,4.50,0.00,0.00,101.00,36.00,0.00,0,0.50,0.00,0.00,0.00,0.00,0,9.50,4.5,8.4,6.0,8.5,36.0,101.0,35.0,35.0
A2HT24100620-10,D0G09002481003,1110101700265,GYFTZY光缆(黑色),GYFTZY-48G.652D,HT-12,护套,正常生产,2024-10-12 02:01:06.797,130-140-145-150-155-160-160-166,0.00,0.00,0.00,5.50,30.00,8.40,6.00,8.50,0.00,0.10,0.00,0.00,早中班,30.00,/,4.50,0.00,0.00,101.00,36.00,0.00,0,0.50,0.00,0.00,0.00,0.00,0,9.50,4.5,8.4,6.0,8.5,36.0,101.0,30.0,30.0
A2HT24100621-10,D2G09002601001,1110100100617,GYTA光缆(黑色),GYTA-48G.652D,HT-01,护套,正常生产,2024-10-11 22:17:22.063,182-205-225-231-241-245-246,8.90,,,11.00,30.00,10.90,10.00,16.00,,0.20,0.00,0.00,早中班,65.00,DG24A11HA0003,5.30,,0.00,62.00,56.00,0.00,210-240-245-250-265-265-250,0.50,,0.00,0.00,0.00,,11.80,5.3,10.9,10.0,16.0,56.0,62.0,65.0,30.0
A2HT24100622-10,D6G09000865038,1110600102301,ADSS-A光缆(黑色),ADSS-24G.652D,HT-01,护套,正常生产,2024-10-16 05:20:13.300,182-205-225-231-241-245-246,0.00,,,8.00,30.00,10.10,8.50,10.50,,0.10,0.00,0.00,早中班,30.00,/,6.40,,0.00,62.00,56.00,0.00,0,0.50,,0.00,0.00,0.00,,12.00,6.4,10.1,8.5,10.5,56.0,62.0,30.0,30.0
A2HT24100623-10,D2G09001361063,1110101100028,GYTS04光缆(黑色),GYTS04-4G.652D,HT-01,护套,正常生产,2024-10-09 20:49:57.630,182-205-225-231-241-245-246,8.90,,,11.00,30.00,10.90,10.00,16.00,,0.20,0.00,0.00,早中班,30.00,DG24A09HA0012,5.30,,0.00,62.00,56.00,0.00,210-240-245-250-265-265-250,0.50,,0.00,0.00,0.00,,11.80,5.3,10.9,10.0,16.0,56.0,62.0,30.0,30.0
A2HT24100624-10,A2HT24100624100001,2120101100030,GYTS04内护1(黑色),HT1-4G.652D,HT-05,护套,正常生产,2024-10-08 19:16:57.017,180-205-225-235-241-245-246,8.90,,,6.30,65.00,0.00,6.60,12.80,,0.10,,,早中班,65.00,/,5.30,,,61.00,49.10,,0,0.50,,,6.50,0.00,,9.80,5.3,0.0,6.6,12.8,49.1,61.0,65.0,65.0
A2HT24100625-10,D2G09002372020,1110100200782,GYTS光缆(黑色),GYTS-12G.652D,HT-02,护套,正常生产,2024-10-11 19:34:40.167,180-215-225-235-240-239-245,0.00,0.00,0.00,5.50,80.00,9.30,6.60,14.00,0.00,0.10,0.00,0.00,早中班,80.00,/,4.60,0.00,0.00,62.00,73.00,0.00,0,0.50,0.00,0.00,0.00,0.00,/,10.20,4.6,9.3,6.6,14.0,73.0,62.0,80.0,80.0
A2HT24100626-10,D2G09002373013,1110100200784,GYTS光缆(黑色),GYTS-24G.652D,HT-11,护套,正常生产,2024-10-12 20:49:46.437,182-202-221-232-236-241-243-249,0.00,0.00,0.00,6.00,80.00,9.50,6.60,13.50,0.00,0.10,0.00,0.00,早中班,80.00,/,4.95,0.00,0.00,129.00,40.00,0.00,0,0.50,0.00,0.00,0.00,0.00,/,10.50,4.95,9.5,6.6,13.5,40.0,129.0,80.0,80.0
A2HT24100627-10,D9G09000901001,1110101600052,GYFTA53光缆(黑色),GYFTA53-48G.652D,HT-05,护套,正常生产,2024-10-12 21:10:51.863,180-205-225-235-241-245-246,10.30,,,11.60,55.00,15.10,12.50,19.00,,0.20,,,早中班,55.00,/,7.50,,,52.60,32.40,,0,0.50,,,0.00,0.00,,16.50,7.5,15.1,12.5,19.0,32.4,52.6,55.0,55.0
A2HT24100628-10,A2HT24100628100001,2120101600050,GYFTA53内护1(黑色),HT1-48G.652D,HT-05,护套,正常生产,2024-10-12 09:29:37.660,180-205-225-235-241-245-246,10.30,,,8.60,45.00,15.10,9.50,13.50,,0.10,,,早中班,45.00,,7.50,,,52.60,32.40,,0,0.50,,,0.00,9.00,,11.20,7.5,15.1,9.5,13.5,32.4,52.6,45.0,45.0
A2HT24100629-10,D2G09002561001,1110100100496,GYTA光缆(黑色),GYTA-192G.652D,HT-06,护套,正常生产,2024-10-13 01:21:59.490,190-210-220-230-245-250-253,0.00,0.00,0.00,13.90,40.00,17.30,14.50,21.00,,0.20,,,中夜班,40.00,DG24A12HF0001,12.50,,,88.00,76.00,,/,0.50,0.00,4.50,0.00,0.00,,0.00,12.5,17.3,14.5,21.0,76.0,88.0,40.0,40.0
A2HT24100630-10,D2G09002571004,1110100400360,GYTA53光缆(黑色),GYTA53-72G.652D,HT-05,护套,正常生产,2024-10-13 02:34:46.250,180-205-225-235-241-245-246,10.30,,,11.60,50.00,14.90,12.50,19.00,,0.20,,,早中班,50.00,DG24A12HE0004,7.50,,,52.60,32.40,,0,0.50,,,0.00,0.00,,16.50,7.5,14.9,12.5,19.0,32.4,52.6,50.0,50.0
A2HT24100631-10,A2HT24100631100003,2120100400310,GYTA53内护1(黑色),HT1-72G.652D,HT-05,护套,正常生产,2024-10-12 19:28:29.770,180-205-225-235-241-245-246,10.30,,,8.60,40.00,15.10,9.50,13.50,,0.10,,,早中班,40.00,/,7.50,,,52.60,32.40,,0,0.50,,,0.00,9.00,,11.20,7.5,15.1,9.5,13.5,32.4,52.6,40.0,40.0
A2HT24100632-10,D2G09002421016,1110200500028,GYXTS光缆(黑色),GYXTS-48G.652D,HT-05,护套,正常生产,2024-10-14 22:52:58.423,180-205-225-235-241-245-246,0.00,,,6.90,60.00,10.50,7.50,14.00,,0.10,,,中夜班,60.00,DG24A14HE0019,5.70,,,71.80,56.10,,0,0.50,,,7.20,0.00,,11.50,5.7,10.5,7.5,14.0,56.1,71.8,60.0,60.0
A2HT24100648-10,D6G09000863033,1110600102300,ADSS-A光缆(黑色),ADSS-12G.652D,HT-06,护套,正常生产,2024-10-07 22:14:55.860,190-210-220-230-245-250-253,0.00,0.00,0.00,8.50,40.00,10.10,8.00,10.50,,0.10,,,中夜班,40.00,/,6.40,,,81.00,38.00,,/,0.50,0.00,,0.00,0.00,,1.00,6.4,10.1,8.0,10.5,38.0,81.0,40.0,40.0
A2HT2410069-10,D1G09002262002,1110100200738,GYTS光缆(黑色),GYTS-144G.652D,HT-05,护套,正常生产,2024-10-10 17:36:02.927,180-205-225-235-241-245-246,0.00,,,14.80,40.00,17.10,14.50,21.00,,0.20,,,早中班,40.00,DG24A10HE0102,12.40,,,71.30,63.30,,0,0.50,,,15.00,0.00,,18.10,12.4,17.1,14.5,21.0,63.3,71.3,40.0,40.0
A2HT24100816-10,D0G09002591010,1110107160001,GYFZY光缆(黑色),GYFZY-6G.652D,HT-12,护套,正常生产,2024-10-15 11:19:55.117,130 135 140 145 150 155 160 165,0.00,1.00,1.00,10.20,35.00,11.00,8.00,11.20,1.00,0.20,0.00,0.00,早中班,35.00,/,6.80,1.00,0.00,95.00,55.00,0.00,130 135 140 145 150 155 160 165,0.50,1.00,0.00,0.00,35.50,1,13.50,6.8,11.0,8.0,11.2,55.0,95.0,35.0,35.0
A2HT24100817-10,D0G09002661001,1110200160007,GYXTW光缆(黑色),GYXTW-12G.652D,HT-06,护套,正常生产,2024-10-12 05:06:05.827,190-210-220-230-245-250-253,0.00,0.00,0.00,4.40,45.00,8.60,4.50,9.20,,0.10,,,中夜班,45.00,/,2.60,,,76.00,38.00,,/,0.50,0.00,4.50,0.00,0.00,,96.00,2.6,8.6,4.5,9.2,38.0,76.0,45.0,45.0
A2HT24100818-10,D0G09002662001,1110200100129,GYXTW光缆(黑色),GYXTW-4G.652D,HT-06,护套,正常生产,2024-10-12 05:31:43.400,190-210-220-230-245-250-253,0.00,0.00,0.00,4.40,45.00,8.60,4.50,9.20,,0.10,,,中夜班,45.00,/,2.60,,,76.00,38.00,,/,0.50,0.00,4.50,0.00,0.00,,96.00,2.6,8.6,4.5,9.2,38.0,76.0,45.0,45.0
A2HT24100819-10,D0G09002663001,1110200100121,GYXTW光缆(黑色),GYXTW-6G.652D,HT-06,护套,正常生产,2024-10-12 05:50:06.847,190-210-220-230-245-250-253,0.00,0.00,0.00,4.40,45.00,8.60,4.50,9.20,,0.10,,,中夜班,45.00,/,2.60,,,76.00,38.00,,/,0.50,0.00,4.50,0.00,0.00,,96.00,2.6,8.6,4.5,9.2,38.0,76.0,45.0,45.0
A2HT24100820-10,D9G09000881001,1110100200587,GYTS光缆(黑色),GYTS-6G.651-62.5/125,HT-11,护套,正常生产,2024-10-15 10:48:55.057,182-202-221-232-236-241-243-249,0.00,0.00,0.00,5.50,80.00,9.30,6.60,13.50,0.00,0.10,0.00,0.00,早中班,80.00,/,4.60,0.00,0.00,129.00,40.00,0.00,0,0.50,0.00,0.00,0.00,0.00,/,10.50,4.6,9.3,6.6,13.5,40.0,129.0,80.0,80.0
A2HT24100821-10,D1Z24090017112,1110100100676,GYTA光缆(黑色),GYTA-144G.652D,HT-05,护套,正常生产,2024-10-10 12:43:53.387,180-205-225-235-241-245-246,0.00,,,13.80,50.00,16.40,14.50,21.00,,0.20,,,早中班,50.00,DG24A10HE0004,12.40,,,78.40,89.10,,0,0.50,,,0.00,14.40,,17.40,12.4,16.4,14.5,21.0,89.1,78.4,50.0,50.0
A2HT24100822-10,A2HT24100822100001,2100900300326,PE涂覆磷化钢丝加强件(黑色),PE-LHGS,HT-09,护套,正常生产,2024-10-08 22:12:09.500,182-206-227-244-246-245-245,0.00,0.00,0.00,3.00,30.00,7.30,2.70,7.30,0.00,0.20,0.00,0.00,中夜班,30.00,/,2.50,0.00,0.00,28.00,34.60,0.00,0,0.50,0.00,0.00,0.00,0.00,0,8.00,2.5,7.3,2.7,7.3,34.6,28.0,30.0,30.0
A2HT24100823-10,D0G09002381001,1110100760007,GYTZS光缆(黑色),GYTZS-96G.652D,HT-12,护套,正常生产,2024-10-12 20:07:56.997,130-140-145-150-155-160-160-166,0.00,0.00,0.00,8.30,20.00,12.30,9.00,13.00,0.00,0.10,0.00,0.00,早中班,20.00,/,7.30,0.00,0.00,101.00,36.00,0.00,0,0.50,0.00,0.00,0.00,0.00,0,13.20,7.3,12.3,9.0,13.0,36.0,101.0,20.0,20.0
A2HT24100824-10,A2HT24100824100001,2100900300323,PE涂覆磷化钢丝加强件(黑色),PE-LHGS,HT-01,护套,正常生产,2024-10-10 02:04:36.403,182-205-225-231-241-245-246,8.90,,,11.00,30.00,10.90,10.00,16.00,,0.20,0.00,0.00,早中班,45.00,/,5.30,,0.00,62.00,56.00,0.00,210-240-245-250-265-265-250,0.50,,0.00,0.00,0.00,,11.80,5.3,10.9,10.0,16.0,56.0,62.0,45.0,30.0
A2HT24100825-10,D0G09002382002,1110100760008,GYTZS光缆(黑色护套-橙色色条),GYTZS-96G.652D,HT-12,护套,正常生产,2024-10-12 15:18:55.343,130-140-145-150-155-160-160-166,0.00,0.00,0.00,8.30,20.00,12.30,9.00,13.00,0.00,0.10,0.00,0.00,早中班,20.00,/,7.30,0.00,0.00,101.00,36.00,0.00,0,0.50,0.00,0.00,0.00,0.00,0,13.20,7.3,12.3,9.0,13.0,36.0,101.0,20.0,20.0
A2HT24100826-10,A2HT24100826100001,2100900300323,PE涂覆磷化钢丝加强件(黑色),PE-LHGS,HT-09,护套,正常生产,2024-10-10 02:03:49.457,182-206-227-244-246-245-245,0.00,0.00,0.00,3.00,45.00,3.10,1.90,3.00,0.00,0.20,0.00,0.00,中夜班,45.00,/,2.50,0.00,0.00,28.00,34.60,0.00,0,0.50,0.00,0.00,0.00,0.00,0,4.10,2.5,3.1,1.9,3.0,34.6,28.0,45.0,45.0
A2HT2410088-10,D1G09002081153,1110100260010,GYTS光缆(黑色),GYTS-6G.652D,HT-02,护套,正常生产,2024-10-10 02:02:57.783,181-215-225-235-240-239-245,0.00,0.00,0.00,5.70,80.00,8.80,6.60,14.00,0.00,0.10,0.00,0.00,中夜班,80.00,DG24A09HB0011,4.70,0.00,0.00,62.00,73.00,0.00,0,0.50,0.00,0.00,,0.00,,10.20,4.7,8.8,6.6,14.0,73.0,62.0,80.0,80.0
A2HT2410089-10,D2G09002001077,1110100200783,GYTS光缆(黑色),GYTS-6G.652D,HT-02,护套,正常生产,2024-10-09 21:42:55.763,181-215-225-235-240-239-245,0.00,0.00,0.00,5.50,80.00,9.30,6.60,14.00,0.00,0.10,0.00,0.00,中夜班,80.00,/,4.60,0.00,0.00,62.00,73.00,0.00,0,0.50,0.00,0.00,,0.00,,10.20,4.6,9.3,6.6,14.0,73.0,62.0,80.0,80.0
A2HT2410091-10,D2G09002111051,1110100100680,GYTA光缆(黑色),GYTA-12G.652D,HT-11,护套,正常生产,2024-10-10 04:56:37.890,182-202-221-232-236-241-243-249,0.00,0.00,0.00,5.60,100.00,9.30,6.60,13.50,0.00,0.10,0.00,0.00,早中班,100.00,DG24A09HS0044,4.60,0.00,0.00,129.00,40.00,0.00,0,0.50,0.00,0.00,0.00,0.00,/,10.50,4.6,9.3,6.6,13.5,40.0,129.0,100.0,100.0
A2HT24100910-10,D2G10000031002,1110400160003,GYDXTW光缆(黑色),GYDXTW-144G.652D,HT-05,护套,正常生产,2024-10-12 02:44:52.483,180-205-225-235-241-245-246,0.00,,,11.80,40.00,13.90,14.50,21.00,,0.20,,,中夜班,40.00,DG24A11HE0027,7.80,,,71.30,63.30,,0,0.50,,,0.00,0.00,,17.70,7.8,13.9,14.5,21.0,63.3,71.3,40.0,40.0
A2HT24100911-10,D2G10000051050,1110100200784,GYTS光缆(黑色),GYTS-24G.652D,HT-11,护套,正常生产,2024-10-15 09:27:56.587,182-202-221-232-236-241-243-249,0.00,0.00,0.00,6.00,80.00,9.50,6.60,13.50,0.00,0.10,0.00,0.00,早中班,80.00,/,4.95,0.00,0.00,129.00,40.00,0.00,0,0.50,0.00,0.00,0.00,0.00,/,10.50,4.95,9.5,6.6,13.5,40.0,129.0,80.0,80.0
A2HT24100912-10,D2G10000054016,1110100200704,GYTS光缆(黑色),GYTS-48G.652D,HT-06,护套,正常生产,2024-10-14 21:56:06.953,190-210-220-230-245-250-253,0.00,0.00,0.00,7.80,65.00,11.30,8.50,14.50,,0.10,,,早中班,65.00,/,6.70,,,68.00,72.00,,/,0.50,0.00,4.50,0.00,0.00,,12.30,6.7,11.3,8.5,14.5,72.0,68.0,65.0,65.0
A2HT24100913-10,D0G09000911001,1110100100627,GYTA光缆(黑色),GYTA-8G.652D,HT-06,护套,正常生产,2024-10-12 21:30:19.467,190-210-220-230-245-250-253,0.00,0.00,0.00,5.60,40.00,8.60,6.00,12.50,,0.10,,,中夜班,40.00,/,4.55,,,76.00,38.00,,/,0.50,0.00,4.50,0.00,0.00,,0.00,4.55,8.6,6.0,12.5,38.0,76.0,40.0,40.0
A2HT24100914-10,D0G09000912001,1110100160021,GYTA光缆(黑色),GYTA-12G.652D,HT-06,护套,正常生产,2024-10-13 00:17:14.470,190-210-220-230-245-250-253,0.00,0.00,0.00,5.60,40.00,8.60,6.00,12.50,,0.10,,,中夜班,40.00,/,4.55,,,76.00,38.00,,/,0.50,0.00,4.50,0.00,0.00,,0.00,4.55,8.6,6.0,12.5,38.0,76.0,40.0,40.0
A2HT24100915-10,D0G09000913001,1110100160022,GYTA光缆(黑色),GYTA-48G.652D,HT-03,护套,正常生产,2024-10-12 21:42:53.730,182-206-227-244-246-245-246,0.00,0.00,0.00,5.60,80.00,9.30,6.60,13.00,0.00,0.10,0.00,0.00,中夜班,80.00,/,4.60,0.00,0.00,77.00,96.00,0.00,0,0.50,0.00,0.00,0.00,0.00,,10.00,4.6,9.3,6.6,13.0,96.0,77.0,80.0,80.0
A2HT24100916-10,D0G09000914002,1110701360001,GYTC8S光缆(黑色),GYTC8S-4G.652D,HT-06,护套,正常生产,2024-10-12 16:08:43.650,190-210-220-230-245-250-253,0.00,0.00,0.00,5.60,40.00,8.60,5.40,12.20,,0.10,,,中夜班,40.00,/,4.55,,,76.00,38.00,,/,0.50,0.00,4.50,0.00,0.00,,0.00,4.55,8.6,5.4,12.2,38.0,76.0,40.0,40.0
A2HT24100917-10,D0G09002581012,1110107160002,GYFZY光缆(黑色),GYFZY-12G.652D,HT-12,护套,正常生产,2024-10-14 14:17:02.180,130 135 140 145 150 155 160 165,0.00,1.00,1.00,10.20,35.00,11.00,8.00,11.20,1.00,0.20,0.00,0.00,早中班,35.00,/,6.80,1.00,0.00,95.00,55.00,0.00,130 135 140 145 150 155 160 165,0.50,1.00,0.00,0.00,35.50,1,13.50,6.8,11.0,8.0,11.2,55.0,95.0,35.0,35.0
A2HT24100918-10,D0G09002582001,1110107160008,GYFZY光缆(黑色),GYFZY-24G.652D,HT-12,护套,正常生产,2024-10-14 21:26:58.950,130 135 140 145 150 155 160 165,0.00,1.00,1.00,10.20,35.00,11.00,8.00,11.20,1.00,0.20,0.00,0.00,早中班,35.00,/,6.80,1.00,0.00,95.00,55.00,0.00,130 135 140 145 150 155 160 165,0.50,1.00,0.00,0.00,35.50,1,13.50,6.8,11.0,8.0,11.2,55.0,95.0,35.0,35.0
A2HT24100919-10,D0G09002583001,1110107160009,GYFZY光缆(黑色),GYFZY-48G.652D,HT-12,护套,正常生产,2024-10-14 20:26:40.313,130 135 140 145 150 155 160 165,0.00,1.00,1.00,10.20,30.00,11.00,8.00,11.20,1.00,0.20,0.00,0.00,早中班,30.00,/,6.80,1.00,0.00,95.00,55.00,0.00,130 135 140 145 150 155 160 165,0.50,1.00,0.00,0.00,35.50,1,13.50,6.8,11.0,8.0,11.2,55.0,95.0,30.0,30.0
A2HT2410092-10,D6G09000867054,1110600102302,ADSS-A光缆(黑色),ADSS-48G.652D,HT-D04,护套,正常生产,2024-10-13 05:59:57.987,160-180-190-210-220-230-240,10.20,0.00,0.00,0.00,40.00,0.00,8.50,13.80,0.00,0.15,9.30,9.10,早中班,40.00,,6.70,0.76,8.00,110.00,24.00,0.00,150-170-180-200-210-220-230-230,0.20,0.00,0.00,0.00,0.00,0,0.00,6.7,0.0,8.5,13.8,24.0,110.0,40.0,40.0
A2HT24100920-10,D2G09002421040,1110200500028,GYXTS光缆(黑色),GYXTS-48G.652D,HT-05,护套,正常生产,2024-10-15 12:11:24.640,180-205-225-235-241-245-246,0.00,,,6.90,60.00,10.50,7.50,14.00,,0.10,,,中夜班,60.00,DG24A14HE0031,5.70,,,71.80,56.10,,0,0.50,,,7.20,0.00,,11.50,5.7,10.5,7.5,14.0,56.1,71.8,60.0,60.0
A2HT24100923-10,D1G09002501002,1110100200503,GYTS光缆(黑色),GYTS-12G.652D,HT-02,护套,正常生产,2024-10-15 11:58:32.733,180-215-225-235-240-233-245,0.00,0.00,0.00,6.60,40.00,9.80,7.50,14.50,0.00,0.10,0.00,0.00,早中班,40.00,DG24A15HB0103,5.30,0.00,0.00,62.00,73.00,0.00,0,0.50,0.00,0.00,,0.00,,10.50,5.3,9.8,7.5,14.5,73.0,62.0,40.0,40.0
A2HT24100924-10,D1G09002502014,1110100260003,GYTS光缆(黑色),GYTS-12G.652D,HT-05,护套,正常生产,2024-10-15 19:42:44.943,180-205-225-235-241-245-246,10.30,0.00,0.00,11.60,100.00,14.90,12.50,19.00,,0.20,,,早中班,100.00,DG24A14HE0014,7.50,,,52.60,32.40,,0,0.50,0.00,4.50,0.00,0.00,,16.50,7.5,14.9,12.5,19.0,32.4,52.6,100.0,100.0
A2HT24100929-10,D0G911021002,1110600460002,ADSS-D光缆(黑色护套-棕色色条白色色条),ADSS-24G.652D,HT-12,护套,正常生产,2024-10-10 14:00:20.560,130-140-145-150-155-160-160-166,0.00,0.00,0.00,9.50,40.00,12.10,9.50,12.50,0.00,0.10,0.00,0.00,早中班,40.00,/,8.30,0.00,0.00,101.00,36.00,0.00,0,0.50,0.00,0.00,0.00,0.00,0,13.00,8.3,12.1,9.5,12.5,36.0,101.0,40.0,40.0
A2HT24101016-10,D1G09001957007,1110100200737,GYTS光缆(黑色),GYTS-144G.652D,HT-05,护套,正常生产,2024-10-12 00:30:13.467,180-205-225-235-241-245-246,0.00,,,13.70,50.00,16.70,14.50,21.00,,0.20,,,中夜班,50.00,DG24A11HE0025,12.40,,,71.30,63.30,,0,0.50,,,14.40,0.00,,17.70,12.4,16.7,14.5,21.0,63.3,71.3,50.0,50.0
A2HT24101020-10,D0G10000061001,1110109700008,GYTAH58光缆(黑色),GYTAH58-24G.652D,HT-12,护套,正常生产,2024-10-12 11:10:48.957,130-140-145-150-155-160-160-166,0.00,0.00,0.00,5.50,35.00,8.40,6.00,8.50,0.00,0.10,0.00,0.00,早中班,35.00,/,4.50,0.00,0.00,101.00,36.00,0.00,0,0.50,0.00,0.00,0.00,0.00,0,9.50,4.5,8.4,6.0,8.5,36.0,101.0,35.0,35.0
A2HT24101021-10,A2HT24101021100001,2120108600008,GYTAH58内护1(黑色),HT1-24G.652D,HT-12,护套,正常生产,2024-10-12 08:02:34.003,130-140-145-150-155-160-160-166,0.00,0.00,0.00,5.50,25.00,8.40,6.00,8.50,0.00,0.10,0.00,0.00,早中班,25.00,/,4.50,0.00,0.00,101.00,36.00,0.00,0,0.50,0.00,0.00,0.00,0.00,0,9.50,4.5,8.4,6.0,8.5,36.0,101.0,25.0,25.0
A2HT24101022-10,D0G10000011001,1110101200213,GYFTY光缆(黑色),GYFTY-96G.652D,HT-06,护套,正常生产,2024-10-14 23:11:58.410,190-210-220-230-245-250-253,0.00,0.00,0.00,9.00,35.00,11.70,9.00,15.50,,0.20,,,早中班,35.00,/,.10,,,68.00,72.00,,/,0.50,0.00,4.50,0.00,0.00,,12.30,0.1,11.7,9.0,15.5,72.0,68.0,35.0,35.0
A2HT24101023-10,A2HT24101023100001,2100900400254,PE涂覆GFRP加强件(黑色),PE-GFRP,HT-09,护套,正常生产,2024-10-11 21:05:01.770,182-206-227-244-246-245-245,0.00,0.00,0.00,3.00,45.00,3.70,3.20,3.80,0.00,0.20,0.00,0.00,中夜班,45.00,/,3.00,0.00,0.00,28.00,12.00,0.00,0,0.50,0.00,0.00,0.00,0.00,0,4.10,3.0,3.7,3.2,3.8,12.0,28.0,45.0,45.0
A2HT24101024-10,D0G10000012002,1110101200185,GYFTY光缆(黑色),GYFTY-48G.652D,HT-06,护套,正常生产,2024-10-15 00:47:52.927,190-210-220-230-245-250-253,0.00,0.00,0.00,9.00,50.00,10.10,7.50,14.00,,0.20,,,早中班,50.00,/,6.10,,,68.00,72.00,,/,0.50,0.00,4.50,0.00,0.00,,12.30,6.1,10.1,7.5,14.0,72.0,68.0,50.0,50.0
A2HT24101025-10,D2G100011002,1110100100680,GYTA光缆(黑色),GYTA-12G.652D,HT-02,护套,正常生产,2024-10-15 10:51:34.320,180-215-225-235-240-233-245,0.00,0.00,0.00,5.60,100.00,9.30,6.60,14.00,0.00,0.10,0.00,0.00,早中班,100.00,DG24A15HB0001,4.60,0.00,0.00,62.00,73.00,0.00,0,0.50,0.00,0.00,,0.00,,10.40,4.6,9.3,6.6,14.0,73.0,62.0,100.0,100.0
A2HT24101026-10,D6G09002531007,1111201800005,GYMXTZW53光缆(黑色),GYMXTZW53-24G.652D,HT-12,护套,正常生产,2024-10-27 03:09:44.363,130 135 140 145 150 155 160 165,0.00,0.00,0.00,8.90,30.00,13.10,9.50,13.50,0.00,0.20,0.00,0.00,中夜班,30.00,/,7.20,0.00,0.00,102.00,56.00,0.00,130 135 140 145 150 155 160 165,0.50,0.00,0.00,0.00,0.00,0,13.60,7.2,13.1,9.5,13.5,56.0,102.0,30.0,30.0
A2HT24101027-10,A2HT24101027100002,2121201800012,GYMXTZW53内护1(黑色),HT1-24G.652D,HT-12,护套,正常生产,2024-10-26 15:26:44.910,130 135 140 145 150 155 160 165,0.00,0.00,0.00,5.00,35.00,7.20,3.80,7.50,0.00,0.20,0.00,0.00,早中班,35.00,/,3.60,0.00,0.00,101.00,40.00,0.00,130 135 140 145 150 155 160 165,0.50,0.00,0.00,0.00,0.00,0,8.00,3.6,7.2,3.8,7.5,40.0,101.0,35.0,35.0
A2HT24101028-10,D6G09002551001,1111201800010,GYMXTZW53光缆(黑色),GYMXTZW53-12G.652D,HT-12,护套,正常生产,2024-10-28 14:50:54.880,130 135 140 145 150 155 160 165,0.00,0.00,0.00,8.90,30.00,13.10,9.50,13.50,0.00,0.20,0.00,0.00,中夜班,30.00,/,7.20,0.00,0.00,102.00,56.00,0.00,130 135 140 145 150 155 160 165,0.50,0.00,0.00,0.00,0.00,0,13.60,7.2,13.1,9.5,13.5,56.0,102.0,30.0,30.0
A2HT24101029-10,A2HT24101029100002,2121201800016,GYMXTZW53内护1(黑色),HT1-12G.652D,HT-12,护套,正常生产,2024-10-27 12:15:54.477,130 135 140 145 150 155 160 165,0.00,0.00,0.00,5.00,35.00,7.20,3.80,7.50,0.00,0.20,0.00,0.00,早中班,35.00,/,3.60,0.00,0.00,102.00,56.00,0.00,130 135 140 145 150 155 160 165,0.50,0.00,0.00,0.00,0.00,0,8.00,3.6,7.2,3.8,7.5,56.0,102.0,35.0,35.0
A2HT24101030-10,D6G10000081006,1111201800012,GYMXTZW53光缆(黑色),GYMXTZW53-48G.652D,HT-12,护套,正常生产,2024-10-29 02:14:51.647,130 135 140 145 150 155 160 165,0.00,0.00,0.00,8.90,35.00,13.20,9.50,13.50,0.00,0.20,0.00,0.00,中夜班,35.00,/,3.60,0.00,0.00,103.00,60.00,0.00,130 135 140 145 150 155 160 165,0.50,0.00,0.00,0.00,0.00,0,14.20,3.6,13.2,9.5,13.5,60.0,103.0,35.0,35.0
A2HT24101031-10,A2HT24101031100001,2121201800017,GYMXTZW53内护1(黑色),HT1-48G.652D,HT-12,护套,正常生产,2024-10-28 12:32:42.340,130 135 140 145 150 155 160 165,0.00,0.00,0.00,5.00,35.00,7.20,3.80,7.50,0.00,0.20,0.00,0.00,早中班,35.00,/,3.60,0.00,0.00,102.00,56.00,0.00,130 135 140 145 150 155 160 165,0.50,0.00,0.00,0.00,0.00,0,8.00,3.6,7.2,3.8,7.5,56.0,102.0,35.0,35.0
A2HT24101110-10,D0G10000271001,1110100400238,GYTA53光缆(黑色),GYTA53-8G.652D,HT-03,护套,正常生产,2024-10-15 01:33:35.557,182-206-227-244-246-245-246,8.60,0.00,0.00,7.80,55.00,0.00,7.50,12.00,0.00,0.10,0.00,0.00,中夜班,55.00,/,6.60,0.00,0.00,77.00,96.00,0.00,0,0.50,0.00,0.00,0.00,0.00,,10.00,6.6,0.0,7.5,12.0,96.0,77.0,55.0,55.0
A2HT24101111-10,A2HT24101111100001,2120100400199,GYTA53内护1(黑色),HT1-8G.652D,HT-03,护套,正常生产,2024-10-14 23:56:57.623,182-206-227-244-246-245-246,8.60,0.00,0.00,7.80,45.00,0.00,7.50,12.00,0.00,0.10,0.00,0.00,中夜班,45.00,/,6.60,0.00,0.00,77.00,96.00,0.00,0,0.50,0.00,0.00,0.00,0.00,,10.00,6.6,0.0,7.5,12.0,96.0,77.0,45.0,45.0
A2HT24101113-10,D0G10000211002,1110100200766,GYTS光缆(黑色),GYTS-72G.652D,HT-05,护套,正常生产,2024-10-15 13:26:02.500,180-205-225-235-241-245-246,0.00,,,6.90,60.00,10.50,7.50,14.00,,0.10,,,中夜班,60.00,/,5.70,,,71.80,56.10,,0,0.50,,,7.20,0.00,,11.50,5.7,10.5,7.5,14.0,56.1,71.8,60.0,60.0
A2HT24101114-10,D2G10000261031,1110100200783,GYTS光缆(黑色),GYTS-6G.652D,HT-02,护套,正常生产,2024-10-16 17:19:20.733,180-215-225-235-240-233-245,0.00,0.00,0.00,5.50,100.00,9.30,6.60,14.00,0.00,0.10,0.00,0.00,早中班,100.00,/,4.60,0.00,0.00,62.00,73.00,0.00,0,0.50,0.00,0.00,0.00,0.00,/,10.20,4.6,9.3,6.6,14.0,73.0,62.0,100.0,100.0
A2HT24101115-10,D2G10000262001,1110100200782,GYTS光缆(黑色),GYTS-12G.652D,HT-06,护套,正常生产,2024-10-16 10:53:33.150,190-210-220-230-245-250-253,0.00,0.00,0.00,5.60,100.00,9.30,6.60,14.00,0.00,0.10,0.00,0.00,早中班,100.00,/,4.60,0.00,0.00,73.00,72.00,0.00,/,0.50,0.00,4.50,0.00,0.00,,9.50,4.6,9.3,6.6,14.0,72.0,73.0,100.0,100.0
A2HT24101116-10,D2G10000263014,1110100200773,GYTS光缆(黑色),GYTS-36G.652D,HT-11,护套,正常生产,2024-10-17 03:49:23.153,182-202-221-232-236-241-243-249,0.00,0.00,0.00,6.20,100.00,9.90,6.60,13.50,0.00,0.10,0.00,0.00,早中班,100.00,/,5.30,0.00,0.00,129.00,40.00,0.00,0,0.50,0.00,0.00,0.00,0.00,/,11.00,5.3,9.9,6.6,13.5,40.0,129.0,100.0,100.0
A2HT24101117-10,D2G10000265005,1110100200784,GYTS光缆(黑色),GYTS-24G.652D,HT-03,护套,正常生产,2024-10-15 14:47:57.603,182-206-227-244-246-245-246,8.60,0.00,0.00,7.80,80.00,0.00,7.50,12.00,0.00,0.10,0.00,0.00,中夜班,80.00,/,6.60,0.00,0.00,77.00,96.00,0.00,0,0.50,0.00,0.00,0.00,0.00,,10.00,6.6,0.0,7.5,12.0,96.0,77.0,80.0,80.0
A2HT24101118-10,D6G09002441001,1110600160041,ADSS-A光缆(黑色护套-蓝色色条),ADSS-12G.652D,HT-06,护套,正常生产,2024-10-17 18:48:44.177,180-210-220-230-245-250-251,0.00,0.00,0.00,11.00,30.00,11.60,9.50,15.50,,0.10,,,早中班,30.00,/,7.40,,,70.00,68.00,,/,0.50,0.00,0.00,0.00,0.00,,12.60,7.4,11.6,9.5,15.5,68.0,70.0,30.0,30.0
A2HT24101119-10,D6G09002442001,1110600160042,ADSS-A光缆(黑色护套-蓝色色条),ADSS-48G.652D,HT-06,护套,正常生产,2024-10-17 06:45:25.873,180-210-220-230-245-250-251,0.00,0.00,0.00,11.00,30.00,11.60,9.50,15.50,,0.10,,,早中班,30.00,/,7.40,,,70.00,68.00,,/,0.50,0.00,0.00,0.00,0.00,,12.60,7.4,11.6,9.5,15.5,68.0,70.0,30.0,30.0
A2HT2410112-10,D2G09002001170,1110100200783,GYTS光缆(黑色),GYTS-6G.652D,HT-03,护套,正常生产,2024-10-12 06:37:36.053,182-206-227-244-246-245-246,0.00,0.00,0.00,5.60,80.00,9.30,6.60,13.00,0.00,0.10,0.00,0.00,中夜班,80.00,/,4.60,0.00,0.00,77.00,96.00,0.00,0,0.50,0.00,0.00,0.00,0.00,,10.00,4.6,9.3,6.6,13.0,96.0,77.0,80.0,80.0
A2HT24101120-10,D6G09002443001,1110200160007,GYXTW光缆(黑色),GYXTW-12G.652D,HT-05,护套,正常生产,2024-10-17 02:47:52.090,180-205-225-235-241-245-246,0.00,,,4.40,45.00,8.70,4.60,9.40,,0.00,,,中夜班,45.00,/,2.60,,,71.70,72.60,,0,0.00,,,4.50,0.00,,9.70,2.6,8.7,4.6,9.4,72.6,71.7,45.0,45.0
A2HT24101121-10,D6G09002444003,1110600160043,ADSS-A光缆(黑色),ADSS-12G.652D,HT-07,护套,正常生产,2024-10-19 09:08:32.100,180-190-200-205-205-215-210-210,0.00,0.00,0.00,6.00,25.00,6.80,5.50,6.50,0.00,0.00,0.00,0.00,早中班,25.00,/,4.40,0.00,0.00,0.00,64.00,0.00,0,0.00,0.00,0.00,0.00,0.00,,0.00,4.4,6.8,5.5,6.5,64.0,0.0,25.0,25.0
A2HT24101122-10,D0G10000021002,1110600160044,ADSS-A光缆(黑色),ADSS-96G.652D,HT-03,护套,正常生产,2024-10-21 10:46:39.317,182-206-227-244-246-245-246,0.00,0.00,0.00,13.70,30.00,17.10,14.50,22.00,0.00,0.10,0.00,0.00,早中班,30.00,/,12.30,0.00,0.00,77.00,96.00,0.00,0,0.50,0.00,0.00,0.00,0.00,,9.50,12.3,17.1,14.5,22.0,96.0,77.0,30.0,30.0
A2HT24101123-10,A2HT24101123100002,2120600660004,ADSS内护1(黑色),HT1-96G.652D,HT-06,护套,正常生产,2024-10-16 14:31:09.833,180-210-220-230-245-250-251,0.00,0.00,0.00,11.00,35.00,9.60,9.50,13.50,,0.20,,,早中班,35.00,/,7.90,,,70.00,68.00,,/,0.50,0.00,0.00,0.00,0.00,,10.50,7.9,9.6,9.5,13.5,68.0,70.0,35.0,35.0
A2HT24101124-10,A2HT24101124100001,2100900400255,PE涂覆GFRP加强件(黑色),PE-GFRP,HT-09,护套,正常生产,2024-10-12 00:24:11.930,182-206-227-244-246-245-245,0.00,0.00,0.00,3.00,35.00,3.40,2.50,3.50,0.00,0.20,0.00,0.00,中夜班,35.00,/,2.20,0.00,0.00,28.00,12.00,0.00,0,0.50,0.00,0.00,0.00,0.00,0,4.10,2.2,3.4,2.5,3.5,12.0,28.0,35.0,35.0
A2HT24101125-10,D0G09000721003,1110200360006,GYXTY光缆(黑色),GYXTY-0,HT-01,护套,正常生产,2024-10-18 14:32:16.440,182-205-225-231-241-245-246,0.00,,,13.00,30.00,13.70,12.50,18.50,,0.20,0.00,0.00,早中班,30.00,/,11.10,,0.00,62.00,56.00,0.00,0,0.50,,0.00,0.00,0.00,,15.00,11.1,13.7,12.5,18.5,56.0,62.0,30.0,30.0
A2HT2410121-10,D0G10000091001,1110101600052,GYFTA53光缆(黑色),GYFTA53-48G.652D,HT-05,护套,正常生产,2024-10-16 03:38:30.573,180-205-225-235-241-245-246,10.00,,,11.30,55.00,14.40,11.50,18.00,,0.20,,,中夜班,55.00,/,7.50,,,78.80,83.80,,0,0.50,,,12.00,0.00,,15.50,7.5,14.4,11.5,18.0,83.8,78.8,55.0,55.0
A2HT24101212-10,D9G10000251002,1110300100052,GYDTA光缆(黑色),GYDTA-288G.652D,HT-01,护套,正常生产,2024-10-18 21:01:47.797,182-205-225-231-241-245-246,0.00,,,14.10,40.00,17.30,15.50,22.50,,0.20,0.00,0.00,早中班,40.00,/,12.90,,0.00,62.00,56.00,0.00,0,0.50,,0.00,0.00,0.00,,15.00,12.9,17.3,15.5,22.5,56.0,62.0,40.0,40.0
A2HT24101215-10,D0G10000162004,1110700560004,GYFTC8Y光缆(黑色),GYFTC8Y-24G.652D,HT-06,护套,正常生产,2024-10-21 11:51:01.460,180-210-220-230-245-250-251,0.00,0.00,0.00,9.00,40.00,10.00,7.60,13.50,,0.10,,,早中班,40.00,/,6.60,,,70.00,68.00,,/,0.50,0.00,0.00,0.00,0.00,纤长短按工艺要求负偏差生产,0.00,6.6,10.0,7.6,13.5,68.0,70.0,40.0,40.0
A2HT24101216-10,D2G10000402003,1110100400262,GYTA53光缆(黑色),GYTA53-24G.652D,HT-02,护套,正常生产,2024-10-25 11:58:13.967,180-215-225-235-240-233-245,8.20,0.00,0.00,9.40,55.00,13.00,10.50,17.00,0.00,0.10,0.00,0.00,中夜班,55.00,DG24A23HB0003,5.70,0.00,0.00,62.00,73.00,0.00,0,0.50,0.00,0.00,,0.00,,14.00,5.7,13.0,10.5,17.0,73.0,62.0,55.0,55.0
A2HT24101217-10,A2HT24101217100011,2120100400253,GYTA53内护(黑色),HT1-24G.652D,HT-11,护套,正常生产,2024-10-24 20:47:12.383,181-202-221-232-236-241-244-247,0.00,0.00,0.00,6.70,45.00,8.20,7.50,12.20,0.00,0.10,0.00,0.00,中夜班,45.00,/,5.60,0.00,0.00,102.00,22.00,0.00,0,0.50,0.00,0.00,0.00,7.00,/,8.80,5.6,8.2,7.5,12.2,22.0,102.0,45.0,45.0
A2HT24101218-10,D2G10000266018D,1110200100125,GYXTW光缆(黑色),GYXTW-48G.652D,HT-05,护套,正常生产,2024-10-18 22:46:59.450,180-205-225-235-241-245-246,0.00,,,6.30,30.00,6.30,6.50,11.50,,0.00,,,中夜班,30.00,/,4.50,,,71.70,72.60,,0,0.00,,,0.00,0.00,,11.80,4.5,6.3,6.5,11.5,72.6,71.7,30.0,30.0
A2HT24101219-10,D6G09000865044,1110600102301,ADSS-A光缆(黑色),ADSS-24G.652D,HT-01,护套,正常生产,2024-10-16 20:05:45.210,182-205-225-231-241-245-246,0.00,,,8.00,30.00,10.10,8.50,10.50,,0.10,0.00,0.00,早中班,30.00,/,6.40,,0.00,62.00,56.00,0.00,0,0.50,,0.00,0.00,0.00,,12.00,6.4,10.1,8.5,10.5,56.0,62.0,30.0,30.0
A2HT2410122-10,A2HT2410122100001,2120101600050,GYFTA53内护1(黑色),HT1-48G.652D,HT-05,护套,正常生产,2024-10-16 01:01:00.977,180-205-225-235-241-245-246,10.00,,,8.50,45.00,14.40,9.50,14.50,,0.10,,,中夜班,45.00,/,7.50,,,49.20,23.00,,0,0.50,,,0.00,9.00,,11.00,7.5,14.4,9.5,14.5,23.0,49.2,45.0,45.0
A2HT24101222-10,D9G10000081001,1110101760017,GYFTZY光缆(黑色),GYFTZY-24G.652D,HT-12,护套,正常生产,2024-10-21 22:03:37.807,130 135 140 145 150 155 160 165,0.00,0.00,0.00,9.50,35.00,11.90,9.00,12.50,0.00,0.20,0.00,0.00,中夜班,35.00,/,6.60,0.00,0.00,95.00,25.00,0.00,130 135 140 145 150 155 160 165,0.50,0.00,0.00,0.00,0.00,0,13.00,6.6,11.9,9.0,12.5,25.0,95.0,35.0,35.0
A2HT24101223-10,D9G10000111002,1110202900009,GYFXTZY33光缆(黑色),GYFXTZY33-8G.652D,HT-12,护套,正常生产,2024-10-20 15:39:17.027,130 135 140 145 150 155 160 165,6.60,1.00,1.00,10.20,35.00,10.40,8.00,10.50,1.00,0.20,0.00,0.00,中夜班,35.00,/,2.60,1.00,0.00,95.00,8.00,0.00,130 135 140 145 150 155 160 165,0.50,1.00,0.00,0.00,35.50,1,6.20,2.6,10.4,8.0,10.5,8.0,95.0,35.0,35.0
A2HT24101224-10,A2HT24101224100001,2120202700010,GYFXTZY33内护1(黑色),HT1-8G.652D,HT-06,护套,正常生产,2024-10-16 20:02:27.653,180-210-220-230-245-250-251,0.00,0.00,0.00,11.00,25.00,5.20,4.50,9.00,,,,,早中班,25.00,/,2.60,,,70.00,68.00,,/,,0.00,0.00,0.00,0.00,,6.20,2.6,5.2,4.5,9.0,68.0,70.0,25.0,25.0
A2HT24101225-10,D2G10000281002,1110200500026,GYXTS光缆(黑色),GYXTS-6G.652D,HT-03,护套,正常生产,2024-10-19 10:25:38.013,182-206-227-244-246-245-246,0.00,0.00,0.00,4.90,60.00,8.60,6.00,12.00,0.00,0.10,0.00,0.00,早中班,60.00,DG24A19HC0002,3.80,0.00,0.00,77.00,96.00,0.00,0,0.50,0.00,0.00,0.00,0.00,,9.50,3.8,8.6,6.0,12.0,96.0,77.0,60.0,60.0
A2HT24101226-10,D2G10000282001,1110200500030,GYXTS光缆(黑色),GYXTS-24G.652D,HT-01,护套,正常生产,2024-10-16 23:30:14.513,182-205-225-231-241-245-246,0.00,,,6.20,60.00,9.00,6.60,14.00,,0.10,0.00,0.00,早中班,60.00,DG24A16HA0002,4.20,,0.00,62.00,56.00,0.00,0,0.50,,0.00,0.00,0.00,,12.00,4.2,9.0,6.6,14.0,56.0,62.0,60.0,60.0
A2HT24101227-10,D2G10000283001,1110200500034,GYXTS光缆(黑色),GYXTS-36G.652D,HT-01,护套,正常生产,2024-10-16 21:39:47.963,182-205-225-231-241-245-246,0.00,,,6.20,60.00,10.00,7.50,14.50,,0.10,0.00,0.00,早中班,60.00,,5.20,,0.00,62.00,56.00,0.00,0,0.50,,0.00,0.00,0.00,,12.00,5.2,10.0,7.5,14.5,56.0,62.0,60.0,60.0
A2HT24101228-10,D2G10000672001,1110400160002,GYDXTW光缆(黑色),GYDXTW-96G.652D,HT-05,护套,正常生产,2024-10-16 22:00:14.307,180-205-225-235-241-245-246,0.00,,,8.40,50.00,13.00,8.50,13.70,,0.10,,,中夜班,50.00,DG24A16HE0008,6.50,,,71.70,72.60,,0,0.50,,,9.00,0.00,,14.00,6.5,13.0,8.5,13.7,72.6,71.7,50.0,50.0
A2HT24101229-10,D2G10000673001,1110400160003,GYDXTW光缆(黑色),GYDXTW-144G.652D,HT-05,护套,正常生产,2024-10-16 13:05:58.637,180-205-225-235-241-245-246,0.00,,,12.80,40.00,16.90,13.20,17.60,,0.10,,,中夜班,40.00,DG24A16HE0005,10.80,,,78.80,83.80,,0,0.50,,,13.50,0.00,,18.00,10.8,16.9,13.2,17.6,83.8,78.8,40.0,40.0
A2HT2410123-10,D2G10000401042,1110100400090,GYTA53光缆(黑色),GYTA53-24G.652D,HT-11,护套,正常生产,2024-10-20 10:51:48.383,182-202-221-232-236-241-243-249,8.40,0.00,0.00,9.70,55.00,13.00,10.50,17.00,0.00,0.20,0.00,0.00,早中班,55.00,DG24A19HS0015,5.60,0.00,0.00,129.00,40.00,0.00,0,0.50,0.00,0.00,0.00,0.00,/,14.00,5.6,13.0,10.5,17.0,40.0,129.0,55.0,55.0
A2HT24101230-10,D2G10000674001,1110400160005,GYDXTW光缆(黑色),GYDXTW-288G.652D,HT-05,护套,正常生产,2024-10-16 07:05:35.987,180-205-225-235-241-245-246,0.00,,,12.80,35.00,16.90,13.20,17.60,,0.10,,,中夜班,35.00,DG24A16HE0001,10.80,,,78.80,83.80,,0,0.50,,,13.50,0.00,,18.00,10.8,16.9,13.2,17.6,83.8,78.8,35.0,35.0
A2HT24101231-10,D2G10000675001,1110400160001,GYDXTW光缆(黑色),GYDXTW-72G.652D,HT-05,护套,正常生产,2024-10-16 23:43:13.027,180-205-225-235-241-245-246,0.00,,,7.80,50.00,12.50,8.00,13.20,,0.10,,,中夜班,50.00,DG24A16HE0009,6.00,,,71.70,72.60,,0,0.50,,,8.00,0.00,,13.50,6.0,12.5,8.0,13.2,72.6,71.7,50.0,50.0
A2HT24101236-10,D2G10000671003,1110100200704,GYTS光缆(黑色),GYTS-48G.652D,HT-02,护套,正常生产,2024-10-17 11:51:55.400,180-215-225-235-240-233-245,0.00,0.00,0.00,7.70,65.00,11.30,8.50,15.50,0.00,0.10,0.00,0.00,早中班,65.00,DG24A17HB0006,6.70,0.00,0.00,62.00,73.00,0.00,0,0.50,0.00,0.00,,0.00,,12.50,6.7,11.3,8.5,15.5,73.0,62.0,65.0,65.0
A2HT24101237-10,D2G10000681001,1110100200723,GYTS光缆(黑色),GYTS-288G.652D,HT-01,护套,正常生产,2024-10-18 16:47:30.467,182-205-225-231-241-245-246,0.00,,,13.00,30.00,13.70,12.50,18.50,,0.20,0.00,0.00,早中班,30.00,/,11.10,,0.00,62.00,56.00,0.00,0,0.50,,0.00,0.00,0.00,,15.00,11.1,13.7,12.5,18.5,56.0,62.0,30.0,30.0
A2HT24101238-10,A2HT24101238100001,2100900300213,PE涂覆磷化钢丝加强件(黑色),PE-LHGS,HT-09,护套,正常生产,2024-10-15 21:58:07.613,182-206-227-244-246-245-245,0.00,0.00,0.00,3.00,45.00,4.80,2.70,4.80,0.00,0.20,0.00,0.00,中夜班,45.00,/,2.50,0.00,0.00,28.00,12.00,0.00,0,0.50,0.00,0.00,0.00,0.00,0,5.50,2.5,4.8,2.7,4.8,12.0,28.0,45.0,45.0
A2HT24101239-10,D9G10000071005,1110101760025,GYFTZY光缆(黑色),GYFTZY-48G.652D,HT-04,护套,正常生产,2024-10-19 02:44:07.963,130-145-155-160-165-165-171,0.00,,,11.00,30.00,12.60,10.00,13.00,,0.20,,,早中班,30.00,/,8.10,,,71.00,36.00,0.00,0,0.50,,,0.00,0.00,,13.80,8.1,12.6,10.0,13.0,36.0,71.0,30.0,30.0
A2HT2410124-10,A2HT2410124100015,2120100400112,GYTA53内护1(黑色),HT1-24G.652D,HT-03,护套,正常生产,2024-10-18 23:18:51.203,182-206-227-244-246-245-246,8.40,0.00,0.00,8.80,45.00,0.00,7.50,12.50,0.00,0.10,0.00,0.00,中夜班,45.00,/,5.60,0.00,0.00,77.00,96.00,0.00,0,0.50,0.00,0.00,0.00,0.00,,10.00,5.6,0.0,7.5,12.5,96.0,77.0,45.0,45.0
A2HT24101240-10,D0G10000041001,1110101760025,GYFTZY光缆(黑色),GYFTZY-48G.652D,HT-04,护套,正常生产,2024-10-19 03:24:21.980,130-145-155-160-165-165-171,0.00,,,11.00,30.00,12.60,10.00,13.00,,0.20,,,早中班,30.00,/,8.10,,,71.00,36.00,0.00,0,0.50,,,0.00,0.00,,13.80,8.1,12.6,10.0,13.0,36.0,71.0,30.0,30.0
A2HT24101241-10,D0G10000161004,1110600160045,ADSS-A光缆(黑色),ADSS-96G.652D,HT-06,护套,正常生产,2024-10-19 06:37:01.940,180-210-220-230-245-250-251,0.00,0.00,0.00,11.00,30.00,12.40,10.50,17.00,,0.20,,,早中班,30.00,0000038,9.10,,,70.00,68.00,,/,0.50,0.00,0.00,0.00,0.00,纤长短按工艺要求负偏差生产,0.00,9.1,12.4,10.5,17.0,68.0,70.0,30.0,30.0
A2HT24101242-10,A2HT24101242100001,2100900400200,PE涂覆GFRP加强件(黑色),PE-GFRP,HT-09,护套,正常生产,2024-10-16 16:48:16.630,182-206-227-244-246-245-245,0.00,0.00,0.00,3.00,35.00,4.00,3.20,4.00,0.00,0.20,0.00,0.00,中夜班,35.00,/,3.00,0.00,0.00,28.00,12.00,0.00,0,0.50,0.00,0.00,0.00,0.00,0,5.00,3.0,4.0,3.2,4.0,12.0,28.0,35.0,35.0
A2HT24101243-10,D0G10000162027,1110700560004,GYFTC8Y光缆(黑色),GYFTC8Y-24G.652D,HT-06,护套,正常生产,2024-10-22 04:18:42.770,180-210-220-230-245-250-251,0.00,0.00,0.00,9.00,40.00,10.00,7.60,13.50,,0.10,,,早中班,40.00,0000027,7.00,,,73.00,45.00,,/,0.50,0.00,0.00,0.00,0.00,纤长短按工艺要求负偏差生产,0.00,7.0,10.0,7.6,13.5,45.0,73.0,40.0,40.0
A2HT24101244-10,D6G09002492001,1110101200233,GYFTY光缆(黑色),GYFTY-36G.652D,HT-01,护套,正常生产,2024-10-20 01:05:16.297,182-205-225-231-241-245-246,0.00,,,7.00,30.00,9.80,7.50,14.00,,0.20,0.00,0.00,早中班,30.00,/,5.50,,0.00,62.00,56.00,0.00,0,0.50,,0.00,0.00,0.00,,11.00,5.5,9.8,7.5,14.0,56.0,62.0,30.0,30.0
A2HT24101245-10,D6G09002492005,1110101200233,GYFTY光缆(黑色),GYFTY-36G.652D,HT-01,护套,正常生产,2024-10-21 23:39:54.467,182-205-225-231-241-245-246,0.00,,,7.00,30.00,9.80,7.50,14.00,,0.20,0.00,0.00,早中班,30.00,/,5.50,,0.00,62.00,56.00,0.00,0,0.50,,0.00,0.00,0.00,,11.00,5.5,9.8,7.5,14.0,56.0,62.0,30.0,30.0
A2HT2410125-10,D2G10000044001,1110300100051,GYDTA光缆(黑色),GYDTA-144G.652D,HT-01,护套,正常生产,2024-10-17 03:05:34.923,182-205-225-231-241-245-246,0.00,,,13.10,45.00,16.70,14.50,21.00,,0.10,0.00,0.00,早中班,45.00,DG24A16HA0003,11.90,,0.00,62.00,56.00,0.00,0,0.50,,0.00,0.00,0.00,,9.00,11.9,16.7,14.5,21.0,56.0,62.0,45.0,45.0
A2HT24101410-10,D2G10000266027,1110200100125,GYXTW光缆(黑色),GYXTW-48G.652D,HT-05,护套,正常生产,2024-10-19 20:33:53.620,180-205-225-235-241-245-246,0.00,,,6.30,30.00,6.30,6.50,11.50,,0.00,,,中夜班,30.00,/,4.50,,,71.70,72.60,,0,0.00,,,0.00,0.00,,11.80,4.5,6.3,6.5,11.5,72.6,71.7,30.0,30.0
A2HT24101411-10,D2G10000761013,1110100200724,GYTS光缆(黑色),GYTS-60G.652D,HT-02,护套,正常生产,2024-10-19 11:06:47.217,180-215-225-235-240-233-245,0.00,0.00,0.00,7.70,65.00,11.30,8.50,15.00,0.00,0.10,0.00,0.00,早中班,65.00,/,6.70,0.00,0.00,62.00,73.00,0.00,0,0.50,0.00,0.00,,0.00,,12.40,6.7,11.3,8.5,15.0,73.0,62.0,65.0,65.0
A2HT24101412-10,D9G10000361001,1110200100006,GYXTW光缆(黑色),GYXTW-2G.652D,HT-05,护套,正常生产,2024-10-17 07:20:31.113,180-205-225-235-241-245-246,0.00,,,4.40,45.00,8.70,4.60,9.40,,0.00,,,中夜班,45.00,/,2.60,,,71.70,72.60,,0,0.00,,,4.50,0.00,,9.70,2.6,8.7,4.6,9.4,72.6,71.7,45.0,45.0
A2HT24101413-10,D2G10000762015,1110100200770,GYTS光缆(黑色),GYTS-144G.652D,HT-03,护套,正常生产,2024-10-20 06:05:13.993,182-206-227-244-246-245-246,0.00,0.00,0.00,13.70,45.00,17.10,14.50,22.00,0.00,0.10,0.00,0.00,中夜班,45.00,/,12.30,0.00,0.00,77.00,96.00,0.00,0,0.50,0.00,0.00,0.00,0.00,,9.50,12.3,17.1,14.5,22.0,96.0,77.0,45.0,45.0
A2HT24101414-10,A2HT24101414100004,2100900300230,PE涂覆磷化钢丝加强件(黑色),PE-LHGS,HT-13,护套,正常生产,2024-10-16 18:00:27.023,180,0.00,,,6.80,30.00,10.50,2.70,7.50,,0.20,,,早中班,30.00,/,2.50,,,99.00,70.00,,185  212  215  221  231  236  240  241,0.50,,,,,,11.50,2.5,10.5,2.7,7.5,70.0,99.0,30.0,30.0
A2HT24101415-10,D0G10000031002,1110400160011,GYDXTW光缆(黑色),GYDXTW-144G.652D,HT-05,护套,正常生产,2024-10-16 18:09:44.260,180-205-225-235-241-245-246,0.00,,,12.80,40.00,16.90,13.20,17.60,,0.10,,,中夜班,40.00,/,10.80,,,78.80,83.80,,0,0.50,,,13.50,0.00,,18.00,10.8,16.9,13.2,17.6,83.8,78.8,40.0,40.0
A2HT24101416-10,D2G10000791001,1110100100481,GYTA光缆(黑色),GYTA-288G.652D,HT-01,护套,正常生产,2024-10-18 19:36:07.917,182-205-225-231-241-245-246,0.00,,,13.00,30.00,13.70,12.50,18.50,,0.20,0.00,0.00,早中班,30.00,DG24A18HA0002,11.10,,0.00,62.00,56.00,0.00,0,0.50,,0.00,0.00,0.00,,15.00,11.1,13.7,12.5,18.5,56.0,62.0,30.0,30.0
A2HT24101417-10,A2HT24101417100001,2100900300213,PE涂覆磷化钢丝加强件(黑色),PE-LHGS,HT-09,护套,正常生产,2024-10-15 23:00:24.720,182-206-227-244-246-245-245,0.00,0.00,0.00,3.00,45.00,4.80,2.70,4.80,0.00,0.20,0.00,0.00,中夜班,45.00,/,2.50,0.00,0.00,28.00,12.00,0.00,0,0.50,0.00,0.00,0.00,0.00,0,5.50,2.5,4.8,2.7,4.8,12.0,28.0,45.0,45.0
A2HT2410142-10,D2G10000731001,1110400160003,GYDXTW光缆(黑色),GYDXTW-144G.652D,HT-05,护套,正常生产,2024-10-16 11:42:24.163,180-205-225-235-241-245-246,0.00,,,12.80,40.00,16.90,13.20,17.60,,0.10,,,中夜班,40.00,DG24A16HE0003,10.80,,,78.80,83.80,,0,0.50,,,13.50,0.00,,18.00,10.8,16.9,13.2,17.6,83.8,78.8,40.0,40.0
A2HT2410143-10,D2G10000732001,1110100200704,GYTS光缆(黑色),GYTS-48G.652D,HT-02,护套,正常生产,2024-10-17 10:06:51.560,180-215-225-235-240-233-245,0.00,0.00,0.00,7.70,65.00,11.30,8.50,15.50,0.00,0.10,0.00,0.00,早中班,65.00,DG24A17HB0001,6.70,0.00,0.00,62.00,73.00,0.00,0,0.50,0.00,0.00,,0.00,,12.50,6.7,11.3,8.5,15.5,73.0,62.0,65.0,65.0
A2HT2410144-10,D6G09002521001,1110108400003,GYXTZA光缆(黑色),GYXTZA-6G.651-50/125-OM3,HT-11,护套,正常生产,2024-10-19 23:38:09.737,182-202-221-232-236-241-243-249,8.40,0.00,0.00,9.70,30.00,13.00,10.50,17.00,0.00,0.20,0.00,0.00,早中班,30.00,/,5.60,0.00,0.00,129.00,40.00,0.00,0,0.50,0.00,0.00,0.00,0.00,/,14.00,5.6,13.0,10.5,17.0,40.0,129.0,30.0,30.0
A2HT2410146-10,D2G09002001171,1110100200783,GYTS光缆(黑色),GYTS-6G.652D,HT-06,护套,正常生产,2024-10-15 11:42:21.693,190-210-220-230-245-250-253,0.00,0.00,0.00,5.70,100.00,8.80,6.60,14.00,,0.10,,,早中班,100.00,/,4.70,,,68.00,72.00,,/,0.50,0.00,4.50,0.00,0.00,,9.50,4.7,8.8,6.6,14.0,72.0,68.0,100.0,100.0
A2HT2410148-10,D9G10000341002,1110100100639,GYTA光缆(黑色),GYTA-8G.652D,HT-02,护套,正常生产,2024-10-19 12:27:48.957,180-215-225-235-240-233-245,0.00,0.00,0.00,5.50,80.00,8.40,6.60,14.00,0.00,0.10,0.00,0.00,早中班,80.00,/,4.50,0.00,0.00,62.00,73.00,0.00,0,0.50,0.00,0.00,,0.00,,9.50,4.5,8.4,6.6,14.0,73.0,62.0,80.0,80.0
A2HT2410149-10,D6G10000341009,1110100200787,GYTS光缆(黑色),GYTS-8G.652D,HT-01,护套,正常生产,2024-10-19 10:02:59.210,182-205-225-231-241-245-246,0.00,,,6.20,60.00,9.50,7.50,14.00,,0.20,0.00,0.00,早中班,60.00,/,5.15,,0.00,62.00,56.00,0.00,0,0.50,,0.00,0.00,0.00,,11.00,5.15,9.5,7.5,14.0,56.0,62.0,60.0,60.0
A2HT24101510-10,A2HT24101510100001,2100900300260,PE涂覆磷化钢丝加强件(黑色),PE-LHGS,HT-13,护套,正常生产,2024-10-16 18:01:41.597,180,0.00,,,6.80,35.00,10.50,2.70,7.50,,0.20,,,早中班,35.00,/,2.50,,,99.00,70.00,,185  212  215  221  231  236  240  241,0.50,,,,,,11.50,2.5,10.5,2.7,7.5,70.0,99.0,35.0,35.0
A2HT24101511-10,D6G10000231001,1110102700008,GYTY光缆(黑色护套-黄色色条),GYTY-144G.652D,HT-06,护套,正常生产,2024-10-23 06:02:00.553,180-210-220-230-245-246-252,0.00,0.00,0.00,12.00,30.00,13.80,11.50,17.50,,0.20,,,中夜班,30.00,/,10.20,,,74.00,65.00,,/,0.50,0.00,0.00,0.00,0.00,,14.80,10.2,13.8,11.5,17.5,65.0,74.0,30.0,30.0
A2HT24101512-10,A2HT24101512100001,2100900300260,PE涂覆磷化钢丝加强件(黑色),PE-LHGS,HT-13,护套,正常生产,2024-10-16 18:03:35.543,180,0.00,,,6.80,35.00,10.50,2.70,7.50,,0.20,,,早中班,35.00,/,2.50,,,99.00,70.00,,185  212  215  221  231  236  240  241,0.50,,,,,,11.50,2.5,10.5,2.7,7.5,70.0,99.0,35.0,35.0
A2HT24101513-10,D6G09002493004,1110101200235,GYFTY光缆(黑色),GYFTY-96G.652D,HT-03,护套,正常生产,2024-10-23 18:31:26.720,182-206-227-244-246-245-246,0.00,0.00,0.00,13.70,30.00,17.10,14.50,22.00,0.00,0.10,0.00,0.00,早中班,30.00,/,12.30,0.00,0.00,77.00,96.00,0.00,0,0.50,0.00,0.00,0.00,0.00,,9.50,12.3,17.1,14.5,22.0,96.0,77.0,30.0,30.0
A2HT24101514-10,A2HT24101514100001,2100900400271,PE涂覆GFRP加强件(黑色),PE-GFRP,HT-09,护套,正常生产,2024-10-17 14:28:16.403,182-206-227-244-246-245-245,0.00,0.00,0.00,3.00,35.00,4.00,3.20,4.00,0.00,0.20,0.00,0.00,中夜班,35.00,/,3.00,0.00,0.00,28.00,12.00,0.00,0,0.50,0.00,0.00,0.00,0.00,0,5.00,3.0,4.0,3.2,4.0,12.0,28.0,35.0,35.0
A2HT24101515-10,D6G09002492016,1110101200233,GYFTY光缆(黑色),GYFTY-36G.652D,HT-01,护套,正常生产,2024-10-26 23:18:51.590,182-205-225-231-241-245-246,0.00,,,7.00,30.00,9.80,7.50,14.00,,0.20,0.00,0.00,早中班,30.00,/,5.50,,0.00,62.00,56.00,0.00,0,0.50,,0.00,0.00,0.00,,11.00,5.5,9.8,7.5,14.0,56.0,62.0,30.0,30.0
A2HT24101516-10,D0G10000231001,1110203560002,GYMXTZY33光缆(黑色),GYMXTZY33-12G.652D,HT-12,护套,正常生产,2024-10-23 14:29:56.717,130 135 140 145 150 155 160 165,0.00,0.00,0.00,8.00,20.00,10.50,7.50,10.50,0.00,0.20,0.00,0.00,中夜班,20.00,/,5.30,0.00,0.00,98.00,21.00,0.00,130 135 140 145 150 155 160 165,0.50,0.00,0.00,0.00,0.00,0,11.50,5.3,10.5,7.5,10.5,21.0,98.0,20.0,20.0
A2HT24101517-10,A2HT24101517100001,2120203260001,GYMXTZY33内护1(黑色),HT1-12G.652D,HT-12,护套,正常生产,2024-10-22 00:28:26.017,130 135 140 145 150 155 160 165,4.90,0.00,0.00,3.00,35.00,10.50,3.00,4.80,0.00,0.20,0.00,0.00,中夜班,35.00,/,2.50,0.00,0.00,98.00,18.00,0.00,130 135 140 145 150 155 160 165,0.50,0.00,0.00,0.00,0.00,0,6.00,2.5,10.5,3.0,4.8,18.0,98.0,35.0,35.0
A2HT2410152-10,D6G09002493001,1110101200235,GYFTY光缆(黑色),GYFTY-96G.652D,HT-03,护套,正常生产,2024-10-21 17:55:42.293,182-206-227-244-246-245-246,0.00,0.00,0.00,13.70,30.00,17.10,14.50,22.00,0.00,0.10,0.00,0.00,早中班,30.00,/,12.30,0.00,0.00,77.00,96.00,0.00,0,0.50,0.00,0.00,0.00,0.00,,9.50,12.3,17.1,14.5,22.0,96.0,77.0,30.0,30.0
A2HT24101520-10,D9G09000861001,1110200660001,GYFXTS光缆(黑色),GYFXTS-4G.652D,HT-14,护套,正常生产,2024-10-21 19:36:06.367,180,0.00,,,4.70,25.00,8.50,6.60,12.00,,0.10,,,早中班,25.00,/,2.60,,,,,,185  212  215  221  231  236  240  241,0.50,,,,,,10.00,2.6,8.5,6.6,12.0,,,25.0,25.0
A2HT24101521-10,D9G09000862001,1110200660002,GYFXTS光缆(黑色),GYFXTS-8G.652D,HT-14,护套,正常生产,2024-10-21 22:37:58.817,180,0.00,,,4.70,25.00,8.50,6.60,12.00,,0.10,,,早中班,25.00,/,2.60,,,,,,185  212  215  221  231  236  240  241,0.50,,,,,,10.00,2.6,8.5,6.6,12.0,,,25.0,25.0
A2HT24101522-10,D9G09000863001,1110200660003,GYFXTS光缆(黑色),GYFXTS-12G.652D,HT-14,护套,正常生产,2024-10-22 00:22:09.677,180,0.00,,,4.70,25.00,8.50,6.60,12.00,,0.10,,,早中班,25.00,/,2.60,,,,,,185  212  215  221  231  236  240  241,0.50,,,,,,10.00,2.6,8.5,6.6,12.0,,,25.0,25.0
A2HT24101524-10,D9G09000865002,1110101360003,GYFTS光缆(黑色),GYFTS-24G.652D,HT-14,护套,正常生产,2024-10-20 16:11:45.070,180,0.00,,,5.90,55.00,8.80,7.50,14.50,,0.10,,,中夜班,55.00,/,4.60,,,,,,185  212  215  221  231  236  240  241,0.50,,,,,,10.00,4.6,8.8,7.5,14.5,,,55.0,55.0
A2HT24101525-10,D9G09000866002,1110101360012,GYFTS光缆(黑色),GYFTS-48G.652D,HT-14,护套,正常生产,2024-10-20 17:44:29.930,180,0.00,,,5.90,55.00,8.80,7.50,14.50,,0.10,,,中夜班,55.00,/,4.60,,,,,,185  212  215  221  231  236  240  241,0.50,,,,,,10.00,4.6,8.8,7.5,14.5,,,55.0,55.0
A2HT24101526-10,D9G09000867001,1110101360011,GYFTS光缆(黑色),GYFTS-96G.652D,HT-14,护套,正常生产,2024-10-21 11:46:26.800,180,0.00,,,10.00,55.00,13.50,11.00,18.00,,0.10,,,早中班,55.00,/,8.90,,,,,,185  212  215  221  231  236  240  241,0.50,,,,,,10.00,8.9,13.5,11.0,18.0,,,55.0,55.0
A2HT24101527-10,A2HT24101527100001,2100900400180,PE涂覆GFRP加强件(黑色),PE-GFRP,HT-09,护套,正常生产,2024-10-19 15:18:24.470,182-206-227-244-246-245-245,0.00,0.00,0.00,3.00,45.00,4.00,3.20,4.00,0.00,0.20,0.00,0.00,中夜班,45.00,/,3.00,0.00,0.00,28.00,12.00,0.00,0,0.50,0.00,0.00,0.00,0.00,0,5.00,3.0,4.0,3.2,4.0,12.0,28.0,45.0,45.0
A2HT2410153-10,A2HT2410153100001,2100900400271,PE涂覆GFRP加强件(黑色),PE-GFRP,HT-09,护套,正常生产,2024-10-17 20:55:53.120,182-206-227-244-246-245-245,0.00,0.00,0.00,3.00,35.00,4.00,3.20,4.00,0.00,0.20,0.00,0.00,中夜班,35.00,/,3.00,0.00,0.00,28.00,12.00,0.00,0,0.50,0.00,0.00,0.00,0.00,0,5.00,3.0,4.0,3.2,4.0,12.0,28.0,35.0,35.0
A2HT24101530-10,D0G10000351001,1110200360007,GYXTY光缆(黑色),GYXTY-12G.652D,HT-01,护套,正常生产,2024-10-17 02:09:33.607,182-205-225-231-241-245-246,0.00,,,6.20,35.00,8.00,5.00,11.50,,0.10,0.00,0.00,早中班,35.00,/,2.60,,0.00,62.00,56.00,0.00,0,0.50,,0.00,0.00,0.00,,9.00,2.6,8.0,5.0,11.5,56.0,62.0,35.0,35.0
A2HT24101531-10,D0G10000161010,1110101600051,GYFTA53光缆(黑色),GYFTA53-24G.652D,HT-01,护套,正常生产,2024-10-19 00:17:31.033,182-205-225-231-241-245-246,9.10,,,10.40,55.00,13.50,11.50,18.50,,0.20,0.00,0.00,早中班,55.00,/,6.60,,0.00,62.00,56.00,0.00,0,0.50,,0.00,0.00,0.00,,15.00,6.6,13.5,11.5,18.5,56.0,62.0,55.0,55.0
A2HT24101532-10,A2HT24101532100001,2120101600049,GYFTA53内护1(黑色),HT1-24G.652D,HT-01,护套,正常生产,2024-10-18 23:08:08.683,182-205-225-231-241-245-246,0.00,,,7.60,45.00,9.10,8.00,15.50,,0.20,0.00,0.00,早中班,45.00,/,6.60,,0.00,62.00,56.00,0.00,0,0.50,,0.00,0.00,0.00,,10.00,6.6,9.1,8.0,15.5,56.0,62.0,45.0,45.0
A2HT24101533-10,D0G100011001,1131000100003,HSYV-5E数据缆成品缆(黑色),HSYV-5E数据缆,HT-07,护套,正常生产,2024-10-21 11:35:50.637,180-190-200-205-205-215-210-210,0.00,0.00,0.00,5.00,25.00,5.00,4.50,8.00,0.00,0.10,0.00,0.00,早中班,25.00,/,3.90,0.00,0.00,60.00,22.00,0.00,0,0.50,0.00,0.00,0.00,0.00,,0.00,3.9,5.0,4.5,8.0,22.0,60.0,25.0,25.0
A2HT24101534-10,D0G10000401004,1110102060011,GYFTZY53光缆(黑色),GYFTZY53-12G.652D,HT-12,护套,正常生产,2024-10-18 12:27:45.890,130 135 140 145 150 155 160 165,0.00,1.00,1.00,10.20,35.00,11.00,8.00,11.20,1.00,0.20,0.00,0.00,早中班,35.00,/,6.80,1.00,0.00,95.00,55.00,0.00,130 135 140 145 150 155 160 165,0.50,1.00,0.00,0.00,35.50,1,13.50,6.8,11.0,8.0,11.2,55.0,95.0,35.0,35.0
A2HT24101535-10,A2HT24101535100002,2120102060010,GYFTZY53内护1(黑色),HT1-12G.652D,HT-01,护套,正常生产,2024-10-18 04:02:56.770,182-205-225-231-241-245-246,0.00,,,7.00,40.00,8.60,7.50,12.50,,0.10,0.00,0.00,中夜班,40.00,/,6.60,,0.00,62.00,56.00,0.00,0,0.50,,0.00,0.00,0.00,,9.50,6.6,8.6,7.5,12.5,56.0,62.0,40.0,40.0
A2HT2410154-10,D6G10000011001,1110100200452,GYTS光缆(黑色护套-橙色色条),GYTS-24G.652D,HT-01,护套,正常生产,2024-10-19 14:04:07.330,182-205-225-231-241-245-246,0.00,,,6.20,40.00,10.30,7.50,14.00,,0.20,0.00,0.00,早中班,40.00,/,5.45,,0.00,62.00,56.00,0.00,0,0.50,,0.00,0.00,0.00,,11.00,5.45,10.3,7.5,14.0,56.0,62.0,40.0,40.0
A2HT2410155-10,D6G10000012001,1110200600009,GYFXTS光缆(黑色护套-橙色色条),GYFXTS-12G.652D,HT-06,护套,正常生产,2024-10-23 02:30:05.000,180-210-220-230-245-246-252,0.00,0.00,0.00,4.40,25.00,8.20,4.50,11.00,,0.10,,,中夜班,25.00,/,2.60,,,56.00,19.00,,/,0.50,0.00,5.10,0.00,0.00,,9.20,2.6,8.2,4.5,11.0,19.0,56.0,25.0,25.0
A2HT2410156-10,D6G10000013001,1110200900004,GYFXTZS光缆(黑色),GYFXTZS-12G.652D,HT-12,护套,正常生产,2024-10-20 06:19:32.590,130 135 140 145 150 155 160 165,0.00,1.00,1.00,10.20,25.00,5.50,4.00,5.50,1.00,0.20,0.00,0.00,中夜班,25.00,/,2.60,1.00,0.00,95.00,8.00,0.00,130 135 140 145 150 155 160 165,0.50,1.00,0.00,0.00,35.50,1,6.20,2.6,5.5,4.0,5.5,8.0,95.0,25.0,25.0
A2HT2410157-10,D6G10000014002,1110100700147,GYTZS光缆(黑色),GYTZS-24G.652D,HT-12,护套,正常生产,2024-10-19 22:36:05.573,130 135 140 145 150 155 160 165,0.00,1.00,1.00,10.20,35.00,11.00,8.00,11.20,1.00,0.20,0.00,0.00,早中班,35.00,/,6.80,1.00,0.00,95.00,55.00,0.00,130 135 140 145 150 155 160 165,0.50,1.00,0.00,0.00,35.50,1,13.50,6.8,11.0,8.0,11.2,55.0,95.0,35.0,35.0
A2HT2410158-10,D2G10000266051,1110200100125,GYXTW光缆(黑色),GYXTW-48G.652D,HT-05,护套,正常生产,2024-10-20 09:36:40.373,180-205-225-235-241-245-246,0.00,,,6.30,30.00,6.30,6.50,11.50,,0.00,,,中夜班,30.00,/,4.50,,,71.70,72.60,,0,0.00,,,0.00,0.00,,11.80,4.5,6.3,6.5,11.5,72.6,71.7,30.0,30.0
A2HT2410159-10,D6G10000091001,1110102700008,GYTY光缆(黑色护套-黄色色条),GYTY-144G.652D,HT-06,护套,正常生产,2024-10-23 06:57:21.440,180-210-220-230-245-246-252,0.00,0.00,0.00,12.00,25.00,13.80,11.50,17.50,,0.20,,,中夜班,25.00,/,10.20,,,74.00,65.00,,/,0.50,0.00,0.00,0.00,0.00,,14.80,10.2,13.8,11.5,17.5,65.0,74.0,25.0,25.0
A2HT2410161-10,D9G09000864001,1110200660011,GYFXTS光缆(黑色),GYFXTS-12G.651-50/125(OM4),HT-14,护套,正常生产,2024-10-22 00:48:24.277,180,0.00,,,4.70,25.00,8.50,6.60,12.00,,0.10,,,早中班,25.00,/,2.60,,,,,,185  212  215  221  231  236  240  241,0.50,,,,,,10.00,2.6,8.5,6.6,12.0,,,25.0,25.0
A2HT24101610-10,A2HT24101610100001,2100900400271,PE涂覆GFRP加强件(黑色),PE-GFRP,HT-09,护套,正常生产,2024-10-18 20:35:56.593,182-206-227-244-246-245-245,0.00,0.00,0.00,3.00,35.00,4.00,3.20,4.00,0.00,0.20,0.00,0.00,中夜班,35.00,/,3.00,0.00,0.00,28.00,12.00,0.00,0,0.50,0.00,0.00,0.00,0.00,0,5.00,3.0,4.0,3.2,4.0,12.0,28.0,35.0,35.0
A2HT24101611-10,D0G10000171002,1110100200759,GYTS光缆(黑色),GYTS-4G.652D,HT-02,护套,正常生产,2024-10-22 01:33:17.213,180-215-225-235-240-233-245,0.00,0.00,0.00,5.40,80.00,8.40,6.60,14.00,0.00,0.10,0.00,0.00,中夜班,80.00,/,4.50,0.00,0.00,62.00,73.00,0.00,0,0.50,0.00,0.00,,0.00,,10.00,4.5,8.4,6.6,14.0,73.0,62.0,80.0,80.0
A2HT24101612-10,D0G10000172001,1110100200760,GYTS光缆(黑色),GYTS-6G.652D,HT-02,护套,正常生产,2024-10-22 02:04:53.277,180-215-225-235-240-233-245,0.00,0.00,0.00,5.40,80.00,8.40,6.60,14.00,0.00,0.10,0.00,0.00,中夜班,80.00,/,4.50,0.00,0.00,62.00,73.00,0.00,0,0.50,0.00,0.00,,0.00,,10.00,4.5,8.4,6.6,14.0,73.0,62.0,80.0,80.0
A2HT24101613-10,D0G10000173001,1110100200764,GYTS光缆(黑色),GYTS-36G.652D,HT-02,护套,正常生产,2024-10-22 00:18:45.780,180-215-225-235-240-233-245,0.00,0.00,0.00,6.00,80.00,9.00,6.60,14.00,0.00,0.10,0.00,0.00,中夜班,80.00,/,5.10,0.00,0.00,62.00,73.00,0.00,0,0.50,0.00,0.00,,0.00,,10.00,5.1,9.0,6.6,14.0,73.0,62.0,80.0,80.0
A2HT24101614-10,D0G10000411001,1110100400373,GYTA53光缆(黑色),GYTA53-12G.652D,HT-02,护套,正常生产,2024-10-23 09:44:42.623,180-215-225-235-240-233-245,8.40,0.00,0.00,9.60,55.00,13.00,10.50,17.00,0.00,0.10,0.00,0.00,中夜班,55.00,/,5.60,0.00,0.00,62.00,73.00,0.00,0,0.50,0.00,0.00,,0.00,,14.00,5.6,13.0,10.5,17.0,73.0,62.0,55.0,55.0
A2HT24101615-10,A2HT24101615100001,2120100400110,GYTA53内护1(黑色),HT1-12G.652D,HT-11,护套,正常生产,2024-10-23 02:45:53.620,182-202-221-232-236-241-243-247,0.00,0.00,0.00,6.70,45.00,8.40,7.50,12.20,0.00,0.10,0.00,0.00,中夜班,45.00,/,5.60,0.00,0.00,102.00,22.00,0.00,0,0.50,0.00,0.00,0.00,0.00,/,8.80,5.6,8.4,7.5,12.2,22.0,102.0,45.0,45.0
A2HT24101616-10,D0G10000412002,1110100100681,GYTA光缆(黑色),GYTA-24G.652D,HT-02,护套,正常生产,2024-10-22 04:29:01.687,180-215-225-235-240-233-245,0.00,0.00,0.00,6.00,80.00,9.50,6.60,14.00,0.00,0.10,0.00,0.00,中夜班,80.00,/,4.95,0.00,0.00,62.00,73.00,0.00,0,0.50,0.00,0.00,,0.00,,10.40,4.95,9.5,6.6,14.0,73.0,62.0,80.0,80.0
A2HT24101617-10,D0G10000413002,1110100200704,GYTS光缆(黑色),GYTS-48G.652D,HT-02,护套,正常生产,2024-10-22 22:49:18.707,180-215-225-235-240-233-245,0.00,0.00,0.00,7.70,65.00,11.30,8.50,15.50,0.00,0.10,0.00,0.00,中夜班,65.00,/,6.70,0.00,0.00,62.00,73.00,0.00,0,0.50,0.00,0.00,,0.00,,12.50,6.7,11.3,8.5,15.5,73.0,62.0,65.0,65.0
A2HT24101618-10,D2G10000871062,1110100200784,GYTS光缆(黑色),GYTS-24G.652D,HT-02,护套,正常生产,2024-10-24 00:43:05.007,180-215-225-235-240-233-245,0.00,0.00,0.00,5.90,100.00,9.50,6.60,14.00,0.00,0.10,0.00,0.00,中夜班,100.00,/,4.95,0.00,0.00,62.00,73.00,0.00,0,0.50,0.00,0.00,0.00,0.00,,10.40,4.95,9.5,6.6,14.0,73.0,62.0,100.0,100.0
A2HT24101619-10,D9G10000381001,1110200660012,GYFXTS光缆(黑色),GYFXTS-12G.651-50/125-OM3,HT-14,护套,正常生产,2024-10-22 03:39:48.053,180,0.00,,,4.70,25.00,8.50,6.60,12.00,,0.10,,,早中班,25.00,/,2.60,,,,,,185  212  215  221  231  236  240  241,0.50,,,,,,10.00,2.6,8.5,6.6,12.0,,,25.0,25.0
A2HT24101621-10,D2G10000265017,1110100200784,GYTS光缆(黑色),GYTS-24G.652D,HT-11,护套,正常生产,2024-10-17 05:08:56.970,182-202-221-232-236-241-243-249,0.00,0.00,0.00,6.20,100.00,9.50,6.60,13.50,0.00,0.10,0.00,0.00,早中班,100.00,/,4.95,0.00,0.00,129.00,40.00,0.00,0,0.50,0.00,0.00,0.00,0.00,/,11.00,4.95,9.5,6.6,13.5,40.0,129.0,100.0,100.0
A2HT2410164-10,D1G09002501004,1110100200503,GYTS光缆(黑色),GYTS-12G.652D,HT-02,护套,正常生产,2024-10-18 09:41:16.587,180-215-225-235-240-233-245,0.00,0.00,0.00,6.50,45.00,9.80,6.80,12.00,0.00,0.10,0.00,0.00,早中班,45.00,DG24A17HB0107,5.30,0.00,0.00,62.00,73.00,0.00,0,0.50,0.00,0.00,,0.00,,11.00,5.3,9.8,6.8,12.0,73.0,62.0,45.0,45.0
A2HT2410165-10,D2G10000265018,1110100200784,GYTS光缆(黑色),GYTS-24G.652D,HT-11,护套,正常生产,2024-10-17 05:36:51.023,182-202-221-232-236-241-243-249,0.00,0.00,0.00,6.20,100.00,9.50,6.60,13.50,0.00,0.10,0.00,0.00,早中班,100.00,,4.95,0.00,0.00,129.00,40.00,0.00,0,0.50,0.00,0.00,0.00,0.00,/,11.00,4.95,9.5,6.6,13.5,40.0,129.0,100.0,100.0
A2HT2410166-10,D2G10000262067,1110100200782,GYTS光缆(黑色),GYTS-12G.652D,HT-11,护套,正常生产,2024-10-17 04:58:25.443,182-202-221-232-236-241-243-249,0.00,0.00,0.00,6.20,100.00,9.90,6.60,13.50,0.00,0.10,0.00,0.00,早中班,100.00,/,5.30,0.00,0.00,129.00,40.00,0.00,0,0.50,0.00,0.00,0.00,0.00,/,11.00,5.3,9.9,6.6,13.5,40.0,129.0,100.0,100.0
A2HT2410167-10,D2G10000871014,1110100200784,GYTS光缆(黑色),GYTS-24G.652D,HT-02,护套,正常生产,2024-10-21 23:00:35.157,180-215-225-235-240-233-245,0.00,0.00,0.00,5.90,100.00,9.50,6.60,14.00,0.00,0.10,0.00,0.00,中夜班,100.00,/,4.95,0.00,0.00,62.00,73.00,0.00,0,0.50,0.00,0.00,0.00,0.00,/,10.50,4.95,9.5,6.6,14.0,73.0,62.0,100.0,100.0
A2HT2410168-10,D2G10000264011,1110200100122,GYXTW光缆(黑色),GYXTW-12G.652D,HT-05,护套,正常生产,2024-10-22 13:45:13.250,180-205-225-235-241-245-246,0.00,,,4.40,45.00,9.10,4.60,9.50,,0.00,,,早中班,45.00,/,2.60,,,59.00,38.40,,0,0.00,,,4.50,0.00,,10.00,2.6,9.1,4.6,9.5,38.4,59.0,45.0,45.0
A2HT2410169-10,D6G09002493015,1110101200235,GYFTY光缆(黑色),GYFTY-96G.652D,HT-03,护套,正常生产,2024-10-24 21:24:51.657,182-206-227-244-246-245-246,0.00,0.00,0.00,13.70,30.00,17.10,14.50,22.00,0.00,0.10,0.00,0.00,早中班,30.00,/,12.30,0.00,0.00,77.00,96.00,0.00,0,0.50,0.00,0.00,0.00,0.00,,9.50,12.3,17.1,14.5,22.0,96.0,77.0,30.0,30.0
A2HT24101710-10,D2G10000901001,1110400160007,GYDXTW光缆(黑色),GYDXTW-216G.652D,HT-05,护套,正常生产,2024-10-25 12:24:37.783,180-205-225-235-241-245-246,0.00,,,11.50,35.00,15.70,12.00,16.20,,0.10,,,中夜班,35.00,,9.60,,,89.00,67.00,,0,0.50,,,12.00,0.00,,16.70,9.6,15.7,12.0,16.2,67.0,89.0,35.0,35.0
A2HT24101711-10,D6G10000371001,1110204160001,GYFXTZY38(灰色),GYFXTZY38-12G.652D,HT-12,护套,正常生产,2024-10-24 02:41:39.657,130 135 140 145 150 155 160 165,0.00,0.00,0.00,8.00,25.00,10.50,7.50,10.50,0.00,0.20,0.00,0.00,中夜班,25.00,/,5.30,0.00,0.00,98.00,21.00,0.00,130 135 140 145 150 155 160 165,0.50,0.00,0.00,0.00,0.00,0,11.50,5.3,10.5,7.5,10.5,21.0,98.0,25.0,25.0
A2HT24101712-10,A2HT24101712100001,2120203760001,GYFXTZY38内护1(黑色),HT1-12G.652D,HT-12,护套,正常生产,2024-10-20 01:10:16.260,130 135 140 145 150 155 160 165,0.00,1.00,1.00,10.20,25.00,5.50,4.00,5.50,1.00,0.20,0.00,0.00,中夜班,25.00,/,2.60,1.00,0.00,95.00,8.00,0.00,130 135 140 145 150 155 160 165,0.50,1.00,0.00,0.00,35.50,1,6.20,2.6,5.5,4.0,5.5,8.0,95.0,25.0,25.0
A2HT24101713-10,D6G09002491001,1110101200234,GYFTY光缆(黑色),GYFTY-12G.652D,HT-03,护套,正常生产,2024-10-25 23:27:08.267,182-206-227-244-246-245-246,0.00,0.00,0.00,9.10,30.00,9.80,7.50,14.00,0.00,0.10,0.00,0.00,中夜班,30.00,/,9.80,0.00,0.00,77.00,96.00,0.00,0,0.50,0.00,0.00,0.00,0.00,,10.80,9.8,9.8,7.5,14.0,96.0,77.0,30.0,30.0
A2HT24101714-10,D6G09002491010,1110101200234,GYFTY光缆(黑色),GYFTY-12G.652D,HT-03,护套,正常生产,2024-10-27 16:45:28.490,182-206-227-244-246-245-246,0.00,0.00,0.00,9.10,30.00,9.80,7.50,14.00,0.00,0.10,0.00,0.00,早中班,30.00,/,9.80,0.00,0.00,77.00,96.00,0.00,0,0.50,0.00,0.00,0.00,0.00,,10.80,9.8,9.8,7.5,14.0,96.0,77.0,30.0,30.0
A2HT24101715-10,D9G10000271001,1110101700251,GYFTZY光缆(黑色),GYFTZY-24G.652D,HT-12,护套,正常生产,2024-10-24 14:10:15.607,130 135 140 145 150 155 160 165,0.00,0.00,0.00,9.00,35.00,10.40,8.00,10.50,0.00,0.20,0.00,0.00,中夜班,35.00,/,6.20,0.00,0.00,101.00,36.00,0.00,130 135 140 145 150 155 160 165,0.50,0.00,0.00,0.00,0.00,0,11.50,6.2,10.4,8.0,10.5,36.0,101.0,35.0,35.0
A2HT24101716-10,D2G10000941005,1110400160005,GYDXTW光缆(黑色),GYDXTW-288G.652D,HT-05,护套,正常生产,2024-10-26 00:24:40.987,180-205-225-235-241-245-246,0.00,,,12.80,35.00,16.90,13.20,17.60,,0.10,,,中夜班,35.00,DG24A25HE0006,10.80,,,71.80,80.50,,0,0.50,,,13.20,0.00,,18.00,10.8,16.9,13.2,17.6,80.5,71.8,35.0,35.0
A2HT24101717-10,D2G10000264033,1110200100122,GYXTW光缆(黑色),GYXTW-12G.652D,HT-05,护套,正常生产,2024-10-24 08:29:37.417,180-205-225-235-241-245-246,0.00,,,4.40,45.00,9.10,4.60,9.50,,0.00,,,早中班,45.00,/,2.60,,,59.00,45.00,,0,0.00,,,4.50,0.00,,10.00,2.6,9.1,4.6,9.5,45.0,59.0,45.0,45.0
A2HT24101718-10,D6G09002493020,1110101200235,GYFTY光缆(黑色),GYFTY-96G.652D,HT-03,护套,正常生产,2024-10-25 16:41:12.173,182-206-227-244-246-245-246,0.00,0.00,0.00,13.70,30.00,17.10,14.50,22.00,0.00,0.10,0.00,0.00,中夜班,30.00,/,12.30,0.00,0.00,77.00,96.00,0.00,0,0.50,0.00,0.00,0.00,0.00,,9.50,12.3,17.1,14.5,22.0,96.0,77.0,30.0,30.0
A2HT24101719-10,A2HT24101719100001,2100900400271,PE涂覆GFRP加强件(黑色),PE-GFRP,HT-09,护套,正常生产,2024-10-19 13:47:37.290,182-206-227-244-246-245-245,0.00,0.00,0.00,3.00,35.00,4.00,3.20,4.00,0.00,0.20,0.00,0.00,中夜班,35.00,/,3.00,0.00,0.00,28.00,12.00,0.00,0,0.50,0.00,0.00,0.00,0.00,0,5.00,3.0,4.0,3.2,4.0,12.0,28.0,35.0,35.0
A2HT24101720-10,D6G09002491018,1110101200234,GYFTY光缆(黑色),GYFTY-12G.652D,HT-03,护套,正常生产,2024-10-29 14:25:43.140,182-206-227-244-246-245-246,0.00,0.00,0.00,9.10,30.00,9.80,7.50,14.00,0.00,0.10,0.00,0.00,中夜班,30.00,/,9.80,0.00,0.00,77.00,96.00,0.00,0,0.50,0.00,0.00,0.00,0.00,,10.80,9.8,9.8,7.5,14.0,96.0,77.0,30.0,30.0
A2HT24101721-10,D9G10000361003,1110100200709,GYTS光缆(黑色),GYTS-48G.655,HT-11,护套,正常生产,2024-10-25 01:10:57.980,181-202-221-232-236-241-244-246,0.00,0.00,0.00,7.80,65.00,11.00,8.50,15.00,0.00,0.10,0.00,0.00,中夜班,65.00,/,6.80,0.00,0.00,110.00,52.00,0.00,0,0.50,0.00,0.00,8.50,0.00,/,12.00,6.8,11.0,8.5,15.0,52.0,110.0,65.0,65.0
A2HT24101722-10,D9G10000362004,1110100200708,GYTS光缆(黑色),GYTS-36G.655,HT-06,护套,正常生产,2024-10-24 22:12:05.353,180-210-220-230-245-246-252,0.00,0.00,0.00,6.80,85.00,9.90,7.50,13.50,,0.10,,,中夜班,85.00,/,5.70,,,81.00,79.00,,/,0.50,0.00,0.00,7.20,0.00,,11.00,5.7,9.9,7.5,13.5,79.0,81.0,85.0,85.0
A2HT24101723-10,D9G10000141001,1110101760017,GYFTZY光缆(黑色),GYFTZY-24G.652D,HT-12,护套,正常生产,2024-10-24 19:05:52.460,130 135 140 145 150 155 160 165,0.00,0.00,0.00,10.00,35.00,11.90,9.00,12.00,0.00,0.20,0.00,0.00,中夜班,35.00,/,6.60,0.00,0.00,101.00,40.00,0.00,130 135 140 145 150 155 160 165,0.50,0.00,0.00,0.00,0.00,0,13.00,6.6,11.9,9.0,12.0,40.0,101.0,35.0,35.0
A2HT24101724-10,D9G10000151001,1110101760017,GYFTZY光缆(黑色),GYFTZY-24G.652D,HT-12,护套,正常生产,2024-10-24 19:03:29.937,130 135 140 145 150 155 160 165,0.00,0.00,0.00,10.00,35.00,11.90,9.00,12.00,0.00,0.20,0.00,0.00,中夜班,35.00,/,6.60,0.00,0.00,101.00,40.00,0.00,130 135 140 145 150 155 160 165,0.50,0.00,0.00,0.00,0.00,0,13.00,6.6,11.9,9.0,12.0,40.0,101.0,35.0,35.0
A2HT24101725-10,D9G10000152001,1110101760019,GYFTZY光缆(黑色),GYFTZY-48G.652D,HT-12,护套,正常生产,2024-10-24 23:37:17.380,130 135 140 145 150 155 160 165,0.00,0.00,0.00,10.00,30.00,11.90,9.00,12.00,0.00,0.20,0.00,0.00,中夜班,30.00,/,6.60,0.00,0.00,101.00,40.00,0.00,130 135 140 145 150 155 160 165,0.50,0.00,0.00,0.00,0.00,0,13.00,6.6,11.9,9.0,12.0,40.0,101.0,30.0,30.0
A2HT24101726-10,D9G10000153001,1110101760029,GYFTZY光缆(黑色),GYFTZY-72G.652D,HT-12,护套,正常生产,2024-10-24 23:59:37.747,130 135 140 145 150 155 160 165,0.00,0.00,0.00,10.00,25.00,11.90,9.00,12.00,0.00,0.20,0.00,0.00,中夜班,25.00,/,6.60,0.00,0.00,101.00,40.00,0.00,130 135 140 145 150 155 160 165,0.50,0.00,0.00,0.00,0.00,0,13.00,6.6,11.9,9.0,12.0,40.0,101.0,25.0,25.0
A2HT24101727-10,D2G10000941001,1110400160005,GYDXTW光缆(黑色),GYDXTW-288G.652D,HT-05,护套,正常生产,2024-10-26 04:16:17.997,180-205-225-235-241-245-246,0.00,,,12.80,35.00,16.90,13.20,17.60,,0.10,,,早中班,35.00,DG24A25HE0002,10.80,,,71.80,80.50,,0,0.50,,,13.20,0.00,,18.00,10.8,16.9,13.2,17.6,80.5,71.8,35.0,35.0
A2HT24101728-10,D6G015011002,1110600160046,ADSS-A光缆(黑色),ADSS-12G.652D,HT-14,护套,正常生产,2024-10-22 18:54:23.350,180,0.00,,,9.00,40.00,10.80,8.50,18.50,,0.10,,,早中班,40.00,/,6.80,,,10.00,,,185  212  215  221  231  236  240  241,0.50,,,,,,12.00,6.8,10.8,8.5,18.5,,10.0,40.0,40.0
A2HT24101729-10,D6G015012001,1110600160047,ADSS-A光缆(黑色),ADSS-48G.652D,HT-14,护套,正常生产,2024-10-23 00:47:24.880,180,0.00,,,9.00,40.00,10.80,8.50,18.50,,0.10,,,早中班,40.00,/,6.80,,,10.00,,,185  212  215  221  231  236  240  241,0.50,,,,,,12.00,6.8,10.8,8.5,18.5,,10.0,40.0,40.0
A2HT2410179-10,D2G10000381003,1110300100050,GYDTA光缆(黑色),GYDTA-96G.652D,HT-03,护套,正常生产,2024-10-20 14:09:22.247,182-206-227-244-246-245-246,0.00,0.00,0.00,13.70,45.00,17.10,14.50,22.00,0.00,0.10,0.00,0.00,中夜班,45.00,DG24A20HC0002,12.30,0.00,0.00,77.00,96.00,0.00,0,0.50,0.00,0.00,0.00,0.00,,9.50,12.3,17.1,14.5,22.0,96.0,77.0,45.0,45.0
A2HT2410181-10,D2G10000401056,1110100400090,GYTA53光缆(黑色),GYTA53-24G.652D,HT-11,护套,正常生产,2024-10-20 13:20:53.813,182-202-221-232-236-241-243-249,8.40,0.00,0.00,9.70,55.00,13.00,10.50,17.00,0.00,0.20,0.00,0.00,早中班,55.00,DG24A20HS0006,5.60,0.00,0.00,129.00,40.00,0.00,0,0.50,0.00,0.00,0.00,0.00,/,14.00,5.6,13.0,10.5,17.0,40.0,129.0,55.0,55.0
A2HT24101810-10,D9G10000461001,1110107160007,GYFZY光缆(黑色),GYFZY-48G.652D,HT-04,护套,正常生产,2024-10-26 23:52:53.043,130-145-155-160-165-165-171,,,,11.00,30.00,13.00,10.50,13.05,,0.20,,,中夜班,30.00,/,8.10,,,71.00,36.00,0.00,0,0.50,,,0.00,0.00,,13.80,8.1,13.0,10.5,13.05,36.0,71.0,30.0,30.0
A2HT24101811-10,D9G10000471001,1110107160007,GYFZY光缆(黑色),GYFZY-48G.652D,HT-04,护套,正常生产,2024-10-27 00:13:35.940,130-145-155-160-165-165-171,,,,11.00,30.00,13.00,10.50,13.05,,0.20,,,中夜班,30.00,/,8.10,,,71.00,36.00,0.00,0,0.50,,,0.00,0.00,,13.80,8.1,13.0,10.5,13.05,36.0,71.0,30.0,30.0
A2HT24101812-10,D9G10000481001,1110107160007,GYFZY光缆(黑色),GYFZY-48G.652D,HT-04,护套,正常生产,2024-10-26 21:53:08.837,130-145-155-160-165-165-171,,,,11.00,30.00,13.00,10.50,13.05,,0.20,,,中夜班,30.00,/,8.10,,,71.00,36.00,0.00,0,0.50,,,0.00,0.00,,13.80,8.1,13.0,10.5,13.05,36.0,71.0,30.0,30.0
A2HT24101813-10,D9G10000491001,1110107160007,GYFZY光缆(黑色),GYFZY-48G.652D,HT-04,护套,正常生产,2024-10-27 01:01:51.973,130-145-155-160-165-165-171,,,,11.00,30.00,13.00,10.50,13.05,,0.20,,,中夜班,30.00,/,8.10,,,71.00,36.00,0.00,0,0.50,,,0.00,0.00,,13.80,8.1,13.0,10.5,13.05,36.0,71.0,30.0,30.0
A2HT24101814-10,D9G10000501001,1110107160007,GYFZY光缆(黑色),GYFZY-48G.652D,HT-04,护套,正常生产,2024-10-26 22:54:57.893,130-145-155-160-165-165-171,,,,11.00,30.00,13.00,10.50,13.05,,0.20,,,中夜班,30.00,/,8.10,,,71.00,36.00,0.00,0,0.50,,,0.00,0.00,,13.80,8.1,13.0,10.5,13.05,36.0,71.0,30.0,30.0
A2HT24101815-10,D9G10000511001,1110107160007,GYFZY光缆(黑色),GYFZY-48G.652D,HT-04,护套,正常生产,2024-10-27 01:08:13.437,130-145-155-160-165-165-171,,,,11.00,30.00,13.00,10.50,13.05,,0.20,,,中夜班,30.00,/,8.10,,,71.00,36.00,0.00,0,0.50,,,0.00,0.00,,13.80,8.1,13.0,10.5,13.05,36.0,71.0,30.0,30.0
A2HT24101816-10,D9G10000521001,1110107160007,GYFZY光缆(黑色),GYFZY-48G.652D,HT-04,护套,正常生产,2024-10-27 02:19:33.430,130-145-155-160-165-165-171,,,,11.00,30.00,13.00,10.50,13.05,,0.20,,,中夜班,30.00,/,8.10,,,71.00,36.00,0.00,0,0.50,,,0.00,0.00,,13.80,8.1,13.0,10.5,13.05,36.0,71.0,30.0,30.0
A2HT24101817-10,D9G10000531001,1110107160007,GYFZY光缆(黑色),GYFZY-48G.652D,HT-04,护套,正常生产,2024-10-27 02:44:31.603,130-145-155-160-165-165-171,,,,11.00,30.00,13.00,10.50,13.05,,0.20,,,中夜班,30.00,/,8.10,,,71.00,36.00,0.00,0,0.50,,,0.00,0.00,,13.80,8.1,13.0,10.5,13.05,36.0,71.0,30.0,30.0
A2HT24101818-10,D9G10000541001,1110107160007,GYFZY光缆(黑色),GYFZY-48G.652D,HT-04,护套,正常生产,2024-10-27 00:33:23.173,130-145-155-160-165-165-171,,,,11.00,30.00,13.00,10.50,13.05,,0.20,,,中夜班,30.00,/,8.10,,,71.00,36.00,0.00,0,0.50,,,0.00,0.00,,13.80,8.1,13.0,10.5,13.05,36.0,71.0,30.0,30.0
A2HT2410182-10,A2HT2410182100001,2120100400112,GYTA53内护1(黑色),HT1-24G.652D,HT-03,护套,正常生产,2024-10-19 07:40:32.740,182-206-227-244-246-245-246,8.40,0.00,0.00,8.80,45.00,0.00,7.50,12.50,0.00,0.10,0.00,0.00,中夜班,45.00,/,5.60,0.00,0.00,77.00,96.00,0.00,0,0.50,0.00,0.00,0.00,0.00,,10.00,5.6,0.0,7.5,12.5,96.0,77.0,45.0,45.0
A2HT24101820-10,A2HT24101820100001,2120110800001,GYFTH38内护1(黑色),HT1-6G.652D,HT-12,护套,正常生产,2024-10-29 05:35:33.270,130 135 140 145 150 155 160 165,0.00,0.00,0.00,7.00,25.00,7.00,6.50,7.20,0.00,0.10,0.00,0.00,中夜班,25.00,,5.20,0.00,0.00,80.00,16.00,0.00,130 135 140 145 150 155 160 165,0.50,0.00,0.00,0.00,0.00,0,8.00,5.2,7.0,6.5,7.2,16.0,80.0,25.0,25.0
A2HT24101823-10,D0G10000181002,1110102260003,GYTA33光缆(黑色),GYTA33-8G.652D,HT-06,护套,正常生产,2024-10-24 04:46:49.820,180-210-220-230-245-246-252,0.00,0.00,0.00,12.00,40.00,0.00,11.00,17.50,,0.20,,,中夜班,40.00,/,9.30,,,70.00,56.00,,/,0.50,0.00,0.00,0.00,0.00,,11.70,9.3,0.0,11.0,17.5,56.0,70.0,40.0,40.0
A2HT24101824-10,A2HT24101824100001,2120102260003,GYTA33内护1(黑色),HT1-8G.652D,HT-02,护套,正常生产,2024-10-22 05:46:10.237,180-215-225-235-240-233-245,7.70,0.00,0.00,6.10,45.00,12.90,6.80,11.00,0.00,0.10,0.00,0.00,中夜班,45.00,/,5.05,0.00,0.00,62.00,73.00,0.00,0,0.50,0.00,0.00,,0.00,,8.50,5.05,12.9,6.8,11.0,73.0,62.0,45.0,45.0
A2HT24101825-10,D2G10001041001,1110300100052,GYDTA光缆(黑色),GYDTA-288G.652D,HT-06,护套,正常生产,2024-10-24 23:47:27.510,180-210-220-230-245-246-252,0.00,0.00,0.00,14.20,43.00,17.70,14.50,21.00,,0.10,,,中夜班,40.00,DG24A24HF00001,12.90,,,86.00,87.00,,/,0.50,0.00,0.00,14.70,0.00,,18.80,12.9,17.7,14.5,21.0,87.0,86.0,40.0,43.0
A2HT24101826-10,D2G10001081006,1110400160001,GYDXTW光缆(黑色),GYDXTW-72G.652D,HT-05,护套,正常生产,2024-10-26 14:09:37.253,180-205-225-235-241-245-246,0.00,,,7.90,50.00,12.50,8.00,13.20,,0.10,,,早中班,50.00,DG24A26HE0006,6.00,,,69.50,74.00,,0,0.50,,,8.20,0.00,,13.50,6.0,12.5,8.0,13.2,74.0,69.5,50.0,50.0
A2HT24101827-10,D1G10001101046,1110100200698,GYTS光缆(黑色),GYTS-48G.652D,HT-02,护套,正常生产,2024-10-27 01:07:37.280,180-215-225-235-240-235-245,0.00,0.00,0.00,7.70,65.00,10.90,8.50,15.50,0.00,0.10,0.00,0.00,中夜班,65.00,DG24A25HB0024,6.80,0.00,0.00,62.00,73.00,0.00,0,0.50,0.00,0.00,8.50,0.00,/,11.90,6.8,10.9,8.5,15.5,73.0,62.0,65.0,65.0
A2HT24101828-10,D1G10001111004,1110100200737,GYTS光缆(黑色),GYTS-144G.652D,HT-06,护套,正常生产,2024-10-26 02:03:58.267,180-210-220-230-245-246-252,0.00,0.00,0.00,13.70,50.00,16.70,14.50,21.00,,0.20,,,中夜班,50.00,DG24A24HF0005,12.40,,,81.00,83.00,,/,0.50,0.00,0.00,14.50,0.00,缆芯纤长短，工艺负偏差喷印,17.70,12.4,16.7,14.5,21.0,83.0,81.0,50.0,50.0
A2HT24101829-10,A2HT24101829100002,2100900300230,PE涂覆磷化钢丝加强件(黑色),PE-LHGS,HT-13,护套,正常生产,2024-10-22 10:54:24.470,180,0.00,0.00,0.00,7.00,45.00,4.90,2.20,5.00,0.00,0.20,0.00,0.00,早中班,45.00,/,2.00,0.00,0.00,99.00,46.00,0.00,185  212  215  221  231  236  240  241,0.50,0.00,0.00,0.00,0.00,0,6.00,2.0,4.9,2.2,5.0,46.0,99.0,45.0,45.0
A2HT24101830-10,D0G10000201001,1110103560006,GYFY光缆(黑色),GYFY-144G657A1,HT-01,护套,正常生产,2024-10-27 10:54:55.687,182-205-225-231-241-245-246,0.00,0.00,0.00,14.00,30.00,16.30,13.50,21.00,,0.20,0.00,0.00,早中班,30.00,/,12.70,0.00,0.00,33.00,77.00,0.00,0,0.50,0.00,0.00,0.00,0.00,,18.00,12.7,16.3,13.5,21.0,77.0,33.0,30.0,30.0
A2HT24101831-10,A2HT24101831100001,2100900400247,PE涂覆GFRP加强件(黑色),PE-GFRP,HT-13,护套,正常生产,2024-10-21 15:42:00.363,180,0.00,,,7.00,40.00,7.30,6.00,7.50,,0.20,,,早中班,40.00,/,3.50,,,99.00,46.00,,185  212  215  221  231  236  240  241,0.50,,,,,,8.00,3.5,7.3,6.0,7.5,46.0,99.0,40.0,40.0
A2HT24101832-10,A2HT24101832100001,2100900400227,PE涂覆GFRP加强件(黑色),PE-GFRP,HT-13,护套,正常生产,2024-10-21 13:59:02.097,180,0.00,,,6.80,45.00,5.00,4.00,5.00,,0.20,,,早中班,45.00,/,3.50,,,99.00,46.00,,185  212  215  221  231  236  240  241,0.50,,,,,,6.00,3.5,5.0,4.0,5.0,46.0,99.0,45.0,45.0
A2HT24101833-10,D0G10000202001,1110103560005,GYFY光缆(黑色),GYFY-288G657A1,HT-01,护套,正常生产,2024-10-27 07:39:59.917,182-205-225-231-241-245-246,0.00,,,16.70,25.00,19.40,17.50,23.50,,0.20,0.00,0.00,中夜班,25.00,/,15.80,,0.00,33.00,77.00,0.00,0,0.50,,0.00,0.00,0.00,,20.50,15.8,19.4,17.5,23.5,77.0,33.0,25.0,25.0
A2HT24101834-10,A2HT24101834100001,2100900460010,PE涂覆GFRP加强件(黑色),PE-GFRP,HT-13,护套,正常生产,2024-10-21 13:35:21.490,180,0.00,,,6.80,45.00,5.00,3.50,5.00,,0.20,,,早中班,45.00,/,3.00,,,99.00,46.00,,185  212  215  221  231  236  240  241,0.50,,,,,,6.00,3.0,5.0,3.5,5.0,46.0,99.0,45.0,45.0
A2HT24101835-10,D0G10000203001,1110110060002,GYA光缆(黑色),GYA-144G.657A1,HT-01,护套,正常生产,2024-10-27 09:07:01.820,182-205-225-231-241-245-246,0.00,0.00,0.00,13.50,35.00,16.80,14.00,21.00,,0.20,0.00,0.00,早中班,35.00,/,12.20,0.00,0.00,33.00,77.00,0.00,0,0.50,0.00,0.00,0.00,0.00,,18.00,12.2,16.8,14.0,21.0,77.0,33.0,35.0,35.0
A2HT24101836-10,A2HT24101836100001,2100900360012,PE涂覆磷化钢丝加强件(黑色),PE-LHGS,HT-13,护套,正常生产,2024-10-21 16:03:03.393,180,0.00,,,7.00,45.00,7.00,6.00,7.20,,0.20,,,早中班,45.00,/,5.50,,,99.00,46.00,,185  212  215  221  231  236  240  241,0.50,,,,,,8.00,5.5,7.0,6.0,7.2,46.0,99.0,45.0,45.0
A2HT24101838-10,D0G10000204001,1110110060005,GYA光缆(黑色),GYA-288G.657A1,HT-01,护套,正常生产,2024-10-27 00:32:44.513,182-205-225-231-241-245-246,0.00,,,16.70,30.00,19.90,17.50,23.50,,0.20,0.00,0.00,中夜班,30.00,/,15.30,,0.00,33.00,77.00,0.00,0,0.50,,0.00,0.00,0.00,,20.80,15.3,19.9,17.5,23.5,77.0,33.0,30.0,30.0
A2HT24101839-10,A2HT24101839100001,2100900360013,PE涂覆磷化钢丝加强件(黑色),PE-LHGS,HT-13,护套,正常生产,2024-10-21 16:47:47.153,180,0.00,,,7.00,45.00,4.90,2.20,5.00,,0.20,,,早中班,45.00,/,2.00,,,99.00,46.00,,185  212  215  221  231  236  240  241,0.50,,,,,,6.00,2.0,4.9,2.2,5.0,46.0,99.0,45.0,45.0
A2HT24101840-10,D0G10000205001,1110402160001,GYDXP光缆(黑色),GYDXP-144G657A1,HT-05,护套,正常生产,2024-10-28 19:15:42.067,180-205-225-235-241-245-245,0.00,,,11.00,20.00,15.30,10.50,16.00,,0.10,,,早中班,20.00,/,9.30,,,36.00,55.00,,0,0.50,,,0.00,0.00,,16.20,9.3,15.3,10.5,16.0,55.0,36.0,20.0,20.0
A2HT24101841-10,D0G10000206001,1110401760002,GYDXW光缆(黑色),GYDXW-144G.657A1,HT-05,护套,正常生产,2024-10-25 04:13:06.447,180-205-225-235-241-245-246,0.00,,,11.30,20.00,15.70,12.00,16.50,,0.10,,,中夜班,35.00,/,9.30,,,89.00,67.00,,0,0.50,,,0.00,0.00,,20.00,9.3,15.7,12.0,16.5,67.0,89.0,35.0,20.0
A2HT24101842-10,D0G10000207001,1110402100001,GYDXP光缆(黑色),GYDXP-288G657A1,HT-05,护套,正常生产,2024-10-24 18:18:16.233,180-205-225-235-241-245-246,0.00,,,0.00,20.00,18.50,13.00,19.50,,0.10,,,早中班,25.00,/,12.50,,,67.00,45.00,,0,0.50,,,0.00,0.00,,19.50,12.5,18.5,13.0,19.5,45.0,67.0,25.0,20.0
A2HT24101843-10,D0G10000208001,1110401760001,GYDXW光缆(黑色),GYDXW-288G.657A1,HT-05,护套,正常生产,2024-10-25 00:08:56.400,180-205-225-235-241-245-246,0.00,,,14.50,20.00,18.90,15.00,20.00,,0.10,,,中夜班,30.00,/,12.50,,,89.00,46.00,,0,0.50,,,0.00,0.00,,20.00,12.5,18.9,15.0,20.0,46.0,89.0,30.0,20.0
A2HT24101844-10,D0G10000641001,1110101760032,GYFTZY光缆(黑色),GYFTZY-48G.652D,HT-12,护套,正常生产,2024-10-24 10:52:30.433,130 135 140 145 150 155 160 165,0.00,0.00,0.00,8.00,30.00,8.90,7.50,10.50,0.00,0.20,0.00,0.00,中夜班,30.00,,5.50,0.00,0.00,86.00,18.00,0.00,130 135 140 145 150 155 160 165,0.50,0.00,0.00,0.00,0.00,0,10.00,5.5,8.9,7.5,10.5,18.0,86.0,30.0,30.0
A2HT24101845-10,D0G10000642001,1110101660009,GYFTA53光缆(黑色),GYFTA53-48G.652D,HT-06,护套,正常生产,2024-10-24 04:33:29.160,180-210-220-230-245-246-252,7.50,0.00,0.00,8.90,55.00,0.00,10.50,17.00,,0.10,,,中夜班,55.00,/,5.30,,,79.00,72.00,,/,0.50,0.00,0.00,9.80,0.00,,11.70,5.3,0.0,10.5,17.0,72.0,79.0,55.0,55.0
A2HT24101846-10,A2HT24101846100001,2120101660008,GYFTA53内护1(黑色),HT1-48G.652D,HT-06,护套,正常生产,2024-10-24 02:20:53.937,180-210-220-230-245-246-252,7.50,0.00,0.00,6.40,45.00,0.00,7.00,11.00,,0.10,,,中夜班,45.00,/,5.30,,,58.00,25.00,,/,0.50,0.00,0.00,0.00,7.20,,8.50,5.3,0.0,7.0,11.0,25.0,58.0,45.0,45.0
A2HT2410187-10,D9G10000611001,1110100200784,GYTS光缆(黑色),GYTS-24G.652D,HT-06,护套,正常生产,2024-10-24 01:46:02.660,180-210-220-230-245-246-252,0.00,0.00,0.00,5.90,100.00,9.50,6.60,14.00,,0.10,,,中夜班,100.00,/,4.95,,,74.00,65.00,,/,0.50,0.00,0.00,0.00,0.00,,10.50,4.95,9.5,6.6,14.0,65.0,74.0,100.0,100.0
A2HT2410189-10,D9G10000451001,1110107160007,GYFZY光缆(黑色),GYFZY-48G.652D,HT-04,护套,正常生产,2024-10-26 23:30:36.027,130-145-155-160-165-165-171,,,,11.00,30.00,13.00,10.50,13.05,,0.20,,,中夜班,30.00,/,8.10,,,71.00,36.00,0.00,0,0.50,,,0.00,0.00,,13.80,8.1,13.0,10.5,13.05,36.0,71.0,30.0,30.0
A2HT2410205-10,D0G10000162035,1110700560004,GYFTC8Y光缆(黑色),GYFTC8Y-24G.652D,HT-06,护套,正常生产,2024-10-22 07:47:32.610,180-210-220-230-245-250-251,0.00,0.00,0.00,9.00,40.00,10.00,7.60,13.50,,0.10,,,早中班,40.00,0000005.,7.00,,,73.00,45.00,,/,0.50,0.00,0.00,0.00,0.00,纤长短按工艺要求负偏差生产,0.00,7.0,10.0,7.6,13.5,45.0,73.0,40.0,40.0
A2HT2410211-10,D6G10000711014,1110100600188,GYTZA光缆(黑色护套-白色色条红色色条),GYTZA-24G.657A1,HT-04,护套,正常生产,2024-10-30 06:32:45.797,130-145-155-160-165-165-171,,,,6.70,30.00,10.50,8.50,12.00,,0.10,,,中夜班,30.00,24FT0048,5.50,,,71.00,36.00,0.00,0,0.50,,,0.00,0.00,,11.50,5.5,10.5,8.5,12.0,36.0,71.0,30.0,30.0
A2HT24102111-10,D2G10001331001,1110300300010,GYDTZA光缆(黑色),GYDTZA-288G.652D,HT-12,护套,正常生产,2024-10-29 07:34:05.433,130 135 140 145 150 155 160 165,0.00,0.00,0.00,14.10,15.00,17.70,15.00,18.00,0.00,0.20,0.00,0.00,中夜班,15.00,/,12.90,0.00,0.00,93.00,36.00,0.00,130 135 140 145 150 155 160 165,0.50,0.00,0.00,0.00,0.00,0,18.50,12.9,17.7,15.0,18.0,36.0,93.0,15.0,15.0
A2HT24102112-10,D2G10001341005,1110400160001,GYDXTW光缆(黑色),GYDXTW-72G.652D,HT-05,护套,正常生产,2024-10-26 22:13:44.623,180-205-225-235-241-245-246,0.00,,,7.90,50.00,12.50,8.00,13.20,,0.10,,,早中班,50.00,DG24A26HE0012,6.00,,,69.50,74.00,,0,0.50,,,8.20,0.00,,13.50,6.0,12.5,8.0,13.2,74.0,69.5,50.0,50.0
A2HT24102113-10,D2G10001322001,1110400160013,GYDXTW光缆(黑色),GYDXTW-120G.652D,HT-05,护套,正常生产,2024-10-25 14:55:38.030,180-205-225-235-241-245-246,0.00,,,9.80,40.00,13.90,10.00,13.70,,0.10,,,早中班,40.00,/,7.80,,,78.90,61.30,,0,0.50,,,10.20,0.00,,15.00,7.8,13.9,10.0,13.7,61.3,78.9,40.0,40.0
A2HT24102114-10,D2G10001342010,1110400160004,GYDXTW光缆(黑色),GYDXTW-48G.652D,HT-05,护套,正常生产,2024-10-27 09:57:13.450,180-205-225-235-241-245-246,0.00,,,7.90,55.00,12.00,7.50,13.00,,0.10,,,早中班,55.00,DG24A27HE0001,5.50,,,66.30,62.00,,0,0.50,,,8.20,0.00,,13.00,5.5,12.0,7.5,13.0,62.0,66.3,55.0,55.0
A2HT24102115-10,D2G10001321001,1110400260004,GYDXTZW光缆(黑色),GYDXTZW-144G.652D,HT-12,护套,正常生产,2024-10-29 09:06:19.410,130 135 140 145 150 155 160 165,0.00,0.00,0.00,15.00,20.00,16.10,14.00,16.50,0.00,0.20,0.00,0.00,早中班,20.00,,13.10,0.00,0.00,88.00,37.00,0.00,130 135 140 145 150 155 160 165,0.50,0.00,0.00,0.00,0.00,0,18.50,13.1,16.1,14.0,16.5,37.0,88.0,20.0,20.0
A2HT24102116-10,A2HT24102116100001,2120400260004,GYDXTZW内护1(黑色),HT1-144G.652D,HT-05,护套,正常生产,2024-10-25 13:31:26.803,180-205-225-235-241-245-246,13.00,,,9.80,40.00,0.00,10.00,13.70,,0.10,,,中夜班,40.00,,7.80,,,70.10,52.30,,0,0.50,,,10.20,0.00,,14.00,7.8,0.0,10.0,13.7,52.3,70.1,40.0,40.0
A2HT24102117-10,D9G07001331003,1110100200776,GYTS光缆(黑色),GYTS-4G.651-62.5/125,HT-11,护套,正常生产,2024-10-29 14:42:18.080,181-202-221-232-236-241-244-246,0.00,0.00,0.00,5.60,100.00,8.40,6.60,12.50,0.00,0.10,0.00,0.00,中夜班,100.00,/,4.60,0.00,0.00,110.00,52.00,0.00,0,0.50,0.00,0.00,0.00,20.00,/,12.00,4.6,8.4,6.6,12.5,52.0,110.0,100.0,100.0
A2HT24102118-10,D0G10000421001,1110102060010,GYFTZY53光缆(黑色),GYFTZY53-12G.652D,HT-12,护套,正常生产,2024-10-29 11:56:33.340,130 135 140 145 150 155 160 165,0.00,0.00,0.00,9.90,35.00,13.50,10.50,14.00,0.00,0.20,0.00,0.00,早中班,35.00,/,8.60,0.00,0.00,89.00,44.00,0.00,130 135 140 145 150 155 160 165,0.50,0.00,0.00,0.00,0.00,0,14.20,8.6,13.5,10.5,14.0,44.0,89.0,35.0,35.0
A2HT24102119-10,A2HT24102119100001,2120102060011,GYFTZY53内护1(黑色),HT1-12G.652D,HT-10,护套,正常生产,2024-10-27 04:58:53.547,182- 201- 216- 221- 227- 230-236- 243-249,8.60,0.00,0.00,8.00,40.00,0.00,8.00,12.50,0.00,0.10,,,中夜班,45.00,/,6.60,0.00,,66.00,8.00,0.00,/,0.50,0.00,,0.00,,0,9.50,6.6,0.0,8.0,12.5,8.0,66.0,45.0,40.0
A2HT2410212-10,A2HT2410212100004,2100901100002,PE涂覆不锈钢带加强件(黑色),PE-BXGD,HT-17,护套,正常生产,2024-10-26 04:25:47.893,170-180-185-195-205-215-220,0.00,0.00,0.00,0.00,15.00,1.00,0.30,1.20,0.00,0.00,0.00,0.00,中夜班,15.00,/,0.18,0.00,0.00,35.00,18.00,,0,0.00,0.00,0.00,0.00,0.00,0,10.00,0.18,1.0,0.3,1.2,18.0,35.0,15.0,15.0
A2HT24102122-10,D6G10000881002,1110102700008,GYTY光缆(黑色护套-黄色色条),GYTY-144G.652D,HT-06,护套,正常生产,2024-10-29 20:00:56.653,180-210-220-233-245-248-250,0.00,0.00,0.00,8.00,30.00,13.80,11.50,17.50,,0.20,,,早中班,30.00,/,10.20,,,62.00,75.00,,/,0.50,0.00,0.00,0.00,0.00,,14.80,10.2,13.8,11.5,17.5,75.0,62.0,30.0,30.0
A2HT24102123-10,A2HT24102123100001,2100900300260,PE涂覆磷化钢丝加强件(黑色),PE-LHGS,HT-13,护套,正常生产,2024-10-23 01:58:46.523,180,0.00,0.00,0.00,7.00,35.00,4.90,2.20,5.00,0.00,0.20,0.00,0.00,中夜班,35.00,/,2.00,0.00,0.00,99.00,46.00,0.00,185  212  215  221  231  236  240  241,0.50,0.00,0.00,0.00,0.00,0,6.00,2.0,4.9,2.2,5.0,46.0,99.0,35.0,35.0
A2HT2410213-10,D1G10001121003,1110100100666,GYTA光缆(黑色),GYTA-288G.652D,HT-10,护套,正常生产,2024-10-27 03:06:48.757,182- 201- 216- 221- 227- 230-236- 243-249,0.00,0.00,0.00,14.90,40.00,17.60,15.50,22.00,0.00,0.20,,,中夜班,40.00,DG24A26HK0003,13.50,0.00,,89.00,55.00,0.00,/,0.50,0.00,,16.00,,0,18.50,13.5,17.6,15.5,22.0,55.0,89.0,40.0,40.0
A2HT2410214-10,A2HT2410214100001,2100900300210,PE涂覆磷化钢丝加强件(黑色),PE-LHGS,HT-13,护套,正常生产,2024-10-22 22:02:59.197,180,0.00,0.00,0.00,7.00,45.00,4.90,2.20,5.00,0.00,0.20,0.00,0.00,早中班,45.00,/,2.00,0.00,0.00,99.00,46.00,0.00,185  212  215  221  231  236  240  241,0.50,0.00,0.00,0.00,0.00,0,6.00,2.0,4.9,2.2,5.0,46.0,99.0,45.0,45.0
A2HT2410215-10,D2G10001301019,1110100100678,GYTA光缆(黑色),GYTA-6G.652D,HT-11,护套,正常生产,2024-10-29 07:59:29.370,181-202-221-232-236-241-244-246,0.00,0.00,0.00,5.60,120.00,9.30,6.60,12.50,0.00,0.10,0.00,0.00,中夜班,120.00,DG24A28HS0007,4.60,0.00,0.00,110.00,52.00,0.00,0,0.50,0.00,0.00,0.00,20.00,/,12.00,4.6,9.3,6.6,12.5,52.0,110.0,120.0,120.0
A2HT2410216-10,D2G10001302003,1110100100680,GYTA光缆(黑色),GYTA-12G.652D,HT-02,护套,正常生产,2024-10-27 10:05:44.507,180-215-225-235-240-235-245,0.00,0.00,0.00,5.60,100.00,9.30,86.60,14.00,0.00,0.10,0.00,0.00,中夜班,100.00,DG24A26HB0028,4.60,0.00,0.00,62.00,73.00,0.00,0,0.50,0.00,0.00,,0.00,,10.40,4.6,9.3,86.6,14.0,73.0,62.0,100.0,100.0
A2HT2410217-10,D2G10001303012,1110100100681,GYTA光缆(黑色),GYTA-24G.652D,HT-02,护套,正常生产,2024-10-28 12:27:57.797,180-215-225-235-240-235-245,0.00,0.00,0.00,5.90,100.00,9.50,6.60,14.00,0.00,0.10,0.00,0.00,中夜班,100.00,DG24A27HB0016,4.90,0.00,0.00,68.00,78.00,0.00,0,0.50,0.00,0.00,,0.00,,10.40,4.9,9.5,6.6,14.0,78.0,68.0,100.0,100.0
A2HT2410218-10,D2G10001304005,1110100100617,GYTA光缆(黑色),GYTA-48G.652D,HT-06,护套,正常生产,2024-10-28 10:57:23.180,180-210-220-233-245-248-250,0.00,0.00,0.00,7.80,65.00,11.30,9.00,15.00,,0.10,,,早中班,65.00,DG24A28HF0003,6.70,,,81.00,78.00,,/,0.50,0.00,0.00,0.00,8.50,使用不绣钢带代替,12.30,6.7,11.3,9.0,15.0,78.0,81.0,65.0,65.0
A2HT2410221-10,D0G10000191004,1110112400001,GYJY38光缆(黄色),GYJY38-6G.652D,HT-12,护套,正常生产,2024-10-31 04:27:20.410,130 135 140 145 150 155 160 165,0.00,0.00,0.00,13.00,25.00,13.20,11.00,13.50,0.00,0.20,0.00,0.00,早中班,25.00,/,9.70,0.00,0.00,89.00,45.00,0.00,130 135 140 145 150 155 160 165,0.50,0.00,0.00,0.00,0.00,0,14.00,9.7,13.2,11.0,13.5,45.0,89.0,25.0,25.0
A2HT24102210-10,A2HT24102210100001,2100900300213,PE涂覆磷化钢丝加强件(黑色),PE-LHGS,HT-13,护套,正常生产,2024-10-24 21:32:44.133,180,0.00,0.00,0.00,7.00,45.00,4.80,2.70,4.80,0.00,0.20,0.00,0.00,早中班,45.00,/,2.50,0.00,0.00,99.00,46.00,0.00,185  212  215  221  231  236  240  241,0.50,0.00,0.00,0.00,0.00,0,8.00,2.5,4.8,2.7,4.8,46.0,99.0,45.0,45.0
A2HT24102211-10,D2G10001502001,1110100200720,GYTS光缆(黑色),GYTS-72G.652D,HT-06,护套,正常生产,2024-10-29 21:25:44.523,180-210-220-233-245-248-250,0.00,0.00,0.00,8.50,60.00,12.10,9.00,15.50,,0.20,,,早中班,60.00,DG24A29HF0001,7.50,,,62.00,75.00,,/,0.50,0.00,0.00,0.00,0.00,,13.00,7.5,12.1,9.0,15.5,75.0,62.0,60.0,60.0
A2HT24102212-10,A2HT24102212100001,2100900300307,PE涂覆磷化钢丝加强件(黑色),PE-LHGS,HT-13,护套,正常生产,2024-10-26 07:10:30.030,180,0.00,0.00,0.00,7.00,40.00,2.50,1.80,2.50,0.00,0.20,0.00,0.00,早中班,40.00,/,1.70,0.00,0.00,99.00,46.00,0.00,185  212  215  221  231  236  240  241,0.50,0.00,0.00,0.00,0.00,0,3.10,1.7,2.5,1.8,2.5,46.0,99.0,40.0,40.0
A2HT24102214-10,A2HT24102214100001,2100900300230,PE涂覆磷化钢丝加强件(黑色),PE-LHGS,HT-13,护套,正常生产,2024-10-25 04:11:04.743,180,0.00,0.00,0.00,7.00,30.00,7.30,2.70,7.20,0.00,0.20,0.00,0.00,早中班,30.00,/,2.50,0.00,0.00,99.00,46.00,0.00,185  212  215  221  231  236  240  241,0.50,0.00,0.00,0.00,0.00,0,8.00,2.5,7.3,2.7,7.2,46.0,99.0,30.0,30.0
A2HT24102215-10,D2G10001504007,1110100200784,GYTS光缆(黑色),GYTS-24G.652D,HT-11,护套,正常生产,2024-10-30 11:06:03.250,181-202-221-232-236-241-244-246,0.00,0.00,0.00,5.60,100.00,8.40,6.60,12.50,0.00,0.10,0.00,0.00,中夜班,100.00,DG24A29HS0007,4.60,0.00,0.00,110.00,52.00,0.00,0,0.50,0.00,0.00,0.00,20.00,/,12.00,4.6,8.4,6.6,12.5,52.0,110.0,100.0,100.0
A2HT24102216-10,D0G10001471012,1110100400235,GYTA53光缆(黑色),GYTA53-12G.652D,HT-01,护套,正常生产,2024-10-31 03:43:03.580,182-205-225-231-241-244-241,7.90,0.00,0.00,9.30,55.00,12.10,10.50,17.00,,0.20,0.00,0.00,中夜班,55.00,/,5.40,0.00,0.00,78.00,54.00,0.00,0,0.50,0.00,0.00,9.50,0.00,,13.20,5.4,12.1,10.5,17.0,54.0,78.0,55.0,55.0
A2HT24102217-10,A2HT24102217100011,2120100400206,GYTA53内护1(黑色),HT1-12G.652D,HT-10,护套,正常生产,2024-10-30 01:05:37.180,182- 201- 216- 221- 227- 230-236- 243-249,7.90,0.00,0.00,6.50,45.00,0.00,7.50,12.50,0.00,0.10,,,中夜班,45.00,/,5.40,0.00,,66.00,8.00,0.00,/,0.50,0.00,,0.00,,0,9.50,5.4,0.0,7.5,12.5,8.0,66.0,45.0,45.0
A2HT2410222-10,A2HT2410222100001,2120110900001,GYJY38内护1(黑色),HT1-6G.652D,HT-06,护套,正常生产,2024-10-29 15:45:49.713,180-210-220-233-245-248-250,0.00,0.00,0.00,8.00,30.00,7.70,7.50,12.50,,0.10,,,早中班,30.00,/,6.00,,,62.00,75.00,,/,0.50,0.00,0.00,0.00,0.00,,8.50,6.0,7.7,7.5,12.5,75.0,62.0,30.0,30.0
A2HT2410227-10,D2G09000401017,1110100100653,GYTA光缆(黑色),GYTA-144G.652D,HT-01,护套,正常生产,2024-10-29 13:07:29.707,182-205-225-231-241-245-246,0.00,0.00,0.00,13.60,50.00,17.10,14.50,21.00,,0.20,0.00,0.00,早中班,50.00,DG24A29HA0005,12.30,0.00,0.00,89.00,68.00,0.00,0,0.50,0.00,0.00,0.00,0.00,,18.30,12.3,17.1,14.5,21.0,68.0,89.0,50.0,50.0
A2HT2410228-10,A2HT2410228100001,2100900300230,PE涂覆磷化钢丝加强件(黑色),PE-LHGS,HT-13,护套,正常生产,2024-10-25 22:08:48.280,180,0.00,0.00,0.00,7.00,30.00,7.30,2.50,7.20,0.00,0.20,0.00,0.00,中夜班,30.00,/,2.50,0.00,0.00,99.00,46.00,0.00,185  212  215  221  231  236  240  241,0.50,0.00,0.00,0.00,0.00,0,8.00,2.5,7.3,2.5,7.2,46.0,99.0,30.0,30.0
A2HT2410229-10,D2G10001501001,1110100200723,GYTS光缆(黑色),GYTS-288G.652D,HT-05,护套,正常生产,2024-10-29 01:53:11.583,180-205-225-235-241-245-245,0.00,,,16.10,30.00,19.60,17.00,23.50,,0.20,,,中夜班,30.00,DG24A28HE0001,14.80,,,68.30,79.40,,0,0.50,,,16.80,0.00,,20.50,14.8,19.6,17.0,23.5,79.4,68.3,30.0,30.0
A2HT24102310-10,A2HT24102310100002,2100900300230,PE涂覆磷化钢丝加强件(黑色),PE-LHGS,HT-13,护套,正常生产,2024-10-25 20:43:51.543,180,0.00,0.00,0.00,7.00,30.00,7.30,2.50,7.20,0.00,0.20,0.00,0.00,早中班,30.00,/,2.50,0.00,0.00,99.00,46.00,0.00,185  212  215  221  231  236  240  241,0.50,0.00,0.00,0.00,0.00,0,8.00,2.5,7.3,2.5,7.2,46.0,99.0,30.0,30.0
A2HT24102311-10,D9G10000241001,1110101760021,GYFTZY光缆(黑色),GYFTZY-72G.652D,HT-04,护套,正常生产,2024-10-27 03:35:35.140,130-145-155-160-165-165-171,,,,11.00,30.00,13.00,10.50,13.05,,0.20,,,中夜班,30.00,/,8.10,,,71.00,36.00,0.00,0,0.50,,,0.00,0.00,,13.80,8.1,13.0,10.5,13.05,36.0,71.0,30.0,30.0
A2HT24102312-10,D2G10001573002,1110300100052,GYDTA光缆(黑色),GYDTA-288G.652D,HT-05,护套,正常生产,2024-10-29 07:03:00.727,180-205-225-235-241-245-245,0.00,,,14.10,40.00,17.70,15.00,22.00,,0.20,,,中夜班,40.00,DG24A28HE0007,12.90,,,68.30,79.40,,0,0.50,,,0.00,14.50,,18.70,12.9,17.7,15.0,22.0,79.4,68.3,40.0,40.0
A2HT24102313-10,D1G10001612014,1110100260003,GYTS光缆(黑色),GYTS-12G.652D,HT-03,护套,正常生产,2024-10-30 19:43:49.030,182-206-227-244-246-245-246,0.00,0.00,0.00,5.60,100.00,8.80,6.60,13.00,0.00,0.10,0.00,0.00,中夜班,100.00,DG24A29HC0014,48.78,0.00,0.00,77.00,96.00,0.00,0,0.50,0.00,0.00,0.00,0.00,,9.60,48.78,8.8,6.6,13.0,96.0,77.0,100.0,100.0
A2HT24102314-10,D2G10001551002,1110100100603,GYTA光缆(黑色),GYTA-72G.652D,HT-06,护套,正常生产,2024-10-30 02:21:31.267,180-210-220-233-245-248-250,0.00,0.00,0.00,8.50,60.00,12.10,9.00,15.50,,0.20,,,早中班,60.00,DG24A29HF0003,7.50,,,62.00,75.00,,/,0.50,0.00,0.00,0.00,0.00,,13.00,7.5,12.1,9.0,15.5,75.0,62.0,60.0,60.0
A2HT24102315-10,A2HT24102315100001,2100900300307,PE涂覆磷化钢丝加强件(黑色),PE-LHGS,HT-13,护套,正常生产,2024-10-26 11:49:16.600,180,0.00,0.00,0.00,7.00,40.00,2.50,1.80,2.50,0.00,0.20,0.00,0.00,早中班,40.00,/,1.70,0.00,0.00,99.00,46.00,0.00,185  212  215  221  231  236  240  241,0.50,0.00,0.00,0.00,0.00,0,3.10,1.7,2.5,1.8,2.5,46.0,99.0,40.0,40.0
A2HT24102316-10,D0Z24100011009,1110100100681,GYTA光缆(黑色),GYTA-24G.652D,HT-02,护套,正常生产,2024-10-28 18:27:09.377,180-215-225-235-240-233-245,0.00,0.00,0.00,5.90,80.00,9.50,6.60,14.00,0.00,0.10,0.00,0.00,早中班,80.00,/,4.90,0.00,0.00,68.00,78.00,0.00,0,0.50,0.00,0.00,,0.00,,10.40,4.9,9.5,6.6,14.0,78.0,68.0,80.0,80.0
A2HT24102317-10,D0Z24100012009,1110100100617,GYTA光缆(黑色),GYTA-48G.652D,HT-06,护套,正常生产,2024-10-28 23:32:57.767,180-210-220-233-245-248-250,0.00,0.00,0.00,7.80,65.00,11.30,9.00,15.50,,0.10,,,早中班,65.00,/,6.70,,,81.00,75.00,,/,0.50,0.00,0.00,0.00,8.50,,14.30,6.7,11.3,9.0,15.5,75.0,81.0,65.0,65.0
A2HT24102318-10,D2G10001621001,1110300100048,GYDTA光缆(黑色),GYDTA-48G.652D,HT-10,护套,正常生产,2024-10-30 09:44:15.443,182- 201- 216- 221- 227- 230-236- 243-249,0.00,0.00,0.00,13.10,50.00,16.40,13.50,20.50,0.00,0.20,,,中夜班,50.00,DG24A30HK0001,11.90,0.00,,66.00,8.00,0.00,/,0.50,0.00,,0.00,,0,18.00,11.9,16.4,13.5,20.5,8.0,66.0,50.0,50.0
A2HT24102319-10,D2G10001622001,1110300100052,GYDTA光缆(黑色),GYDTA-288G.652D,HT-05,护套,正常生产,2024-10-29 05:03:02.237,180-205-225-235-241-245-245,0.00,,,14.10,40.00,17.70,15.00,22.00,,0.20,,,中夜班,40.00,DG24A28HE0005,12.90,,,68.30,79.40,,0,0.50,,,0.00,14.50,,18.70,12.9,17.7,15.0,22.0,79.4,68.3,40.0,40.0
A2HT24102320-10,D2G10001623001,1110300100051,GYDTA光缆(黑色),GYDTA-144G.652D,HT-10,护套,正常生产,2024-10-30 10:21:12.520,182- 201- 216- 221- 227- 230-236- 243-249,0.00,0.00,0.00,13.10,50.00,16.40,13.50,20.50,0.00,0.20,,,中夜班,50.00,DG24A30HK0003,11.90,0.00,,66.00,8.00,0.00,/,0.50,0.00,,0.00,,0,18.00,11.9,16.4,13.5,20.5,8.0,66.0,50.0,50.0
A2HT24102321-10,D2G10001624001,1110300100050,GYDTA光缆(黑色),GYDTA-96G.652D,HT-10,护套,正常生产,2024-10-30 11:27:36.480,182- 201- 216- 221- 227- 230-236- 243-249,0.00,0.00,0.00,13.10,50.00,16.40,13.50,20.50,0.00,0.20,,,中夜班,50.00,DG24A30HK0004,11.90,0.00,,66.00,8.00,0.00,/,0.50,0.00,,0.00,,0,18.00,11.9,16.4,13.5,20.5,8.0,66.0,50.0,50.0
A2HT24102322-10,D2G10001541002,1110300100052,GYDTA光缆(黑色),GYDTA-288G.652D,HT-05,护套,正常生产,2024-10-29 04:19:51.747,180-205-225-235-241-245-245,0.00,,,14.10,40.00,17.70,15.00,22.00,,0.20,,,中夜班,40.00,DG24A28HE0003,12.90,,,68.30,79.40,,0,0.50,,,0.00,14.50,,18.70,12.9,17.7,15.0,22.0,79.4,68.3,40.0,40.0
A2HT2410236-10,A2HT2410236100001,2120100360002,GYTY53内护1(黑色),HT1-36G.652D,HT-02,护套,正常生产,2024-10-29 16:42:35.840,180-215-225-235-240-233-245,7.10,0.00,0.00,7.40,45.00,11.30,6.50,11.00,0.00,0.10,0.00,0.00,早中班,45.00,/,5.40,0.00,0.00,68.00,78.00,0.00,0,0.50,0.00,0.00,,0.00,,8.00,5.4,11.3,6.5,11.0,78.0,68.0,45.0,45.0
A2HT2410238-10,A2HT2410238100001,2120100360002,GYTY53内护1(黑色),HT1-36G.652D,HT-02,护套,正常生产,2024-10-29 18:11:27.407,180-215-225-235-240-233-245,7.10,0.00,0.00,7.40,45.00,11.30,6.50,11.00,0.00,0.10,0.00,0.00,早中班,45.00,/,5.40,0.00,0.00,68.00,78.00,0.00,0,0.50,0.00,0.00,,0.00,,8.00,5.4,11.3,6.5,11.0,78.0,68.0,45.0,45.0
A2HT2410239-10,D2G09000401024,1110100100653,GYTA光缆(黑色),GYTA-144G.652D,HT-01,护套,正常生产,2024-10-30 12:02:05.717,182-205-225-231-241-244-241,0.00,0.00,0.00,13.60,50.00,17.10,14.50,21.00,,0.20,0.00,0.00,早中班,50.00,DG24A30HA0003,12.30,0.00,0.00,89.00,68.00,0.00,0,0.50,0.00,0.00,0.00,0.00,,18.30,12.3,17.1,14.5,21.0,68.0,89.0,50.0,50.0
A2HT24102410-10,D0G10000911001,1110102260004,GYTA33光缆(黑色),GYTA33-24G.652D,HT-06,护套,正常生产,2024-10-29 06:25:25.217,180-210-220-233-245-248-250,0.00,0.00,0.00,11.00,25.00,14.00,11.50,18.00,,0.10,,,早中班,25.00,/,10.20,,,81.00,75.00,,/,0.50,0.00,0.00,0.00,0.00,,15.00,10.2,14.0,11.5,18.0,75.0,81.0,25.0,25.0
A2HT24102411-10,A2HT24102411100001,2120102260004,GYTA33内护1(黑色),HT1-24G.652D,HT-06,护套,正常生产,2024-10-26 04:08:23.310,180-210-220-233-245-248-250,8.60,0.00,0.00,7.10,45.00,0.00,7.50,12.00,,0.10,,,中夜班,45.00,/,6.00,,,66.00,27.00,,/,0.50,0.00,0.00,0.00,7.60,使用不绣钢带代替,9.60,6.0,0.0,7.5,12.0,27.0,66.0,45.0,45.0
A2HT24102413-10,D0G10000801002,1110100300057,GYTY53光缆(黑色),GYTY53-8G.652D,HT-05,护套,正常生产,2024-10-28 22:53:43.133,180-205-225-235-241-245-245,7.40,,,8.70,55.00,12.00,9.50,16.00,,0.10,,,中夜班,55.00,/,5.60,,,77.20,62.60,,0,0.50,,,9.00,0.00,,13.00,5.6,12.0,9.5,16.0,62.6,77.2,55.0,55.0
A2HT24102414-10,A2HT24102414100001,2120100300050,GYTY53内护1(黑色),HT1-8G.652D,HT-05,护套,正常生产,2024-10-27 11:58:47.820,180-205-225-235-241-245-246,7.40,,,7.50,45.00,0.00,7.50,12.50,,0.10,,,早中班,45.00,/,5.60,,,37.40,14.00,,0,0.50,,,0.00,0.00,,8.50,5.6,0.0,7.5,12.5,14.0,37.4,45.0,45.0
A2HT24102418-10,D0G10001661001,1110100400235,GYTA53光缆(黑色),GYTA53-12G.652D,HT-01,护套,正常生产,2024-10-31 06:45:52.690,182-205-225-231-241-244-241,7.90,0.00,0.00,9.30,55.00,12.10,10.50,17.00,,0.20,0.00,0.00,中夜班,55.00,/,5.40,0.00,0.00,78.00,54.00,0.00,0,0.50,0.00,0.00,9.50,0.00,,13.20,5.4,12.1,10.5,17.0,54.0,78.0,55.0,55.0
A2HT24102419-10,A2HT24102419100001,2120100400206,GYTA53内护1(黑色),HT1-12G.652D,HT-10,护套,正常生产,2024-10-30 02:29:15.757,182- 201- 216- 221- 227- 230-236- 243-249,7.90,0.00,0.00,6.50,45.00,0.00,7.50,12.50,0.00,0.10,,,中夜班,45.00,/,5.40,0.00,,66.00,8.00,0.00,/,0.50,0.00,,0.00,,0,9.50,5.4,0.0,7.5,12.5,8.0,66.0,45.0,45.0
A2HT24102422-10,D9G10000841001,1110101600051,GYFTA53光缆(黑色),GYFTA53-24G.652D,HT-06,护套,正常生产,2024-10-28 16:34:35.787,180-210-220-233-245-248-250,9.10,0.00,0.00,10.50,55.00,12.50,9.00,11.50,,0.10,,,早中班,55.00,/,6.60,,,78.00,68.00,,/,0.50,0.00,0.00,11.20,0.00,,17.50,6.6,12.5,9.0,11.5,68.0,78.0,55.0,55.0
A2HT24102423-10,A2HT24102423100002,2120101600049,GYFTA53内护1(黑色),HT1-24G.652D,HT-05,护套,正常生产,2024-10-27 17:13:24.307,180-205-225-235-241-245-246,9.10,,,7.60,45.00,0.00,8.50,14.00,,0.10,,,早中班,45.00,/,6.60,,,47.20,21.70,,0,0.50,,,8.00,0.00,,10.00,6.6,0.0,8.5,14.0,21.7,47.2,45.0,45.0
A2HT24102424-10,D0G10001671001,1110100100641,GYTA光缆(黑色),GYTA-24G.652D,HT-11,护套,正常生产,2024-10-30 13:13:54.277,181-202-221-232-236-241-244-246,0.00,0.00,0.00,5.90,100.00,9.50,6.60,12.50,0.00,0.10,0.00,0.00,中夜班,120.00,/,4.90,0.00,0.00,110.00,52.00,0.00,0,0.50,0.00,0.00,0.00,20.00,/,12.00,4.9,9.5,6.6,12.5,52.0,110.0,120.0,100.0
A2HT24102425-10,D0G10001672001,1110100100643,GYTA光缆(黑色),GYTA-48G.652D,HT-11,护套,正常生产,2024-10-30 14:13:40.060,181-202-221-232-236-241-244-246,0.00,0.00,0.00,5.90,100.00,9.00,6.60,12.50,0.00,0.10,0.00,0.00,中夜班,100.00,/,4.90,0.00,0.00,110.00,52.00,0.00,0,0.50,0.00,0.00,0.00,20.00,/,12.00,4.9,9.0,6.6,12.5,52.0,110.0,100.0,100.0
A2HT24102426-10,D0G10001673001,1110100100645,GYTA光缆(黑色),GYTA-96G.652D,HT-06,护套,正常生产,2024-10-30 20:30:51.950,180-210-220-233-245-248-250,0.00,0.00,0.00,7.90,55.00,10.80,8.50,15.50,,0.10,,,早中班,55.00,/,6.90,,,71.00,62.00,,/,0.50,0.00,0.00,10.50,0.00,,12.00,6.9,10.8,8.5,15.5,62.0,71.0,55.0,55.0
A2HT24102427-10,A2HT24102427100001,2100900300323,PE涂覆磷化钢丝加强件(黑色),PE-LHGS,HT-13,护套,正常生产,2024-10-26 15:40:27.630,180,0.00,0.00,0.00,7.00,45.00,3.10,1.80,3.10,0.00,0.20,0.00,0.00,早中班,45.00,/,1.70,0.00,0.00,99.00,46.00,0.00,185  212  215  221  231  236  240  241,0.50,0.00,0.00,0.00,0.00,0,3.80,1.7,3.1,1.8,3.1,46.0,99.0,45.0,45.0
A2HT24102429-10,D0G10000845003,1110100100562,GYTA光缆(黑色),GYTA-48G.652D,HT-02,护套,正常生产,2024-10-30 18:17:18.800,180-215-225-235-240-233-245,0.00,0.00,0.00,6.00,65.00,8.55,6.60,14.00,0.00,0.20,0.00,0.00,早中班,65.00,/,4.95,0.00,0.00,61.70,53.10,0.00,0,0.50,0.00,0.00,0.00,0.00,/,9.50,4.95,8.55,6.6,14.0,53.1,61.7,65.0,65.0
A2HT24102431-10,D0G10000847001,1110100100571,GYTA光缆(黑色),GYTA-96G.652D,HT-06,护套,正常生产,2024-10-30 22:07:46.660,180-210-220-233-245-248-250,0.00,0.00,0.00,7.90,55.00,10.80,8.50,15.50,,0.10,,,早中班,55.00,/,6.90,,,71.00,62.00,,/,0.50,0.00,0.00,10.50,0.00,,12.00,6.9,10.8,8.5,15.5,62.0,71.0,55.0,55.0
A2HT24102432-10,A2HT24102432100001,2100900300340,PE涂覆磷化钢丝加强件(黑色),PE-LHGS,HT-13,护套,正常生产,2024-10-26 13:27:06.403,180,0.00,0.00,0.00,7.00,45.00,2.50,1.80,2.50,0.00,0.20,0.00,0.00,早中班,45.00,/,1.70,0.00,0.00,99.00,46.00,0.00,185  212  215  221  231  236  240  241,0.50,0.00,0.00,0.00,0.00,0,3.10,1.7,2.5,1.8,2.5,46.0,99.0,45.0,45.0
A2HT2410247-10,D0G10000131003,1110200360008,GYXTY光缆(黑色),GYXTY-2G.651A1b,HT-06,护套,正常生产,2024-10-29 04:28:28.330,180-210-220-233-245-248-250,0.00,0.00,0.00,6.00,50.00,8.90,6.00,12.50,,0.10,,,早中班,50.00,/,5.00,,,81.00,75.00,,/,0.50,0.00,0.00,0.00,0.00,,10.00,5.0,8.9,6.0,12.5,75.0,81.0,50.0,50.0
A2HT2410248-10,D2G10000871102,1110100200784,GYTS光缆(黑色),GYTS-24G.652D,HT-02,护套,正常生产,2024-10-25 13:05:43.557,180-215-225-235-240-235-245,0.00,0.00,0.00,5.90,80.00,9.50,6.60,13.50,0.00,0.10,0.00,0.00,早中班,80.00,/,.95,0.00,0.00,62.00,73.00,0.00,0,0.50,0.00,0.00,,0.00,,10.50,0.95,9.5,6.6,13.5,73.0,62.0,80.0,80.0
A2HT2410249-10,A2HT2410249100001,2100900300230,PE涂覆磷化钢丝加强件(黑色),PE-LHGS,HT-13,护套,正常生产,2024-10-25 08:48:42.093,180,0.00,0.00,0.00,7.00,30.00,7.30,2.70,7.20,0.00,0.20,0.00,0.00,早中班,30.00,/,2.50,0.00,0.00,99.00,46.00,0.00,185  212  215  221  231  236  240  241,0.50,0.00,0.00,0.00,0.00,0,8.00,2.5,7.3,2.7,7.2,46.0,99.0,30.0,30.0
A2HT24102511-10,D2G10001531007,1110200500028,GYXTS光缆(黑色),GYXTS-48G.652D,HT-02,护套,正常生产,2024-10-29 14:25:36.120,180-215-225-235-240-233-245,0.00,0.00,0.00,6.80,60.00,10.50,7.50,14.50,0.00,0.10,0.00,0.00,早中班,60.00,DG24A29HB0007,5.70,0.00,0.00,68.00,78.00,0.00,0,0.50,0.00,0.00,,0.00,,11.50,5.7,10.5,7.5,14.5,78.0,68.0,60.0,60.0
A2HT24102516-10,D1G10001714004,1110100200735,GYTS光缆(黑色),GYTS-96G.652D,HT-06,护套,正常生产,2024-10-31 03:42:54.047,180-210-220-233-245-248-250,0.00,0.00,0.00,10.50,55.00,13.50,11.50,18.00,,0.20,,,早中班,55.00,DG24A30HF0007,9.20,,,71.00,62.00,,/,0.50,0.00,0.00,15.70,0.00,,14.50,9.2,13.5,11.5,18.0,62.0,71.0,55.0,55.0
A2HT24102517-10,A2HT24102517100002,2100900300319,PE涂覆磷化钢丝加强件(黑色),PE-LHGS,HT-13,护套,正常生产,2024-10-27 17:32:59.693,180,0.00,0.00,0.00,7.00,45.00,4.10,2.20,4.00,0.00,0.20,0.00,0.00,早中班,45.00,/,2.00,0.00,0.00,99.00,46.00,0.00,185  212  215  221  231  236  240  241,0.50,0.00,0.00,0.00,0.00,0,4.70,2.0,4.1,2.2,4.0,46.0,99.0,45.0,45.0
A2HT24102519-10,A2HT24102519100004,2100900300230,PE涂覆磷化钢丝加强件(黑色),PE-LHGS,HT-13,护套,正常生产,2024-10-29 13:43:58.530,180,0.00,0.00,0.00,7.00,30.00,7.30,2.70,7.20,0.00,0.20,0.00,0.00,早中班,30.00,/,2.50,0.00,0.00,99.00,46.00,0.00,185  212  215  221  231  236  240  241,0.50,0.00,0.00,0.00,0.00,0,7.60,2.5,7.3,2.7,7.2,46.0,99.0,30.0,30.0
A2HT24102523-10,D1G10001704003,1110100200735,GYTS光缆(黑色),GYTS-96G.652D,HT-06,护套,正常生产,2024-10-31 00:25:16.773,180-210-220-233-245-248-250,0.00,0.00,0.00,10.50,55.00,13.50,11.50,18.00,,0.20,,,早中班,55.00,DG24A30HF0002,9.20,,,71.00,62.00,,/,0.50,0.00,0.00,15.70,0.00,,14.50,9.2,13.5,11.5,18.0,62.0,71.0,55.0,55.0
A2HT24102524-10,A2HT24102524100001,2100900300319,PE涂覆磷化钢丝加强件(黑色),PE-LHGS,HT-13,护套,正常生产,2024-10-26 23:49:31.127,180,0.00,0.00,0.00,7.00,45.00,4.10,2.20,4.00,0.00,0.20,0.00,0.00,早中班,45.00,/,2.00,0.00,0.00,99.00,46.00,0.00,185  212  215  221  231  236  240  241,0.50,0.00,0.00,0.00,0.00,0,4.70,2.0,4.1,2.2,4.0,46.0,99.0,45.0,45.0
A2HT24102526-10,A2HT24102526100001,2100900300230,PE涂覆磷化钢丝加强件(黑色),PE-LHGS,HT-13,护套,正常生产,2024-10-28 10:29:03.627,180,0.00,0.00,0.00,7.00,30.00,7.30,2.70,7.20,0.00,0.20,0.00,0.00,早中班,30.00,/,2.50,0.00,0.00,99.00,46.00,0.00,185  212  215  221  231  236  240  241,0.50,0.00,0.00,0.00,0.00,0,7.60,2.5,7.3,2.7,7.2,46.0,99.0,30.0,30.0
A2HT24102542-10,D9G10001011004,1110300100213,GYDTA光缆(黑色),GYDTA-576G.652D,HT-10,护套,正常生产,2024-10-30 16:09:45.697,182- 201- 216- 221- 227- 230-236- 243-249,0.00,0.00,0.00,19.50,25.00,22.70,20.50,26.50,0.00,0.20,,,中夜班,25.00,/,18.30,0.00,,66.00,8.00,0.00,/,0.50,0.00,,0.00,,0,23.50,18.3,22.7,20.5,26.5,8.0,66.0,25.0,25.0
A2HT24102543-10,A2HT24102543100001,2100900300222,PE涂覆磷化钢丝加强件(黑色),PE-LHGS,HT-13,护套,正常生产,2024-10-26 16:22:32.457,180,0.00,0.00,0.00,7.00,35.00,6.10,2.70,6.00,0.00,0.20,0.00,0.00,早中班,35.00,/,2.50,0.00,0.00,99.00,46.00,0.00,185  212  215  221  231  236  240  241,0.50,0.00,0.00,0.00,0.00,0,7.00,2.5,6.1,2.7,6.0,46.0,99.0,35.0,35.0
A2HT24102544-10,D1G10001722009,1110300200026,GYDTS光缆(黑色),GYDTS-288G.652D,HT-10,护套,正常生产,2024-10-31 04:32:55.270,182- 201- 216- 221- 227- 230-236- 243-249,0.00,0.00,0.00,13.80,40.00,17.20,15.00,22.00,0.00,0.20,,,中夜班,40.00,DG24A30HK0013,12.60,0.00,,66.00,50.00,0.00,/,0.50,0.00,,0.00,,0,18.50,12.6,17.2,15.0,22.0,50.0,66.0,40.0,40.0
A2HT24102546-10,D1G10001612061,1110100260003,GYTS光缆(黑色),GYTS-12G.652D,HT-03,护套,正常生产,2024-10-31 06:39:03.463,182-206-227-244-246-245-246,0.00,0.00,0.00,5.60,100.00,8.80,6.60,13.00,0.00,0.10,0.00,0.00,中夜班,100.00,DG24A30HC0028,4.60,0.00,0.00,77.00,96.00,0.00,0,0.50,0.00,0.00,0.00,0.00,,9.60,4.6,8.8,6.6,13.0,96.0,77.0,100.0,100.0
A2HT24102551-10,D0G10001681001,1110100100641,GYTA光缆(黑色),GYTA-24G.652D,HT-11,护套,正常生产,2024-10-30 12:34:43.270,181-202-221-232-236-241-244-246,0.00,0.00,0.00,5.90,100.00,9.50,6.60,12.50,0.00,0.10,0.00,0.00,中夜班,120.00,/,4.90,0.00,0.00,110.00,52.00,0.00,0,0.50,0.00,0.00,0.00,20.00,/,12.00,4.9,9.5,6.6,12.5,52.0,110.0,120.0,100.0
A2HT24102552-10,D0G06001401001,1110100200759,GYTS光缆(黑色),GYTS-4G.652D,HT-06,护套,正常生产,2024-10-30 07:07:17.507,180-210-220-233-245-248-250,0.00,0.00,0.00,5.50,80.00,8.40,6.00,12.50,,0.10,,,早中班,80.00,/,4.50,,,62.00,75.00,,/,0.50,0.00,0.00,0.00,0.00,,9.50,4.5,8.4,6.0,12.5,75.0,62.0,80.0,80.0
A2HT24102554-10,D0G10000921001,1110300200095,GYDTS光缆(黑色),GYDTS-96G.652D,HT-10,护套,正常生产,2024-10-30 03:45:51.230,182- 201- 216- 221- 227- 230-236- 243-249,0.00,0.00,0.00,13.10,45.00,16.40,13.50,20.00,0.00,0.10,,,中夜班,45.00,/,11.90,0.00,,66.00,8.00,0.00,/,0.50,0.00,,0.00,,0,18.00,11.9,16.4,13.5,20.0,8.0,66.0,45.0,45.0
A2HT24102555-10,D0G10001101004,1110102260005,GYTA33光缆(黑色),GYTA33-36G.652D,HT-02,护套,正常生产,2024-10-30 09:28:03.370,180-215-225-235-240-233-245,7.70,0.00,0.00,10.50,35.00,14.30,10.50,18.00,0.00,0.20,0.00,0.00,中夜班,35.00,/,5.15,0.00,0.00,61.70,53.10,0.00,0,0.50,0.00,0.00,,0.00,,15.30,5.15,14.3,10.5,18.0,53.1,61.7,35.0,35.0
A2HT24102556-10,A2HT24102556100001,2120102260005,GYTA33内护1(黑色),HT1-36G.652D,HT-01,护套,正常生产,2024-10-28 09:28:30.197,182-205-225-231-241-245-246,0.00,0.00,0.00,6.20,45.00,7.70,7.50,12.50,,0.10,0.00,0.00,早中班,45.00,/,5.20,0.00,0.00,33.00,55.00,0.00,0,0.50,0.00,0.00,0.00,0.00,,8.80,5.2,7.7,7.5,12.5,55.0,33.0,45.0,45.0
A2HT24102559-10,D0G10001061001,1110101560004,GYFTY53光缆(黑色),GYFTY53-24G.652D,HT-06,护套,正常生产,2024-10-30 18:07:49.123,180-210-220-233-245-248-250,8.30,0.00,0.00,9.70,55.00,12.70,9.00,15.00,,0.10,,,早中班,55.00,/,6.60,,,71.00,62.00,,/,0.50,0.00,0.00,10.50,0.00,,13.70,6.6,12.7,9.0,15.0,62.0,71.0,55.0,55.0
A2HT24102560-10,A2HT24102560100001,2120101560003,GYFTY53内护1(黑色),HT1-24G.652D,HT-06,护套,正常生产,2024-10-30 13:14:16.250,180-210-220-233-245-248-250,8.30,0.00,0.00,8.50,55.00,0.00,7.50,12.50,,0.10,,,早中班,55.00,/,6.60,,,50.30,21.00,,/,0.50,0.00,0.00,0.00,0.00,,9.30,6.6,0.0,7.5,12.5,21.0,50.3,55.0,55.0
A2HT2410269-10,D6G015012002,1110600160047,ADSS-A光缆(黑色),ADSS-48G.652D,HT-14,护套,正常生产,2024-10-28 16:43:05.067,180,0.00,,,9.00,40.00,10.80,8.50,18.50,,0.10,,,早中班,40.00,/,6.80,,,10.00,,,185  212  215  221  231  236  240  241,0.50,,,,,,12.00,6.8,10.8,8.5,18.5,,10.0,40.0,40.0
A2HT2410271-10,D0G10001102001,1110102260006,GYTA33光缆(黑色),GYTA33-48G.652D,HT-02,护套,正常生产,2024-10-30 10:29:27.320,180-215-225-235-240-233-245,7.70,0.00,0.00,10.50,35.00,14.30,10.50,18.00,0.00,0.20,0.00,0.00,早中班,35.00,/,5.15,0.00,0.00,61.70,53.10,0.00,0,0.50,0.00,0.00,,0.00,,15.30,5.15,14.3,10.5,18.0,53.1,61.7,35.0,35.0
A2HT2410272-10,A2HT2410272100001,2120102260006,GYTA33内护1(黑色),HT1-48G.652D,HT-01,护套,正常生产,2024-10-28 11:57:09.570,182-205-225-231-241-245-246,0.00,0.00,0.00,6.20,45.00,7.70,7.50,12.50,,0.10,0.00,0.00,早中班,45.00,/,5.20,0.00,0.00,33.00,55.00,0.00,0,0.50,0.00,0.00,0.00,0.00,,8.80,5.2,7.7,7.5,12.5,55.0,33.0,45.0,45.0
A2HT24102812-10,A2HT24102812100001,2120110360004,GYFTAH58内护1(黑色),HT1-6G652D,HT-12,护套,正常生产,2024-10-30 11:42:01.973,130 135 140 145 150 155 160 165,0.00,0.00,0.00,11.40,25.00,13.60,12.50,14.00,0.00,0.20,0.00,0.00,早中班,25.00,/,10.20,0.00,0.00,89.00,45.00,0.00,130 135 140 145 150 155 160 165,0.50,0.00,0.00,0.00,0.00,0,14.20,10.2,13.6,12.5,14.0,45.0,89.0,25.0,25.0
A2HT24102815-10,D0Z24100012017,1110100100617,GYTA光缆(黑色),GYTA-48G.652D,HT-02,护套,正常生产,2024-10-30 12:10:00.043,180-215-225-235-240-233-245,0.00,0.00,0.00,7.70,65.00,11.30,8.50,15.00,0.00,0.20,0.00,0.00,早中班,65.00,/,4.95,0.00,0.00,61.70,53.10,0.00,0,0.50,0.00,0.00,,0.00,,12.50,4.95,11.3,8.5,15.0,53.1,61.7,65.0,65.0
A2HT24102816-10,D0G10000871001,1110300300019,GYDTZA光缆(黑色),GYDTZA-288G.652D,HT-04,护套,正常生产,2024-10-31 06:28:20.690,130-145-155-160-165-165-171,,,,13.80,15.00,17.00,14.50,17.50,,0.20,,,早中班,15.00,WH24A24BC1001,12.60,,,71.00,36.00,0.00,0,0.50,,,0.00,0.00,,18.00,12.6,17.0,14.5,17.5,36.0,71.0,15.0,15.0
