工单号,批号,检查项目,lower_bound,upper_bound,actual_pass,numeric_value,预测值,绝对误差,预测合格
A2FX2410047-10,D0G0800203103804,光缆外径,18.4,19.0,False,18.1,17.95198802759737,0.14801197240263164,False
A2HT24091015-10,D2G09000592001,光缆外径,17.2,18.2,True,17.35,17.47435726989406,0.12435726989405893,True
A2HT24092844-10,D0G09002131001,光缆外径,11.8,12.4,True,12.2,10.57910599581572,1.6208940041842794,False
A2HT24090423-10,D1G08002332002,光缆外径,9.5,10.1,True,9.78,11.093513374241505,1.3135133742415057,False
A2HT2409184-10,D2G09001262046,光缆外径,9.0,9.6,True,9.24,9.282290957419487,0.042290957419487185,True
A2HT2409211-10,D6G09001421003,光缆外径,12.8,13.4,True,13.18,12.849007150775574,0.33099284922442607,True
A2HT2409224-10,D0G09000271062,光缆外径,14.0,14.2,False,14.63,14.15228638736074,0.4777136126392616,True
A2HT2409123-10,D1G09001041029,光缆外径,10.6,11.2,True,10.85,10.980770699154084,0.130770699154084,True
A2HT24092015-10,D1G09001443127,光缆外径,8.5,9.1,True,8.8,8.843309649570626,0.04330964957062555,True
A2HT24092828-10,D2G09002111040,光缆外径,9.0,9.6,True,9.31,9.368541360273877,0.058541360273876464,True
A2HT24091225-10,D2G09001171059,光缆外径,9.0,9.6,True,9.3,9.278455475264362,0.021544524735638504,True
A2HT2409045-10,D2G09000112011,光缆外径,11.0,11.6,True,11.4,11.203619557735186,0.19638044226481455,True
A2HT24083062-10,D2G08002441001,光缆外径,12.7,13.3,False,14.0,13.861361309517019,0.13863869048298127,False
A2HT24092324-10,D2G09001484028,光缆外径,9.2,9.8,True,9.45,9.477552647887022,0.027552647887022275,True
A2HT24092310-10,D6G09000863003,光缆外径,10.1,10.7,True,10.36,10.224527513238238,0.1354724867617616,True
A2HT24101225-10,D2G10000281002,光缆外径,8.3,8.9,True,8.75,10.366444782487015,1.6164447824870152,False
A2HT24091937-10,D2G09001502004,光缆外径,12.7,13.3,False,14.01,14.10354563792688,0.09354563792687998,False
A2HT24092021-10,D2G09001361068,光缆外径,10.8,11.4,True,10.85,10.961761681666607,0.11176168166660716,True
A2HT2409248-10,D0G09000381001,光缆外径,7.4,8.0,True,7.9,12.464765075694261,4.564765075694261,False
A2HT2410216-10,D2G10001302003,光缆外径,9.0,9.6,True,9.32,9.196624597760627,0.1233754022393736,True
A2HT24090118-10,D9G08000801002,光缆外径,12.4,13.0,False,13.57,12.584403078612896,0.9855969213871045,True
A2HT24091935-10,D1G09001443171,光缆外径,8.5,9.1,True,8.88,8.857635895253546,0.02236410474645467,True
A2HT24092852-10,D6G09000865002,光缆外径,9.8,10.4,True,10.31,10.32247263720076,0.01247263720075864,True
A2HT24092828-10,D2G09002111008,光缆外径,9.0,9.6,True,9.23,9.368541360273877,0.13854136027387653,True
A2HT24083015-10,D2G08002291002,光缆外径,17.4,18.0,True,17.62,17.655959847388708,0.035959847388706834,True
A2HT24092717-10,D2G09002001013,光缆外径,9.0,9.6,True,9.16,9.166140928077137,0.0061409280771371755,True
A2HT24101515-10,D6G09002492017,光缆外径,9.4,10.0,True,9.78,9.829027897780724,0.04902789778072503,True
A2HT2409131-10,D2G09001171064,光缆外径,9.0,9.6,True,9.2,9.22697344943695,0.02697344943695157,True
A2HT24092324-10,D2G09001484006,光缆外径,9.2,9.8,True,9.52,9.477552647887022,0.04244735211297801,True
A2HT24092850-10,D2G09002001094,光缆外径,9.0,9.6,True,9.1,9.217248441545994,0.11724844154599445,True
A2HT24101618-10,D2G10000871032,光缆外径,9.2,9.8,True,9.26,9.39385858362487,0.13385858362486935,True
A2HT24100616-10,D2G09002371004,光缆外径,11.0,11.6,True,11.3,11.241012313187762,0.058987686812239204,True
A2HT24091414-10,D2G09001262044,光缆外径,9.0,9.6,True,9.25,9.282290957419487,0.0322909574194874,True
A2HT24091441-10,D2G09001261079,光缆外径,9.0,9.6,True,9.27,9.261479476349068,0.008520523650931366,True
A2HT24091119-10,D2G09000752024,光缆外径,9.0,9.6,True,9.31,9.340334472968594,0.03033447296859393,True
A2HT2410217-10,D2G10001303012,光缆外径,9.2,9.8,True,9.41,9.465217189014538,0.05521718901453809,True
A2HT24100630-10,D2G09002571010,光缆外径,14.6,15.2,True,14.86,14.84216053930411,0.01783946069588893,True
A2HT24101823-10,D0G10000181001,光缆外径,12.6,13.2,False,13.42,13.161545572621293,0.25845442737870705,True
A2HT24092010-10,D6G09000861034,光缆外径,10.1,10.7,True,10.22,10.205209268332608,0.014790731667392976,True
A2HT24101520-10,D9G09000861002,光缆外径,8.2,8.8,True,8.46,8.624987807438227,0.1649878074382265,True
A2HT24083034-10,D1G08002131144,光缆外径,12.1,12.7,True,12.6,12.724250623217387,0.124250623217387,False
A2HT24092829-10,D6G09000869009,光缆外径,11.0,11.6,True,11.32,11.326357502709708,0.0063575027097080294,True
A2HT24091021-10,D2G09000053001,光缆外径,17.4,18.0,True,17.4,16.799878538293207,0.6001214617067916,False
A2HT2409151-10,D9G09000411002,光缆外径,18.4,19.0,True,18.5,18.601088492063493,0.10108849206349291,True
A2HT24082930-10,D2G08002424013,光缆外径,9.0,9.6,True,9.25,9.214608878623682,0.035391121376317614,True
A2HT2409257-10,D1G09001951016,光缆外径,8.5,9.1,True,8.8,8.964253217022778,0.16425321702277706,True
A2HT24090212-10,D1G08002554062,光缆外径,10.6,11.2,True,11.0,10.928053885267682,0.07194611473231838,True
A2HT24082311-10,D2G08001861032,光缆外径,12.9,13.5,True,13.15,13.090603681503746,0.05939631849625471,True
A2HT2409197-10,D6G09000866001,光缆外径,11.5,12.1,True,11.92,9.899166854233721,2.0208331457662787,False
A2HT24092027-10,D2G09001101001,光缆外径,8.7,9.3,True,9.1,9.029086767977395,0.07091323202260469,True
A2HT2409027-10,D1G08002552026,光缆外径,8.7,9.3,True,8.96,9.11405799663093,0.15405799663092878,True
A2HT24091414-10,D2G09001262002,光缆外径,9.0,9.6,True,9.28,9.282290957419487,0.0022909574194880378,True
A2HT24101827-10,D1G10001101052,光缆外径,10.6,11.2,True,10.9,10.89744882176327,0.002551178236730678,True
A2HT24092021-10,D2G09001361060,光缆外径,10.8,11.4,True,11.08,10.961761681666607,0.11823831833339327,True
A2HT24082625-10,D1G080023003,光缆外径,13.2,13.8,True,13.45,13.480293070886006,0.030293070886006745,True
A2HT24092853-10,D2G09002001149,光缆外径,9.0,9.6,True,9.31,9.265784997845662,0.04421500215433838,True
A2HT2409184-10,D2G09001262061,光缆外径,9.0,9.6,True,9.44,9.282290957419487,0.1577090425805121,True
A2HT24090628-10,D2G09000441020,光缆外径,9.6,10.2,True,10.1,10.056168437686827,0.04383156231317287,True
A2HT24102429-10,D0G10000845043,光缆外径,8.25,8.85,True,8.56,8.52192947574067,0.03807052425933044,True
A2HT24091110-10,D9G09000202004,光缆外径,17.3,17.9,False,17.2,17.109904362766834,0.0900956372331656,False
A2HT24091441-10,D2G09001261066,光缆外径,9.0,9.6,True,9.28,9.261479476349068,0.018520523650931153,True
A2HT24101410-10,D2G10000266023,光缆外径,10.9,11.7,True,10.9,10.825437910748683,0.07456208925131769,False
A2HT24091119-10,D2G09000752031,光缆外径,9.0,9.6,True,9.44,9.340334472968594,0.09966552703140508,True
A2HT24101229-10,D2G10000673001,光缆外径,13.6,14.2,True,13.95,14.107688067372463,0.15768806737246344,True
A2HT24083034-10,D1G08002131145,光缆外径,12.1,12.7,True,12.7,12.724250623217387,0.024250623217387357,False
A2HT24083014-10,D2G08002281002,光缆外径,17.4,18.0,True,17.63,17.655959847388708,0.025959847388708823,True
A2HT24082313-10,D2G08001862001,光缆外径,12.9,13.5,True,13.18,12.997540691693983,0.18245930830601687,True
A2HT24082928-10,D2G08002261004,光缆外径,16.6,17.2,False,16.5,16.60760322694734,0.10760322694734015,True
A2HT2409249-10,D2G09001482007,光缆外径,9.0,9.6,True,9.28,9.303320726319638,0.023320726319639107,True
A2HT24102112-10,D2G10001341002,光缆外径,12.2,12.8,True,12.8,12.742902035880793,0.0570979641192082,True
A2HT2409306-10,D2G09002374010,光缆外径,11.0,11.6,True,11.25,11.24190236673137,0.008097633268629778,True
A2HT24082313-10,D2G08001862017,光缆外径,12.9,13.5,True,13.0,12.997540691693983,0.0024593083060171494,True
A2HT2409045-10,D2G09000112006,光缆外径,11.0,11.6,True,11.3,11.203619557735186,0.0963804422648149,True
A2HT24082923-10,D1G08002333015,光缆外径,8.7,9.3,True,9.0,9.036084668748561,0.0360846687485612,True
A2HT24102429-10,D0G10000845045,光缆外径,8.25,8.85,True,8.54,8.52192947574067,0.01807052425932909,True
A2HT24092417-10,D2G09001362005,光缆外径,10.2,10.8,True,10.4,10.45378997171685,0.053789971716849294,True
A2HT24092056-10,D2G09001671003,光缆外径,17.4,18.0,False,17.13,17.01833161767427,0.11166838232572829,False
A2HT2410169-10,D6G09002493017,光缆外径,11.0,11.6,False,11.7,11.664680951665169,0.03531904833483068,False
A2HT24101411-10,D2G10000761019,光缆外径,11.0,11.6,True,11.2,11.193928234734726,0.006071765265273754,True
A2HT2409132-10,D2G09001172035,光缆外径,9.2,9.8,True,9.5,9.451189587419844,0.04881041258015628,True
A2HT24091441-10,D2G09001261064,光缆外径,9.0,9.6,True,9.12,9.261479476349068,0.141479476349069,True
A2HT24083066-10,D2G08002426013,光缆外径,9.0,9.6,True,9.16,9.259972615032831,0.09997261503283106,True
A2HT24102313-10,D1G10001612014,光缆外径,8.5,9.1,True,8.7,8.713865648429318,0.013865648429318256,True
A2HT24092021-10,D2G09001361080,光缆外径,10.8,11.4,True,11.0,10.961761681666607,0.038238318333393195,True
A2HT24092313-10,D1Z24090017060,光缆外径,16.1,16.7,True,16.45,16.326025525649754,0.12397447435024489,True
A2HT24091814-10,D0D06000091002,光缆外径,16.7,17.3,True,16.75,16.788719997595,0.038719997594999,True
A2HT24082930-10,D2G08002424006,光缆外径,9.0,9.6,True,9.3,9.214608878623682,0.08539112137631832,True
A2HT24082923-10,D1G08002333025,光缆外径,8.7,9.3,True,9.15,9.036084668748561,0.11391533125143916,True
A2HT24091935-10,D1G09001443087,光缆外径,8.5,9.1,True,8.85,8.857635895253546,0.007635895253546465,True
A2HT24091441-10,D2G09001261070,光缆外径,9.0,9.6,True,9.23,9.261479476349068,0.03147947634906778,True
A2HT24091814-10,D0D06000091001,光缆外径,16.7,17.3,True,16.9,16.788719997595,0.11128000240499958,True
A2HT24083034-10,D1G08002131086,光缆外径,12.1,12.7,True,12.7,12.724250623217387,0.024250623217387357,False
A2HT24092615-10,D1G09002081030,光缆外径,8.5,9.1,True,8.8,8.834455640049352,0.034455640049351643,True
A2HT24092853-10,D2G09002001112,光缆外径,9.0,9.6,True,9.3,9.265784997845662,0.03421500215433859,True
A2HT24083030-10,A2HT24083030100002,光缆外径,10.1,10.7,False,9.2,9.328267946693636,0.1282679466936365,False
A2HT24100616-10,D2G09002371031,光缆外径,11.0,11.6,True,11.2,11.241012313187762,0.04101231318776222,True
A2HT24090414-10,D6G08001992018,光缆外径,8.2,9.2,True,8.9,8.994616015361947,0.09461601536194664,True
A2HT24101115-10,D2G10000262064,光缆外径,9.0,9.6,True,9.25,9.21276211911785,0.03723788088215052,True
A2HT24100625-10,D2G09002372002,光缆外径,9.0,9.6,True,9.12,9.283137857286098,0.16313785728609886,True
A2HT24092324-10,D2G09001484018,光缆外径,9.2,9.8,True,9.75,9.477552647887022,0.27244735211297844,True
A2HT24091121-10,D2G09000754007,光缆外径,13.3,13.9,True,13.61,13.628907362524453,0.018907362524453575,True
A2HT2409133-10,D0G09000271027,光缆外径,14.0,14.2,True,14.18,14.15228638736074,0.027713612639260532,True
A2HT24092615-10,D1G09002081104,光缆外径,8.5,9.1,True,8.85,8.834455640049352,0.01554435995064729,True
A2HT24102216-10,D0G10001471017,光缆外径,11.8,12.4,True,12.23,12.211347531331112,0.018652468668888034,True
A2HT24101219-10,D6G09000865045,光缆外径,9.8,10.4,True,10.18,10.285931564040487,0.1059315640404872,True
A2HT2409123-10,D1G09001041034,光缆外径,10.6,11.2,True,11.1,10.980770699154084,0.11922930084591599,True
A2HT2409306-10,D2G09002374002,光缆外径,11.0,11.6,True,11.22,11.24190236673137,0.021902366731369582,True
A2HT24091119-10,D2G09000752020,光缆外径,9.0,9.6,True,9.22,9.340334472968594,0.12033447296859379,True
A2HT24091935-10,D1G09001443180,光缆外径,8.5,9.1,True,8.78,8.857635895253546,0.07763589525354675,True
A2HT2409249-10,D2G09001482037,光缆外径,9.0,9.6,True,9.32,9.303320726319638,0.016679273680361817,True
A2HT24092010-10,D6G09000861030,光缆外径,10.1,10.7,True,10.2,10.205209268332608,0.005209268332608374,True
A2HT24101121-10,D6G09002444006,光缆外径,6.3,6.8,True,6.38,6.443971406521039,0.0639714065210395,True
A2HT24091025-10,D2G08002453006,光缆外径,17.2,18.2,True,17.78,12.1700384478947,5.6099615521053,False
A2HT2409195-10,D6G09000862004,光缆外径,11.5,12.1,True,11.87,12.070543970034578,0.20054397003457858,True
A2HT24092053-10,D0G09001572002,光缆外径,13.8,14.4,True,14.1,11.386065704947749,2.713934295052251,False
A2HT24101413-10,D2G10000762019,光缆外径,16.8,17.4,True,16.8,16.81131895889873,0.011318958898730358,True
A2HT2409133-10,D0G09000271032,光缆外径,14.0,14.2,True,14.2,14.15228638736074,0.047713612639260106,True
A2HT2410069-10,D1G09002262002,光缆外径,16.8,17.4,True,17.0,17.03753964213678,0.03753964213678174,True
A2HT24101827-10,D1G10001101061,光缆外径,10.6,11.2,False,10.38,10.89744882176327,0.5174488217632689,True
A2HT24083021-10,D1G08002335007,光缆外径,10.6,11.2,True,11.0,10.854876333224373,0.1451236667756266,True
A2HT24090628-10,D2G09000441034,光缆外径,9.6,10.2,True,10.11,10.056168437686827,0.053831562313172654,True
A2HT24092724-10,D6G09001721015,光缆外径,5.2,6.0,True,5.62,5.7480686149885285,0.1280686149885284,True
A2HT24090329-10,A2HT24090329100002,光缆外径,13.5,14.1,True,13.79,13.856283070517446,0.06628307051744642,True
A2HT24083034-10,D1G08002131075,光缆外径,12.1,12.7,True,12.5,12.724250623217387,0.22425062321738665,False
A2HT24082930-10,D2G08002424050,光缆外径,9.0,9.6,True,9.41,9.214608878623682,0.19539112137631776,True
A2HT24082810-10,D1G080031025,光缆外径,8.7,9.3,True,9.1,9.036084668748561,0.06391533125143845,True
A2HT24092615-10,D1G09002081117,光缆外径,8.5,9.1,True,8.91,8.834455640049352,0.07554435995064779,True
A2HT24091036-10,D2G09000762018,光缆外径,11.0,11.6,True,11.2,11.268589962709276,0.06858996270927697,True
A2HT24092615-10,D1G09002081089,光缆外径,8.5,9.1,True,8.8,8.834455640049352,0.034455640049351643,True
A2HT24092521-10,D2G09002051005,光缆外径,9.0,9.6,True,9.18,9.1652122493271,0.014787750672899946,True
A2HT24083034-10,D1G08002131116,光缆外径,12.1,12.7,True,12.65,12.724250623217387,0.07425062321738629,False
A2HT24083034-10,D1G08002131010,光缆外径,12.1,12.7,True,12.7,12.724250623217387,0.024250623217387357,False
A2HT24102516-10,D1G10001714004,光缆外径,13.2,13.8,True,13.3,13.393211425457146,0.09321142545714522,True
A2HT24100413-10,A2HT24100413100001,光缆外径,7.6,8.0,True,7.82,9.592003254847002,1.772003254847002,False
A2HT24101028-10,D6G09002551001,光缆外径,12.8,13.4,True,13.32,13.273162643239584,0.04683735676041678,True
A2FX2409018-10,D0G0800203101901,光缆外径,18.4,19.0,False,18.0,17.910303242243838,0.08969675775616182,False
A2HT24091033-10,D2G09000721005,光缆外径,11.8,12.4,True,12.0,12.179109190503066,0.17910919050306617,True
A2HT24101618-10,D2G10000871067,光缆外径,9.2,9.8,True,9.32,9.39385858362487,0.07385858362486886,True
A2HT24092912-10,D0G09000391006,光缆外径,8.6,9.4,True,9.1,9.163366502081113,0.06336650208111294,True
A2HT24090541-10,D6G08001661015,光缆外径,8.2,9.2,True,8.9,8.994616015361947,0.09461601536194664,True
A2HT24092324-10,D2G09001484025,光缆外径,9.2,9.8,True,9.42,9.477552647887022,0.057552647887021635,True
A2HT24101218-10,D2G10000266009,光缆外径,10.9,11.7,True,10.93,10.825437910748683,0.10456208925131705,False
A2HT24091413-10,D2G09001261025,光缆外径,9.0,9.6,True,9.25,9.319892858861213,0.06989285886121266,True
A2HT24092510-10,D1G09001953003,光缆外径,8.7,9.3,True,9.1,9.08087924721781,0.0191207527821895,True
A2HT24091225-10,D2G09001171027,光缆外径,9.0,9.6,True,9.15,9.278455475264362,0.12845547526436185,True
A2HT24101721-10,D9G10000361004,光缆外径,10.7,11.3,True,11.3,11.15367482939171,0.1463251706082911,True
A2HT24100911-10,D2G10000051067,光缆外径,9.2,9.8,True,9.32,9.416558190271385,0.09655819027138435,True
A2HT24091814-10,D0D06000091006,光缆外径,16.7,17.3,True,16.75,16.788719997595,0.038719997594999,True
A2HT24093011-10,D2G09002233013,光缆外径,9.2,9.8,True,9.38,9.417312674476511,0.03731267447651021,True
A2HT2409184-10,D2G09001262041,光缆外径,9.0,9.6,True,9.31,9.282290957419487,0.0277090425805131,True
A2HT2410239-10,D2G09000401022,光缆外径,16.8,17.4,False,16.5,16.859513747229894,0.3595137472298937,True
A2HT24101237-10,D2G10000681001,光缆外径,19.3,19.9,True,19.56,15.505161924390972,4.054838075609027,False
A2HT24090213-10,D9G08001101001,光缆外径,14.2,14.8,True,14.7,13.100295674233164,1.5997043257668349,False
A2HT24100616-10,D2G09002371025,光缆外径,11.0,11.6,True,11.28,11.241012313187762,0.038987686812237854,True
A2HT24090918-10,D2G09000681007,光缆外径,11.0,11.6,True,11.2,11.222757849359152,0.02275784935915226,True
A2HT2410239-10,D2G09000401011,光缆外径,16.8,17.4,True,16.92,16.859513747229894,0.060486252770107996,True
A2HT24092852-10,D6G09000865003,光缆外径,9.8,10.4,True,10.32,10.32247263720076,0.0024726372007588537,True
A2HT24091121-10,D2G09000754017,光缆外径,13.3,13.9,True,13.62,13.628907362524453,0.008907362524453788,True
A2HT24091225-10,D2G09001171053,光缆外径,9.0,9.6,True,9.33,9.278455475264362,0.051544524735637864,True
A2HT2409123-10,D1G09001041007,光缆外径,10.6,11.2,True,11.0,10.980770699154084,0.01922930084591634,True
A2HT24090339-10,D2G08002422051,光缆外径,9.0,9.6,True,9.33,9.330705692139366,0.0007056921393662208,True
A2HT24083034-10,D1G08002131017,光缆外径,12.1,12.7,False,12.8,12.724250623217387,0.07574937678261406,False
A2FX2409152-10,D2G0900056100101,光缆外径,9.0,9.6,True,9.6,9.320264339744792,0.27973566025520746,True
A2HT2410181-10,D2G10000401056,光缆外径,12.9,13.5,True,13.15,13.166105097019413,0.01610509701941254,True
A2HT2409257-10,D1G09001951011,光缆外径,8.5,9.1,True,8.9,8.964253217022778,0.06425321702277742,True
A2HT24101115-10,D2G10000262002,光缆外径,9.0,9.6,True,9.15,9.21276211911785,0.06276211911784912,True
A2HT24092021-10,D2G09001361076,光缆外径,10.8,11.4,True,11.0,10.961761681666607,0.038238318333393195,True
A2HT2409131-10,D2G09001171012,光缆外径,9.0,9.6,True,9.16,9.22697344943695,0.06697344943695072,True
A2HT24090913-10,D2G09000461001,光缆外径,12.7,13.3,True,12.95,12.853714337045448,0.09628566295455165,True
A2HT24102316-10,D0Z24100011013,光缆外径,9.2,9.8,True,9.45,9.441025712414303,0.008974287585695961,True
A2HT24082311-10,D2G08001861021,光缆外径,12.9,13.5,True,13.2,13.090603681503746,0.10939631849625364,True
A2HT24101222-10,D9G10000081001,光缆外径,11.6,12.2,False,12.65,12.133079892723025,0.5169201072769756,True
A2HT24092313-10,D1Z24090017058,光缆外径,16.1,16.7,True,16.6,16.326025525649754,0.273974474350247,True
A2HT24101243-10,D0G10000162013,光缆外径,9.6,10.4,True,9.8,10.073798998500568,0.2737989985005669,True
A2HT2409045-10,D2G09000112008,光缆外径,11.0,11.6,True,11.35,11.203619557735186,0.14638044226481384,True
A2HT24100626-10,D2G09002373016,光缆外径,9.2,9.8,True,9.55,9.416558190271385,0.13344180972861608,True
A2HT24083039-10,D0G07002701002,光缆外径,8.75,9.35,True,9.22,13.753666869616238,4.533666869616237,False
A2HT24091918-10,D2G09001351006,光缆外径,13.8,14.4,True,14.0,14.120515230194998,0.12051523019499832,True
A2HT24091936-10,D2G09001501005,光缆外径,17.2,18.2,True,17.68,17.545251324728927,0.13474867527107293,True
A2HT24102217-10,A2HT24102217100002,光缆外径,7.5,8.1,True,7.82,7.838947490472484,0.018947490472483786,True
A2HT24102422-10,D9G10000841004,光缆外径,13.4,14.0,True,13.75,13.363899594396461,0.3861004056035391,False
A2HT2409252-10,D2G09001362009,光缆外径,10.2,10.8,True,10.51,10.431145076358444,0.07885492364155589,True
A2HT24082710-10,D6G08001952003,光缆外径,12.5,13.1,False,12.1,12.205462894859753,0.10546289485975358,False
A2HT24091413-10,D2G09001261029,光缆外径,9.0,9.6,True,9.28,9.319892858861213,0.0398928588612133,True
A2HT24091935-10,D1G09001443092,光缆外径,8.5,9.1,True,8.9,8.857635895253546,0.042364104746454245,True
A2HT24092717-10,D2G09002001023,光缆外径,9.0,9.6,True,9.11,9.166140928077137,0.056140928077137886,True
A2HT24092521-10,D2G09002051008,光缆外径,9.0,9.6,True,9.2,9.1652122493271,0.03478775067289952,True
A2HT24092615-10,D1G09002081060,光缆外径,8.5,9.1,True,8.76,8.834455640049352,0.07445564004935257,True
A2HT24092724-10,D6G09001721006,光缆外径,5.2,6.0,True,5.86,5.7480686149885285,0.11193138501147182,True
A2HT2409027-10,D1G08002552025,光缆外径,8.7,9.3,True,9.0,9.11405799663093,0.11405799663092964,True
A2HT24092014-10,A2HT24092014100003,光缆外径,9.0,9.6,True,9.0,9.02379475600613,0.023794756006129347,True
A2HT24100611-10,D1G09002261010,光缆外径,16.4,17.0,True,16.6,16.556491488718805,0.04350851128119615,True
A2HT24102316-10,D0Z24100011004,光缆外径,9.2,9.8,True,9.4,9.441025712414303,0.04102571241430297,True
A2HT24092832-10,D1G09002021005,光缆外径,13.2,13.8,True,13.4,13.428228030302838,0.028228030302837936,True
A2HT24091935-10,D1G09001443089,光缆外径,8.5,9.1,True,8.86,8.857635895253546,0.0023641047464533216,True
A2FX2409234-10,D0G0800203103801,光缆外径,18.4,19.0,False,18.11,17.88238058550137,0.22761941449862988,False
A2HT24082228-10,D6G08001003003,光缆外径,7.6,8.0,True,7.68,7.911969746572866,0.23196974657286606,True
A2HT24100918-10,D0G09002582001,光缆外径,10.7,11.3,True,11.28,10.878113005748823,0.4018869942511767,True
A2HT2409306-10,D2G09002374004,光缆外径,11.0,11.6,True,11.25,11.24190236673137,0.008097633268629778,True
A2HT24091429-10,D0G09000271053,光缆外径,14.0,14.2,True,14.2,14.15228638736074,0.047713612639260106,True
A2HT2409203-10,D2G09001361014,光缆外径,10.8,11.4,True,11.2,11.066571306366903,0.13342869363309617,True
A2HT24100616-10,D2G09002371035,光缆外径,11.0,11.6,True,11.12,11.241012313187762,0.12101231318776229,True
A2HT24102317-10,D0Z24100012002,光缆外径,11.0,11.6,True,11.18,11.28319508172073,0.103195081720731,True
A2HT2410168-10,D2G10000264017,光缆外径,8.5,9.3,True,8.72,8.841716490935967,0.1217164909359667,True
A2HT24100630-10,D2G09002571005,光缆外径,14.6,15.2,True,14.82,14.84216053930411,0.022160539304110216,True
A2HT2409123-10,D1G09001041043,光缆外径,10.6,11.2,True,10.89,10.980770699154084,0.09077069915408309,True
A2HT24092850-10,D2G09002001051,光缆外径,9.0,9.6,True,9.15,9.217248441545994,0.06724844154599374,True
A2HT24100917-10,D0G09002581003,光缆外径,10.7,11.3,True,11.06,11.019412807922741,0.04058719207725936,True
A2HT24090420-10,D0G08001091001,光缆外径,8.6,9.4,True,8.91,8.994373848435059,0.08437384843505846,True
A2HT2409132-10,D2G09001172025,光缆外径,9.2,9.8,True,9.47,9.451189587419844,0.01881041258015692,True
A2HT2410142-10,D2G10000731002,光缆外径,13.6,14.2,True,13.9,14.107688067372463,0.20768806737246237,True
A2HT24083067-10,D2G08002424028,光缆外径,9.0,9.6,True,9.17,9.302059116666818,0.13205911666681835,True
A2HT24092718-10,D9G09000061001,光缆外径,10.8,11.4,False,11.45,11.71736833755161,0.26736833755161094,False
A2HT24091941-10,D2G09001494002,光缆外径,12.2,12.8,True,12.6,12.533447148063468,0.06655285193653171,True
A2HT24090212-10,D1G08002554064,光缆外径,10.6,11.2,True,10.96,10.928053885267682,0.03194611473231923,True
A2HT24091410-10,D0G09001321003,光缆外径,8.8,9.4,False,8.52,8.468396718790467,0.05160328120953217,False
A2HT24092852-10,D6G09000865013,光缆外径,9.8,10.4,True,10.25,10.32247263720076,0.07247263720075914,True
A2HT24083021-10,D1G08002335034,光缆外径,10.6,11.2,True,10.8,10.854876333224373,0.054876333224372686,True
A2HT24101114-10,D2G10000261016,光缆外径,9.0,9.6,True,9.1,9.170798875559383,0.07079887555938313,True
A2HT2409184-10,D2G09001262098,光缆外径,9.0,9.6,True,9.4,9.282290957419487,0.11770904258051296,True
A2HT2409288-10,D2G09002211001,光缆外径,12.7,13.3,True,13.12,13.01314264002304,0.10685735997696,True
A2HT2409123-10,D1G09001041018,光缆外径,10.6,11.2,True,10.85,10.980770699154084,0.130770699154084,True
A2HT24102516-10,D1G10001714006,光缆外径,13.2,13.8,True,13.3,13.393211425457146,0.09321142545714522,True
A2HT24092853-10,D2G09002001125,光缆外径,9.0,9.6,True,9.25,9.265784997845662,0.01578499784566212,True
A2HT24082613-10,D0G08000934001,光缆外径,20.8,21.4,True,20.95,20.439140509590324,0.5108594904096755,False
A2HT2410215-10,D2G10001301017,光缆外径,9.0,9.6,True,9.42,9.31727076132753,0.1027292386724703,True
A2HT24083034-10,D1G08002131082,光缆外径,12.1,12.7,True,12.7,12.724250623217387,0.024250623217387357,False
A2HT24083047-10,D1G08002487006,光缆外径,13.2,13.8,True,13.46,13.417757099795603,0.042242900204398026,True
A2HT24091225-10,D2G09001171033,光缆外径,9.0,9.6,True,9.18,9.278455475264362,0.09845547526436249,True
A2HT24090323-10,A2HT24090323100002,光缆外径,13.5,14.1,True,13.72,13.856283070517446,0.13628307051744493,True
A2HT24082929-10,D2G08002422039,光缆外径,9.0,9.6,True,9.52,9.210228631365935,0.30977136863406507,True
A2HT24092615-10,D1G09002081120,光缆外径,8.5,9.1,True,8.75,8.834455640049352,0.08445564004935235,True
A2HT2409045-10,D2G09000112004,光缆外径,11.0,11.6,True,11.54,11.203619557735186,0.33638044226481334,True
A2HT24102313-10,D1G10001612016,光缆外径,8.5,9.1,True,8.7,8.713865648429318,0.013865648429318256,True
A2HT24092511-10,D1G09001955009,光缆外径,10.6,11.2,True,10.8,10.928444293001267,0.12844429300126592,True
A2HT24092521-10,D2G09002051041,光缆外径,9.0,9.6,True,9.42,9.1652122493271,0.25478775067290016,True
A2HT24092021-10,D2G09001361071,光缆外径,10.8,11.4,True,11.0,10.961761681666607,0.038238318333393195,True
A2HT24082031-10,D6G08001501030,光缆外径,9.3,10.3,True,9.8,9.769757277111871,0.030242722888129236,True
A2HT2410123-10,D2G10000401006,光缆外径,12.9,13.5,True,13.1,13.166105097019413,0.06610509701941325,True
A2HT24082928-10,D2G08002261002,光缆外径,16.6,17.2,True,16.68,16.60760322694734,0.07239677305265957,True
A2HT24101828-10,D1G10001111010,光缆外径,16.4,17.0,True,16.85,16.88212690374319,0.03212690374318683,True
A2HT24082629-10,D0G08002031031,光缆外径,18.4,19.0,False,18.1,18.16453745889461,0.06453745889460905,False
A2HT2409133-10,D0G09000271020,光缆外径,14.0,14.2,False,14.22,14.15228638736074,0.06771361263926146,True
A2HT24092828-10,D2G09002111033,光缆外径,9.0,9.6,True,9.5,9.368541360273877,0.13145863972612304,True
A2HT24092850-10,D2G09002001088,光缆外径,9.0,9.6,True,9.12,9.217248441545994,0.09724844154599488,True
A2HT2409123-10,D1G09001041023,光缆外径,10.6,11.2,True,10.92,10.980770699154084,0.06077069915408373,True
A2HT24090226-10,D2G08002525002,光缆外径,12.2,12.8,False,12.18,12.412561659973342,0.23256165997334222,True
A2HT2409123-10,D1G09001041027,光缆外径,10.6,11.2,True,10.9,10.980770699154084,0.0807706991540833,True
A2HT24082624-10,D1G080022040,光缆外径,10.6,11.2,True,10.85,10.84196619532428,0.008033804675719125,True
A2HT24091935-10,D1G09001443078,光缆外径,8.5,9.1,True,8.81,8.857635895253546,0.04763589525354561,True
A2HT24082928-10,D2G08002261003,光缆外径,16.6,17.2,True,16.75,16.60760322694734,0.14239677305265985,True
A2HT24092828-10,D2G09002111021,光缆外径,9.0,9.6,True,9.4,9.368541360273877,0.031458639726123394,True
A2HT24083034-10,D1G08002131079,光缆外径,12.1,12.7,True,12.7,12.724250623217387,0.024250623217387357,False
A2HT24092417-10,D2G09001362022,光缆外径,10.2,10.8,True,10.4,10.45378997171685,0.053789971716849294,True
A2HT2410156-10,D6G10000013001,光缆外径,7.9,8.5,True,8.36,6.440949597922792,1.9190504020772075,False
A2HT24090413-10,D6G08001991028,光缆外径,7.8,8.4,True,8.21,8.256000504364744,0.04600050436474312,True
A2HT2409267-10,D1Z24090017091,光缆外径,16.1,16.7,True,16.22,16.32131361831086,0.10131361831086139,True
A2HT24100924-10,D1G09002502017,光缆外径,8.5,9.1,True,8.75,8.805363232015567,0.055363232015567476,True
A2HT24092715-10,D1Z24090017097,光缆外径,16.1,16.7,True,16.41,16.32131361831086,0.08868638168913989,True
A2HT24101618-10,D2G10000871085,光缆外径,9.2,9.8,True,9.4,9.39385858362487,0.0061414163751312145,True
A2HT24082926-10,D2G08002181002,光缆外径,16.4,17.0,False,16.15,16.18048501868162,0.030485018681620346,False
A2HT24101117-10,D2G10000265002,光缆外径,9.2,9.8,True,9.58,9.39165959289145,0.1883404071085497,True
A2HT24083016-10,D2G08002301003,光缆外径,17.4,18.0,True,17.7,17.655959847388708,0.04404015261129146,True
A2HT24092615-10,D1G09002081067,光缆外径,8.5,9.1,True,8.8,8.834455640049352,0.034455640049351643,True
A2HT24092717-10,D2G09002001028,光缆外径,9.0,9.6,True,9.12,9.166140928077137,0.0461409280771381,True
A2HT2409203-10,D2G09001361024,光缆外径,10.8,11.4,True,11.08,11.066571306366903,0.013428693633096955,True
A2HT24101216-10,D2G10000402001,光缆外径,12.7,13.3,True,13.0,12.85984983082898,0.14015016917102052,True
A2HT24092829-10,D6G09000869007,光缆外径,11.0,11.6,True,11.45,11.326357502709708,0.12364249729029098,True
A2HT24101827-10,D1G10001101015,光缆外径,10.6,11.2,True,10.92,10.89744882176327,0.02255117823673025,True
A2HT24090212-10,D1G08002554048,光缆外径,10.6,11.2,True,11.0,10.928053885267682,0.07194611473231838,True
A2HT24091413-10,D2G09001261011,光缆外径,9.0,9.6,True,9.31,9.319892858861213,0.009892858861212162,True
A2HT24101828-10,D1G10001111012,光缆外径,16.4,17.0,True,16.72,16.88212690374319,0.1621269037431894,True
A2HT2410123-10,D2G10000401050,光缆外径,12.9,13.5,True,13.22,13.166105097019413,0.053894902980587744,True
A2HT24092832-10,D1G09002021004,光缆外径,13.2,13.8,True,13.35,13.428228030302838,0.07822803030283865,True
A2HT2409045-10,D2G09000112018,光缆外径,11.0,11.6,True,11.16,11.203619557735186,0.043619557735185666,True
A2HT24091119-10,D2G09000752047,光缆外径,9.0,9.6,True,9.32,9.340334472968594,0.02033447296859414,True
A2HT24101115-10,D2G10000262060,光缆外径,9.0,9.6,True,9.32,9.21276211911785,0.1072378808821508,True
A2HT24100920-10,D2G09002421036,光缆外径,10.2,10.8,True,10.25,10.329927827101535,0.07992782710153534,True
A2HT2410123-10,D2G10000401010,光缆外径,12.9,13.5,True,13.05,13.166105097019413,0.11610509701941218,True
A2HT24092824-10,DHHA2309001550001,光缆外径,10.1,10.7,False,10.05,10.190873740264369,0.14087374026436805,True
A2HT24102546-10,D1G10001612075,光缆外径,8.5,9.1,True,8.66,8.709080204495672,0.049080204495671964,True
A2HT2409203-10,D2G09001361009,光缆外径,10.8,11.4,True,11.13,11.066571306366903,0.06342869363309767,True
A2HT24082311-10,D2G08001861029,光缆外径,12.9,13.5,True,13.1,13.090603681503746,0.009396318496253997,True
A2FX2409263-10,D0G0900034200201,光缆外径,7.8,8.0,True,7.95,8.761241218637991,0.8112412186379911,False
A2HT24101717-10,D2G10000264054,光缆外径,8.5,9.3,True,8.95,8.81299177241787,0.13700822758212894,True
A2HT24092020-10,D6G09000867042,光缆外径,9.9,10.5,True,10.2,10.211774707160604,0.011774707160604692,True
A2HT24092021-10,D2G09001361059,光缆外径,10.8,11.4,True,11.0,10.961761681666607,0.038238318333393195,True
A2HT24091414-10,D2G09001262011,光缆外径,9.0,9.6,True,9.16,9.282290957419487,0.12229095741948726,True
A2HT24101117-10,D2G10000265007,光缆外径,9.2,9.8,True,9.7,9.39165959289145,0.30834040710854893,True
A2HT24101410-10,D2G10000266029,光缆外径,10.9,11.7,False,10.8,10.825437910748683,0.025437910748681958,False
A2HT24092310-10,D6G09000863016,光缆外径,10.1,10.7,True,10.15,10.224527513238238,0.07452751323823747,True
A2HT24092828-10,D2G09002111035,光缆外径,9.0,9.6,True,9.5,9.368541360273877,0.13145863972612304,True
A2HT24102429-10,D0G10000845025,光缆外径,8.25,8.85,True,8.62,8.52192947574067,0.09807052425932916,True
A2HT24082929-10,D2G08002422036,光缆外径,9.0,9.6,True,9.18,9.210228631365935,0.03022863136593479,True
A2HT2410158-10,D2G10000266049,光缆外径,10.9,11.7,False,10.75,10.825437910748683,0.07543791074868267,False
A2HT24091413-10,D2G09001261004,光缆外径,9.0,9.6,True,9.25,9.319892858861213,0.06989285886121266,True
A2HT24102217-10,A2HT24102217100009,光缆外径,7.5,8.1,True,7.88,7.838947490472484,0.041052509527515824,True
A2HT24101833-10,D0G10000202001,光缆外径,19.1,19.7,False,19.0,19.6329818745582,0.632981874558201,True
A2HT24083034-10,D1G08002131101,光缆外径,12.1,12.7,False,12.8,12.724250623217387,0.07574937678261406,False
A2HT24091441-10,D2G09001261065,光缆外径,9.0,9.6,True,9.28,9.261479476349068,0.018520523650931153,True
A2HT24090516-10,D2G09000092001,光缆外径,12.7,13.3,False,13.5,13.948483885558886,0.4484838855588862,False
A2HT24101716-10,D2G10000941005,光缆外径,16.6,17.2,True,16.85,16.791677902595087,0.058322097404914786,True
A2HT24101718-10,D6G09002493020,光缆外径,11.0,11.6,True,11.6,11.664680951665169,0.06468095166516896,False
A2HT24092853-10,D2G09002001109,光缆外径,9.0,9.6,True,9.32,9.265784997845662,0.054215002154338165,True
A2HT24090417-10,A2HT24090417100001,光缆外径,10.1,10.7,False,10.02,10.59213808226047,0.5721380822604711,True
A2HT24091935-10,D1G09001443069,光缆外径,8.5,9.1,True,8.68,8.857635895253546,0.1776358952535464,True
A2HT2409182-10,D0G09001201001,光缆外径,8.4,9.0,True,9.0,8.82979637937277,0.17020362062723038,True
A2HT24091935-10,D1G09001443007,光缆外径,8.5,9.1,True,8.9,8.857635895253546,0.042364104746454245,True
A2HT2409255-10,D1Z24090017066,光缆外径,16.1,16.7,True,16.5,16.326025525649754,0.1739744743502456,True
A2HT24083043-10,D1G08002489004,光缆外径,16.4,17.0,True,16.7,16.70001313026732,1.3130267319638733e-05,True
A2FX2410247-10,D1G0900195400301,光缆外径,8.7,9.3,False,9.75,9.525105050643202,0.22489494935679843,False
A2HT2409027-10,D1G08002552028,光缆外径,8.7,9.3,True,9.06,9.11405799663093,0.05405799663092914,True
A2HT24101827-10,D1G10001101053,光缆外径,10.6,11.2,True,11.0,10.89744882176327,0.10255117823673032,True
A2HT24091441-10,D2G09001261096,光缆外径,9.0,9.6,True,9.28,9.261479476349068,0.018520523650931153,True
A2HT2409306-10,D2G09002374011,光缆外径,11.0,11.6,True,11.05,11.24190236673137,0.1919023667313695,True
A2HT24092850-10,D2G09002001057,光缆外径,9.0,9.6,True,9.1,9.217248441545994,0.11724844154599445,True
A2HT24101114-10,D2G10000261003,光缆外径,9.0,9.6,True,9.25,9.170798875559383,0.07920112444061722,True
A2HT24091935-10,D1G09001443122,光缆外径,8.5,9.1,True,8.87,8.857635895253546,0.012364104746453108,True
A2HT24100611-10,D1G09002261019,光缆外径,16.4,17.0,True,16.42,16.556491488718805,0.13649148871880357,True
A2HT24092717-10,D2G09002001019,光缆外径,9.0,9.6,True,9.11,9.166140928077137,0.056140928077137886,True
A2HT24082311-10,D2G08001861031,光缆外径,12.9,13.5,True,12.96,13.090603681503746,0.1306036815037448,True
A2HT24090325-10,D6G08001011001,光缆外径,16.7,17.3,True,17.26,17.05994382816258,0.20005617183742075,True
A2HT24092916-10,D0G09000771008,光缆外径,7.5,8.3,True,7.88,8.054340675990677,0.1743406759906767,True
A2HT24091441-10,D2G09001261071,光缆外径,9.0,9.6,True,9.37,9.261479476349068,0.10852052365093101,True
A2HT24102431-10,D0G10000847002,光缆外径,9.9,10.5,True,10.33,10.891272974612665,0.561272974612665,False
A2HT24100625-10,D2G09002372013,光缆外径,9.0,9.6,True,9.4,9.283137857286098,0.11686214271390227,True
A2HT24092717-10,D2G09002001020,光缆外径,9.0,9.6,True,9.27,9.166140928077137,0.10385907192286226,True
A2HT24091935-10,D1G09001443014,光缆外径,8.5,9.1,True,8.9,8.857635895253546,0.042364104746454245,True
A2HT24092324-10,D2G09001484002,光缆外径,9.2,9.8,True,9.47,9.477552647887022,0.007552647887020925,True
A2HT24092017-10,D1Z24090017046,光缆外径,16.1,16.7,True,16.22,16.32131361831086,0.10131361831086139,True
A2HT24102317-10,D0Z24100012009,光缆外径,11.0,11.6,True,11.32,11.28319508172073,0.03680491827926957,True
A2HT24082930-10,D2G08002424027,光缆外径,9.0,9.6,True,9.16,9.214608878623682,0.054608878623682244,True
A2HT24091429-10,D0G09000271038,光缆外径,14.0,14.2,False,14.25,14.15228638736074,0.09771361263926082,True
A2HT24092013-10,D2G09001361047,光缆外径,10.8,11.4,True,10.88,11.066571306366903,0.18657130636690233,True
A2HT2409191-10,D0G09000261003,光缆外径,15.5,16.5,True,15.52,15.649010831529568,0.12901083152956794,True
A2HT24092510-10,D1G09001953017,光缆外径,8.7,9.3,True,9.0,9.08087924721781,0.08087924721781015,True
A2HT24091941-10,D2G09001494001,光缆外径,12.2,12.8,True,12.5,12.533447148063468,0.033447148063467935,True
A2HT24091016-10,D2G09000311001,光缆外径,17.2,18.2,True,17.25,17.47435726989406,0.22435726989406035,True
A2HT24083062-10,D2G08002441004,光缆外径,12.7,13.3,False,13.72,13.861361309517019,0.14136130951701809,False
A2HT24092853-10,D2G09002001116,光缆外径,9.0,9.6,True,9.33,9.265784997845662,0.06421500215433795,True
A2HT24090628-10,D2G09000441033,光缆外径,9.6,10.2,True,10.1,10.056168437686827,0.04383156231317287,True
A2HT24100911-10,D2G10000051051,光缆外径,9.2,9.8,True,9.42,9.416558190271385,0.003441809728615297,True
A2HT24100911-10,D2G10000051017,光缆外径,9.2,9.8,True,9.48,9.416558190271385,0.0634418097286158,True
A2HT2408283-10,D2G08002161005,光缆外径,17.2,18.2,True,17.75,17.702896811014718,0.04710318898528243,True
A2HT24083022-10,D0G07002702108,光缆外径,9.2,9.8,True,9.56,9.51636020078097,0.04363979921903116,True
A2HT2408272-10,D6G08001951002,光缆外径,12.8,13.4,True,13.2,13.214780086001968,0.014780086001968229,True
A2HT24092313-10,D1Z24090017050,光缆外径,16.1,16.7,True,16.3,16.326025525649754,0.02602552564975369,True
A2HT24091429-10,D0G09000271058,光缆外径,14.0,14.2,True,14.15,14.15228638736074,0.0022863873607388285,True
A2HT24101115-10,D2G10000262061,光缆外径,9.0,9.6,True,9.18,9.21276211911785,0.032762119117849764,True
A2HT24102552-10,D0G06001401001,光缆外径,8.8,9.4,False,8.52,8.569705913920906,0.0497059139209064,False
A2HT24083034-10,D1G08002131111,光缆外径,12.1,12.7,True,12.62,12.724250623217387,0.10425062321738743,False
A2HT24090212-10,D1G08002554076,光缆外径,10.6,11.2,True,10.96,10.928053885267682,0.03194611473231923,True
A2HT24091121-10,D2G09000754004,光缆外径,13.3,13.9,True,13.62,13.628907362524453,0.008907362524453788,True
A2HT24101022-10,D0G10000011002,光缆外径,12.2,12.8,False,12.0,12.013424331258332,0.013424331258331534,False
A2HT24101413-10,D2G10000762003,光缆外径,16.8,17.4,False,16.62,16.81131895889873,0.19131895889873007,True
A2HT2410158-10,D2G10000266044,光缆外径,10.9,11.7,True,10.9,10.825437910748683,0.07456208925131769,False
A2HT24091935-10,D1G09001443067,光缆外径,8.5,9.1,True,8.7,8.857635895253546,0.15763589525354682,True
A2HT24100625-10,D2G09002372035,光缆外径,9.0,9.6,True,9.2,9.283137857286098,0.08313785728609879,True
A2HT2409184-10,D2G09001262063,光缆外径,9.0,9.6,True,9.41,9.282290957419487,0.12770904258051274,True
A2HT24101241-10,D0G10000161005,光缆外径,12.1,12.7,True,12.2,12.443999128186631,0.2439991281866316,True
A2HT24092521-10,D2G09002051014,光缆外径,9.0,9.6,True,9.21,9.1652122493271,0.04478775067290108,True
A2HT24092915-10,D0G09000391011,光缆外径,8.6,9.4,True,9.22,9.163366502081113,0.056633497918888054,True
A2HT24092043-10,D2G09001461001,光缆外径,14.0,14.6,True,14.22,14.182975198065815,0.03702480193418545,True
A2HT24092724-10,D6G09001721004,光缆外径,5.2,6.0,True,5.75,5.7480686149885285,0.001931385011471498,True
A2HT24101219-10,D6G09000865043,光缆外径,9.8,10.4,True,10.25,10.285931564040487,0.03593156404048692,True
A2HT24102313-10,D1G10001612001,光缆外径,8.5,9.1,True,8.82,8.713865648429318,0.10613435157068274,True
A2HT24091935-10,D1G09001443034,光缆外径,8.5,9.1,True,9.0,8.857635895253546,0.1423641047464539,True
A2HT24091935-10,D1G09001443025,光缆外径,8.5,9.1,True,8.8,8.857635895253546,0.0576358952535454,True
A2HT24102313-10,D1G10001612048,光缆外径,8.5,9.1,True,8.75,8.713865648429318,0.036134351570682455,True
A2HT24083052-10,D1G08002483005,光缆外径,8.7,9.3,True,9.0,9.05567309461688,0.05567309461688019,True
A2HT24082925-10,D1G080033005,光缆外径,10.6,11.2,True,10.85,10.854876333224373,0.004876333224373752,True
A2HT24092839-10,D9G09000541001,光缆外径,11.6,12.2,False,12.35,10.70275471770078,1.6472452822992203,False
A2HT24083010-10,D1G08002337017,光缆外径,13.2,13.8,True,13.4,13.417757099795603,0.01775709979560247,True
A2HT24092525-10,D0G090011002,光缆外径,19.6,20.2,True,19.75,19.70403370460556,0.04596629539443953,True
A2HT24091013-10,D2G09000531002,光缆外径,16.4,17.0,False,16.25,16.11916943848975,0.1308305615102512,False
A2HT24101216-10,D2G10000402004,光缆外径,12.7,13.3,True,12.95,12.85984983082898,0.09015016917101981,True
A2HT24100631-10,A2HT24100631100001,光缆外径,10.1,10.7,True,10.32,10.726134457671963,0.4061344576719623,False
A2HT24100625-10,D2G09002372017,光缆外径,9.0,9.6,True,9.3,9.283137857286098,0.016862142713902628,True
A2HT2409309-10,D0G09002471001,光缆外径,10.2,10.8,True,10.56,10.919825878859996,0.3598258788599953,False
A2HT2409201-10,D1Z24090017001,光缆外径,16.1,16.7,True,16.23,16.32131361831086,0.09131361831085982,True
A2HT24092828-10,D2G09002111038,光缆外径,9.0,9.6,True,9.31,9.368541360273877,0.058541360273876464,True
A2HT24100625-10,D2G09002372038,光缆外径,9.0,9.6,True,9.25,9.283137857286098,0.03313785728609808,True
A2HT24091119-10,D2G09000752038,光缆外径,9.0,9.6,True,9.31,9.340334472968594,0.03033447296859393,True
A2HT24083066-10,D2G08002426012,光缆外径,9.0,9.6,True,9.16,9.259972615032831,0.09997261503283106,True
A2HT24100924-10,D1G09002502004,光缆外径,8.5,9.1,True,8.68,8.805363232015567,0.12536323201556776,True
A2HT24091814-10,D0D06000091010,光缆外径,16.7,17.3,True,16.75,16.788719997595,0.038719997594999,True
A2HT24092614-10,D1G09002082003,光缆外径,9.5,10.1,True,9.75,9.80634300330454,0.05634300330454067,True
A2HT24091410-10,D0G09001321004,光缆外径,8.8,9.4,False,8.4,8.468396718790467,0.06839671879046705,False
A2HT24102313-10,D1G10001612031,光缆外径,8.5,9.1,True,8.7,8.713865648429318,0.013865648429318256,True
A2HT24092615-10,D1G09002081171,光缆外径,8.5,9.1,True,8.86,8.834455640049352,0.025544359950647078,True
A2HT24091410-10,D0G09001321005,光缆外径,8.8,9.4,False,8.38,8.468396718790467,0.08839671879046662,False
A2HT24091935-10,D1G09001443035,光缆外径,8.5,9.1,True,9.0,8.857635895253546,0.1423641047464539,True
A2HT2409045-10,D2G09000112001,光缆外径,11.0,11.6,True,11.6,11.203619557735186,0.39638044226481384,True
A2HT24083022-10,D0G07002702139,光缆外径,9.2,9.8,True,9.62,9.51636020078097,0.10363979921902988,True
A2HT24083052-10,D1G08002483007,光缆外径,8.7,9.3,True,9.0,9.05567309461688,0.05567309461688019,True
A2HT2410215-10,D2G10001301011,光缆外径,9.0,9.6,True,9.24,9.31727076132753,0.07727076132752941,True
A2HT24092015-10,D1G09001443176,光缆外径,8.5,9.1,False,9.12,8.843309649570626,0.27669035042937296,True
A2HT2409132-10,D2G09001172004,光缆外径,9.2,9.8,True,9.35,9.451189587419844,0.10118958741984407,True
A2HT24090333-10,D9G07001571001,光缆外径,16.7,17.3,True,17.1,17.05994382816258,0.04005617183742061,True
A2HT2410215-10,D2G10001301003,光缆外径,9.0,9.6,True,9.18,9.31727076132753,0.1372707613275299,True
A2HT24092615-10,D1G09002081163,光缆外径,8.5,9.1,True,9.0,8.834455640049352,0.16554435995064765,True
A2HT24092015-10,D1G09001443169,光缆外径,8.5,9.1,True,8.78,8.843309649570626,0.0633096495706269,True
A2HT24092853-10,D2G09002001121,光缆外径,9.0,9.6,True,9.11,9.265784997845662,0.1557849978456627,True
A2HT2410218-10,D2G10001304005,光缆外径,11.0,11.6,True,11.4,11.09804734003612,0.3019526599638809,True
A2HT24092615-10,D1G09002081072,光缆外径,8.5,9.1,True,8.75,8.834455640049352,0.08445564004935235,True
A2HT24083066-10,D2G08002426020,光缆外径,9.0,9.6,True,9.5,9.259972615032831,0.2400273849671688,True
A2HT24102313-10,D1G10001612002,光缆外径,8.5,9.1,True,8.7,8.713865648429318,0.013865648429318256,True
A2HT2410215-10,D2G10001301002,光缆外径,9.0,9.6,True,9.35,9.31727076132753,0.03272923867247002,True
A2HT24082311-10,D2G08001861015,光缆外径,12.9,13.5,True,13.15,13.090603681503746,0.05939631849625471,True
A2HT24102114-10,D2G10001342001,光缆外径,12.2,12.8,False,12.12,12.151400540084918,0.03140054008491866,False
A2HT2409048-10,D2G09000122002,光缆外径,14.6,15.2,True,14.95,15.048459119722839,0.09845911972283972,True
A2HT24092313-10,D1Z24090017059,光缆外径,16.1,16.7,True,16.4,16.326025525649754,0.07397447435024418,True
A2HT2409185-10,D6G09000861007,光缆外径,10.1,10.7,True,10.18,10.240749646500012,0.06074964650001213,True
A2HT24090413-10,D6G08001991013,光缆外径,7.8,8.4,True,8.25,8.256000504364744,0.006000504364743975,True
A2HT24092322-10,D0G09001762019,光缆外径,8.8,9.4,False,8.6,8.590727002287013,0.009272997712987063,False
A2HT24092510-10,D1G09001953010,光缆外径,8.7,9.3,True,9.12,9.08087924721781,0.03912075278218907,True
A2HT24102546-10,D1G10001612078,光缆外径,8.5,9.1,True,8.66,8.709080204495672,0.049080204495671964,True
A2HT24083071-10,D2G08002541003,光缆外径,12.2,12.8,True,12.55,12.412561659973342,0.13743834002665878,True
A2HT24091414-10,D2G09001262030,光缆外径,9.0,9.6,True,9.42,9.282290957419487,0.13770904258051253,True
A2HT2409305-10,D2G09002361001,光缆外径,17.2,18.2,False,17.0,17.002524993610542,0.002524993610542481,False
A2HT24082313-10,D2G08001862023,光缆外径,12.9,13.5,True,12.97,12.997540691693983,0.02754069169398221,True
A2HT24082629-10,D0G08002031022,光缆外径,18.4,19.0,False,18.18,18.16453745889461,0.01546254110538925,False
A2HT2409131-10,D2G09001171095,光缆外径,9.0,9.6,True,9.2,9.22697344943695,0.02697344943695157,True
A2HT24092853-10,D2G09002001136,光缆外径,9.0,9.6,True,9.1,9.265784997845662,0.16578499784566247,True
A2HT24091935-10,D1G09001443064,光缆外径,8.5,9.1,True,8.68,8.857635895253546,0.1776358952535464,True
A2HT24092828-10,D2G09002111010,光缆外径,9.0,9.6,True,9.25,9.368541360273877,0.11854136027387696,True
A2HT24090529-10,D2G09000271004,光缆外径,16.6,17.2,True,16.75,16.800624318118814,0.05062431811881396,True
A2HT2409191-10,D0G09000261002,光缆外径,15.5,16.5,True,15.52,15.649010831529568,0.12901083152956794,True
A2HT2410168-10,D2G10000264002,光缆外径,8.5,9.3,True,9.08,8.841716490935967,0.23828350906403273,True
A2HT24090325-10,D6G08001011002,光缆外径,16.7,17.3,False,17.45,17.05994382816258,0.3900561718374185,True
A2HT24092855-10,D9G09000781005,光缆外径,8.8,9.4,False,22.62,22.411531156677928,0.20846884332207338,False
A2HT2410167-10,D2G10000871003,光缆外径,9.2,9.8,True,9.42,9.39385858362487,0.026141416375130788,True
A2HT24101827-10,D1G10001101060,光缆外径,10.6,11.2,True,10.7,10.89744882176327,0.1974488217632704,True
A2HT24092825-10,D6G09000863020,光缆外径,10.1,10.7,True,10.2,10.282421994947631,0.08242199494763192,True
A2HT24092912-10,D0G09000391007,光缆外径,8.6,9.4,True,9.11,9.163366502081113,0.053366502081113154,True
A2FX2409065-10,D2G0800151300201,光缆外径,12.2,12.8,True,12.8,10.393695958021063,2.406304041978938,False
A2HT2409133-10,D0G09000271029,光缆外径,14.0,14.2,True,14.1,14.15228638736074,0.05228638736073954,True
A2HT24101410-10,D2G10000266026,光缆外径,10.9,11.7,False,10.8,10.825437910748683,0.025437910748681958,False
A2HT24092916-10,D0G09000771012,光缆外径,7.5,8.3,True,8.3,8.054340675990677,0.2456593240093241,True
A2HT24082924-10,D1G080032030,光缆外径,9.1,9.7,True,9.6,9.452517239098947,0.1474827609010525,True
A2HT24092812-10,D9G09000831002,光缆外径,17.2,18.2,False,16.6,17.002524993610542,0.40252499361054106,False
A2HT24083021-10,D1G08002335033,光缆外径,10.6,11.2,True,10.8,10.854876333224373,0.054876333224372686,True
A2HT24101728-10,D6G015011002,光缆外径,10.5,11.1,True,10.88,11.028680926996342,0.1486809269963416,True
A2HT24092017-10,D1Z24090017039,光缆外径,16.1,16.7,True,16.15,16.32131361831086,0.17131361831086167,True
A2HT24101239-10,D9G10000071001,光缆外径,12.3,12.9,False,13.1,12.928088522588563,0.1719114774114363,False
A2HT24101416-10,D2G10000791002,光缆外径,19.5,20.1,False,19.4,15.505161924390972,3.8948380756090266,False
A2HT24093011-10,D2G09002233002,光缆外径,9.2,9.8,True,9.52,9.417312674476511,0.10268732552348858,True
A2HT24082314-10,A2HT24082314100008,光缆外径,7.9,8.5,True,8.36,8.444220732800707,0.08422073280070741,True
A2HT24083067-10,D2G08002424062,光缆外径,9.0,9.6,False,9.75,9.302059116666818,0.4479408833331817,True
A2HT24100626-10,D2G09002373030,光缆外径,9.2,9.8,True,9.46,9.416558190271385,0.04344180972861622,True
A2HT24092615-10,D1G09002081024,光缆外径,8.5,9.1,True,8.8,8.834455640049352,0.034455640049351643,True
A2HT24091215-10,D1G09001041072,光缆外径,10.6,11.2,True,10.9,10.900551997719113,0.000551997719112407,True
A2HT2409123-10,D1G09001041012,光缆外径,10.6,11.2,True,11.0,10.980770699154084,0.01922930084591634,True
A2HT24083055-10,D2G08002472003,光缆外径,17.4,18.0,True,17.8,17.655959847388708,0.14404015261129288,True
A2HT24083034-10,D1G08002131049,光缆外径,12.1,12.7,True,12.7,12.724250623217387,0.024250623217387357,False
A2HT24092828-10,D2G09002111031,光缆外径,9.0,9.6,True,9.5,9.368541360273877,0.13145863972612304,True
A2HT24101216-10,D2G10000402050,光缆外径,12.7,13.3,True,12.71,12.85984983082898,0.14984983082897863,True
A2HT24102215-10,D2G10001504018,光缆外径,9.2,9.8,True,9.4,9.471353451493348,0.07135345149334782,True
A2HT24101115-10,D2G10000262037,光缆外径,9.0,9.6,True,9.18,9.21276211911785,0.032762119117849764,True
A2HT24090519-10,D9G09000053009,光缆外径,24.1,24.7,False,23.4,23.458794361257667,0.058794361257668015,False
A2HT24091437-10,D2G09001282002,光缆外径,16.8,17.4,True,17.25,16.410963376195532,0.8390366238044678,False
A2HT24102546-10,D1G10001612086,光缆外径,8.5,9.1,True,8.68,8.709080204495672,0.02908020449567239,True
A2HT24101116-10,D2G10000263001,光缆外径,9.6,10.2,True,9.81,9.95174866795844,0.14174866795844032,True
A2HT2410167-10,D2G10000871016,光缆外径,9.2,9.8,True,9.5,9.39385858362487,0.10614141637513086,True
A2HT24091215-10,D1G09001041078,光缆外径,10.6,11.2,True,10.9,10.900551997719113,0.000551997719112407,True
A2HT2410168-10,D2G10000264003,光缆外径,8.5,9.3,True,8.75,8.841716490935967,0.09171649093596734,True
A2HT24092324-10,D2G09001484046,光缆外径,9.2,9.8,True,9.53,9.477552647887022,0.052447352112977796,True
A2HT24083025-10,D1G08002339006,光缆外径,16.4,17.0,True,16.8,16.70001313026732,0.09998686973268178,True
A2HT24092511-10,D1G09001955002,光缆外径,10.6,11.2,True,10.92,10.928444293001267,0.0084442930012667,True
A2HT2410091-10,D2G09002111052,光缆外径,9.0,9.6,True,9.38,9.321158352432313,0.058841647567687616,True
A2HT24100917-10,D0G09002581011,光缆外径,10.7,11.3,True,11.12,11.019412807922741,0.10058719207725808,True
A2HT24091225-10,D2G09001171005,光缆外径,9.0,9.6,True,9.25,9.278455475264362,0.028455475264362207,True
A2HT24092853-10,D2G09002001100,光缆外径,9.0,9.6,True,9.4,9.265784997845662,0.13421500215433824,True
A2HT24101243-10,D0G10000162034,光缆外径,9.6,10.4,True,10.1,10.073798998500568,0.026201001499432053,True
A2HT24083025-10,D1G08002339001,光缆外径,16.4,17.0,True,16.6,16.70001313026732,0.10001313026731751,True
A2HT24082313-10,D2G08001862012,光缆外径,12.9,13.5,True,13.08,12.997540691693983,0.08245930830601722,True
A2HT24083034-10,D1G08002131002,光缆外径,12.1,12.7,True,12.6,12.724250623217387,0.124250623217387,False
A2HT2410167-10,D2G10000871018,光缆外径,9.2,9.8,True,9.47,9.39385858362487,0.0761414163751315,True
A2HT24092040-10,D0G09000341005,光缆外径,7.8,8.0,False,8.12,8.062964826039218,0.05703517396078084,False
A2HT24092417-10,D2G09001362001,光缆外径,10.2,10.8,True,10.45,10.45378997171685,0.00378997171685036,True
A2HT24083053-10,D1G08002481007,光缆外径,8.5,9.1,True,9.0,9.053220194055664,0.05322019405566358,True
A2HT24101720-10,D6G09002491016,光缆外径,9.5,10.1,True,9.89,9.889861449483611,0.0001385505163895573,True
A2HT24101219-10,D6G09000865042,光缆外径,9.8,10.4,True,10.21,10.285931564040487,0.07593156404048607,True
A2HT24092015-10,D1G09001443128,光缆外径,8.5,9.1,True,8.8,8.843309649570626,0.04330964957062555,True
A2HT24100648-10,D6G09000863030,光缆外径,10.1,10.7,True,10.27,10.190873740264369,0.07912625973563081,True
A2HT24082314-10,A2HT24082314100005,光缆外径,7.9,8.5,True,8.48,8.444220732800707,0.035779267199293585,True
A2HT24083043-10,D1G08002489003,光缆外径,16.4,17.0,True,16.7,16.70001313026732,1.3130267319638733e-05,True
A2HT24082923-10,D1G08002333004,光缆外径,8.7,9.3,True,9.02,9.036084668748561,0.016084668748561626,True
A2HT24091033-10,D2G09000721002,光缆外径,11.8,12.4,True,12.11,12.179109190503066,0.06910919050306674,True
A2HT2409132-10,D2G09001172016,光缆外径,9.2,9.8,True,9.5,9.451189587419844,0.04881041258015628,True
A2HT24102313-10,D1G10001612026,光缆外径,8.5,9.1,True,8.7,8.713865648429318,0.013865648429318256,True
A2HT24101835-10,D0G10000203001,光缆外径,16.5,17.1,True,17.1,15.951959262083502,1.1480407379164994,False
A2HT24083034-10,D1G08002131020,光缆外径,12.1,12.7,True,12.7,12.724250623217387,0.024250623217387357,False
A2HT24101413-10,D2G10000762016,光缆外径,16.8,17.4,True,16.8,16.81131895889873,0.011318958898730358,True
A2HT2409198-10,D6G09000861018,光缆外径,10.1,10.7,True,10.2,10.18911654881872,0.010883451181278758,True
A2HT24083021-10,D1G08002335030,光缆外径,10.6,11.2,True,10.9,10.854876333224373,0.04512366677562696,True
A2HT24101229-10,D2G10000673002,光缆外径,13.6,14.2,True,14.0,14.107688067372463,0.10768806737246273,True
A2HT24092510-10,D1G09001953027,光缆外径,8.7,9.3,True,8.95,9.08087924721781,0.13087924721781086,True
A2HT24091916-10,A2HT24091916100001,光缆外径,10.1,10.7,True,10.4,10.421169431216931,0.021169431216931045,True
A2HT24092056-10,D2G09001671007,光缆外径,17.4,18.0,False,17.1,17.01833161767427,0.0816683823257307,False
A2HT24083068-10,D6G08002361001,光缆外径,8.8,9.4,False,9.5,10.79361595916089,1.2936159591608902,False
A2HT24100626-10,D2G09002373007,光缆外径,9.2,9.8,True,9.4,9.416558190271385,0.016558190271384277,True
A2HT24092615-10,D1G09002081048,光缆外径,8.5,9.1,True,8.85,8.834455640049352,0.01554435995064729,True
A2HT24082930-10,D2G08002424008,光缆外径,9.0,9.6,True,9.15,9.214608878623682,0.06460887862368203,True
A2HT2409306-10,D2G09002374009,光缆外径,11.0,11.6,True,11.22,11.24190236673137,0.021902366731369582,True
A2HT24092320-10,D0G09001761003,光缆外径,11.8,12.4,True,12.15,12.171906140882225,0.021906140882224534,True
A2HT2409184-10,D2G09001262075,光缆外径,9.0,9.6,True,9.44,9.282290957419487,0.1577090425805121,True
A2HT24102215-10,D2G10001504012,光缆外径,9.2,9.8,True,9.48,9.471353451493348,0.008646548506652252,True
A2HT24101115-10,D2G10000262053,光缆外径,9.0,9.6,True,9.16,9.21276211911785,0.05276211911784934,True
A2HT24092721-10,D9G09000181002,光缆外径,12.7,13.3,True,13.3,13.082952150102367,0.21704784989763404,True
A2HT24091119-10,D2G09000752008,光缆外径,9.0,9.6,True,9.28,9.340334472968594,0.060334472968595065,True
A2HT24083050-10,D1G08002485008,光缆外径,10.6,11.2,True,11.0,10.854876333224373,0.1451236667756266,True
A2HT2409199-10,D6G09000867029,光缆外径,9.9,10.5,True,10.2,10.240567777252569,0.040567777252569215,True
A2HT2409204-10,A2HT2409204100008,光缆外径,9.0,9.6,False,8.9,9.02379475600613,0.12379475600612899,True
A2HT2409029-10,D2G08002463001,光缆外径,17.2,18.2,True,17.5,17.47435726989406,0.02564273010593965,True
A2HT24101026-10,D6G09002531002,光缆外径,12.8,13.4,True,13.3,13.274240182387059,0.02575981761294166,True
A2HT24092828-10,D2G09002111046,光缆外径,9.0,9.6,True,9.3,9.368541360273877,0.06854136027387625,True
A2HT24092056-10,D2G09001671011,光缆外径,17.4,18.0,False,17.15,17.01833161767427,0.13166838232572786,False
A2HT24101826-10,D2G10001081002,光缆外径,12.2,12.8,True,12.5,12.742902035880793,0.2429020358807925,True
A2HT24092832-10,D1G09002021003,光缆外径,13.2,13.8,True,13.38,13.428228030302838,0.04822803030283751,True
A2HT24091313-10,D9G09000251001,光缆外径,17.2,18.2,True,17.75,17.48802493409368,0.26197506590632,True
A2HT24100917-10,D0G09002581008,光缆外径,10.7,11.3,True,10.92,11.019412807922741,0.09941280792274121,True
A2HT24083067-10,D2G08002424051,光缆外径,9.0,9.6,True,9.15,9.302059116666818,0.15205911666681793,True
A2HT24100917-10,D0G09002581002,光缆外径,10.7,11.3,True,11.0,11.019412807922741,0.019412807922741138,True
A2HT24083034-10,D1G08002131030,光缆外径,12.1,12.7,True,12.7,12.724250623217387,0.024250623217387357,False
A2FX2409063-10,D2G030017610320102,光缆外径,9.0,9.6,False,8.86,10.206219214982996,1.3462192149829963,False
A2HT24092322-10,D0G09001762021,光缆外径,8.8,9.4,False,8.6,8.590727002287013,0.009272997712987063,False
A2HT24101725-10,D9G10000152001,光缆外径,12.9,13.5,False,14.12,12.015760788893836,2.1042392111061634,False
A2HT24091215-10,D1G09001041070,光缆外径,10.6,11.2,True,11.0,10.900551997719113,0.09944800228088724,True
A2HT24091935-10,D1G09001443082,光缆外径,8.5,9.1,True,8.85,8.857635895253546,0.007635895253546465,True
A2HT24102546-10,D1G10001612072,光缆外径,8.5,9.1,True,8.82,8.709080204495672,0.11091979550432818,True
A2HT24092417-10,D2G09001362025,光缆外径,10.2,10.8,True,10.53,10.45378997171685,0.07621002828314971,True
A2HT24083021-10,D1G08002335012,光缆外径,10.6,11.2,True,10.86,10.854876333224373,0.0051236667756260346,True
A2HT24091215-10,D1G09001041076,光缆外径,10.6,11.2,True,10.9,10.900551997719113,0.000551997719112407,True
A2HT24082629-10,D0G08002031035,光缆外径,18.4,19.0,False,18.1,18.16453745889461,0.06453745889460905,False
A2HT2410158-10,D2G10000266045,光缆外径,10.9,11.7,True,10.9,10.825437910748683,0.07456208925131769,False
A2HT24083034-10,D1G08002131148,光缆外径,12.1,12.7,False,12.75,12.724250623217387,0.025749376782613353,False
A2HT24091935-10,D1G09001443094,光缆外径,8.5,9.1,True,8.85,8.857635895253546,0.007635895253546465,True
A2HT24091119-10,D2G09000752003,光缆外径,9.0,9.6,True,9.24,9.340334472968594,0.10033447296859421,True
A2HT24092855-10,D9G09000781010,光缆外径,8.8,9.4,False,22.232,22.411531156677928,0.1795311566779283,False
A2HT24100626-10,D2G09002373006,光缆外径,9.2,9.8,True,9.48,9.416558190271385,0.0634418097286158,True
A2HT24091414-10,D2G09001262036,光缆外径,9.0,9.6,True,9.28,9.282290957419487,0.0022909574194880378,True
A2HT2410211-10,D6G10000711011,光缆外径,10.2,10.8,False,11.0,10.974128835183064,0.025871164816935632,False
A2HT24100616-10,D2G09002371023,光缆外径,11.0,11.6,True,11.22,11.241012313187762,0.021012313187760867,True
A2HT24083034-10,D1G08002131140,光缆外径,12.1,12.7,True,12.7,12.724250623217387,0.024250623217387357,False
A2HT24092015-10,D1G09001443130,光缆外径,8.5,9.1,True,8.7,8.843309649570626,0.14330964957062697,True
A2HT2410221-10,D0G10000191004,光缆外径,12.8,13.6,True,13.3,13.256665861380352,0.043334138619648854,True
A2HT24082930-10,D2G08002424022,光缆外径,9.0,9.6,True,9.17,9.214608878623682,0.04460887862368246,True
A2HT2410123-10,D2G10000401022,光缆外径,12.9,13.5,True,13.2,13.166105097019413,0.033894902980586394,True
A2HT24092324-10,D2G09001484004,光缆外径,9.2,9.8,True,9.45,9.477552647887022,0.027552647887022275,True
A2FX2410248-10,D1G0800233600201,光缆外径,10.6,11.2,False,11.46,11.558769318114232,0.09876931811423084,False
A2HT24091936-10,D2G09001501002,光缆外径,17.2,18.2,True,17.56,17.545251324728927,0.014748675271071932,True
A2HT24092850-10,D2G09002001039,光缆外径,9.0,9.6,True,9.12,9.217248441545994,0.09724844154599488,True
A2FX2409069-10,D1G0800255200501,光缆外径,8.7,9.3,True,9.08,9.69184348947806,0.6118434894780602,False
A2HT2409045-10,D2G09000112002,光缆外径,11.0,11.6,True,11.6,11.203619557735186,0.39638044226481384,True
A2HT24101116-10,D2G10000263004,光缆外径,9.6,10.2,True,9.86,9.95174866795844,0.09174866795844139,True
A2HT24091935-10,D1G09001443098,光缆外径,8.5,9.1,True,8.9,8.857635895253546,0.042364104746454245,True
A2HT2409252-10,D2G09001362042,光缆外径,10.2,10.8,True,10.65,10.431145076358444,0.21885492364155645,True
A2HT2409123-10,D1G09001041060,光缆外径,10.6,11.2,True,10.9,10.980770699154084,0.0807706991540833,True
A2HT2409267-10,D1Z24090017090,光缆外径,16.1,16.7,True,16.32,16.32131361831086,0.0013136183108599653,True
A2HT24101020-10,D0G10000061001,光缆外径,8.8,9.4,False,12.82,8.865384974863098,3.9546150251369028,True
A2HT24091123-10,D2G09000756002,光缆外径,16.8,17.4,True,17.18,16.88616274777101,0.2938372522289896,True
A2HT24082314-10,A2HT24082314100006,光缆外径,7.9,8.5,True,8.33,8.444220732800707,0.11422073280070677,True
A2HT2410215-10,D2G10001301019,光缆外径,9.0,9.6,True,9.3,9.31727076132753,0.017270761327528916,True
A2HT24083052-10,D1G08002483001,光缆外径,8.7,9.3,True,9.1,9.05567309461688,0.04432690538311945,True
A2HT24091113-10,D2F12000751040,光缆外径,17.4,18.0,True,17.4,17.180082396938257,0.21991760306174157,False
A2HT24092815-10,D1G09002191003,光缆外径,13.2,13.8,True,13.7,11.777622460515394,1.9223775394846054,False
A2HT24082810-10,D1G080031019,光缆外径,8.7,9.3,True,9.07,9.036084668748561,0.033915331251439085,True
A2HT24100920-10,D2G09002421009,光缆外径,10.2,10.8,True,10.21,10.329927827101535,0.11992782710153449,True
A2HT2409185-10,D6G09000861003,光缆外径,10.1,10.7,True,10.15,10.240749646500012,0.0907496465000115,True
A2HT24101245-10,D6G09002492006,光缆外径,9.4,10.0,True,9.87,9.829027897780724,0.04097210221927483,True
A2HT2409201-10,D1Z24090017010,光缆外径,16.1,16.7,True,16.2,16.32131361831086,0.12131361831086096,True
A2HT24082929-10,D2G08002422047,光缆外径,9.0,9.6,True,9.2,9.210228631365935,0.010228631365935215,True
A2HT24090317-10,D6G823012001,光缆外径,13.4,14.4,True,13.8,13.776108109360674,0.02389189063932662,True
A2HT24092850-10,D2G09002001083,光缆外径,9.0,9.6,True,9.15,9.217248441545994,0.06724844154599374,True
A2HT24101618-10,D2G10000871030,光缆外径,9.2,9.8,True,9.32,9.39385858362487,0.07385858362486886,True
A2HT2409027-10,D1G08002552023,光缆外径,8.7,9.3,True,9.0,9.11405799663093,0.11405799663092964,True
A2HT24090313-10,D1G08002501008,光缆外径,15.9,16.9,True,16.42,16.251585661032006,0.1684143389679953,True
A2HT2410168-10,D2G10000264001,光缆外径,8.5,9.3,True,9.06,8.841716490935967,0.21828350906403315,True
A2HT24083025-10,D1G08002339008,光缆外径,16.4,17.0,True,16.8,16.70001313026732,0.09998686973268178,True
A2HT24092717-10,D2G09002001012,光缆外径,9.0,9.6,True,9.15,9.166140928077137,0.016140928077136962,True
A2HT2409194-10,D2G09000991018,光缆外径,8.5,9.3,True,8.92,8.887795550949052,0.03220444905094766,True
A2HT24090225-10,D2G08002521008,光缆外径,12.7,13.3,False,14.14,13.868620009036103,0.2713799909638972,False
A2HT24102321-10,D2G10001624001,光缆外径,16.4,17.0,False,16.18,15.896086714531389,0.2839132854686106,False
A2HT24092828-10,D2G09002111024,光缆外径,9.0,9.6,True,9.6,9.368541360273877,0.23145863972612268,True
A2HT24100625-10,D2G09002372009,光缆外径,9.0,9.6,True,9.45,9.283137857286098,0.1668621427139012,True
A2HT24090322-10,D6G08001002003,光缆外径,16.7,17.3,True,17.18,17.286275186387684,0.10627518638768407,True
A2HT24082929-10,D2G08002422004,光缆外径,9.0,9.6,True,9.3,9.210228631365935,0.0897713686340662,True
A2HT24101219-10,D6G09000865046,光缆外径,9.8,10.4,True,10.35,10.285931564040487,0.06406843595951273,True
A2HT24082312-10,A2HT24082312100007,光缆外径,7.9,8.5,True,8.38,8.427145065015898,0.0471450650158971,True
A2HT24090628-10,D2G09000441048,光缆外径,9.6,10.2,True,10.08,10.056168437686827,0.023831562313173293,True
A2HT24082031-10,D6G08001501029,光缆外径,9.3,10.3,True,9.66,9.769757277111871,0.10975727711187133,True
A2HT24092829-10,D6G09000869010,光缆外径,11.0,11.6,True,11.32,11.326357502709708,0.0063575027097080294,True
A2HT24092510-10,D1G09001953005,光缆外径,8.7,9.3,True,9.1,9.08087924721781,0.0191207527821895,True
A2HT24102546-10,D1G10001612071,光缆外径,8.5,9.1,True,8.7,8.709080204495672,0.009080204495672817,True
A2HT24091127-10,D2G09000751005,光缆外径,9.6,10.2,True,9.86,9.858017374361866,0.0019826256381332286,True
A2HT24082624-10,D1G080022045,光缆外径,10.6,11.2,True,10.9,10.84196619532428,0.058033804675719836,True
A2HT24090413-10,D6G08001991009,光缆外径,7.8,8.4,True,8.3,8.256000504364744,0.043999495635256736,True
A2HT24090433-10,D9G09000052003,光缆外径,17.3,17.9,True,17.42,17.21727374169979,0.2027262583002134,False
A2HT24090919-10,D2G09000671016,光缆外径,11.0,11.6,True,11.0,11.222757849359152,0.22275784935915155,True
A2HT24083034-10,D1G08002131036,光缆外径,12.1,12.7,True,12.7,12.724250623217387,0.024250623217387357,False
A2HT24090324-10,A2HT24090324100002,光缆外径,11.5,12.1,False,11.48,11.486888440494692,0.006888440494691395,False
A2HT2409132-10,D2G09001172020,光缆外径,9.2,9.8,True,9.48,9.451189587419844,0.028810412580156708,True
A2HT24090411-10,A2HT24090411100001,光缆外径,7.9,8.5,True,7.9,8.408145700682413,0.5081457006824124,True
A2HT24083053-10,D1G08002481002,光缆外径,8.5,9.1,True,9.1,9.053220194055664,0.04677980594433606,True
A2HT24100911-10,D2G10000051043,光缆外径,9.2,9.8,True,9.36,9.416558190271385,0.0565581902713852,True
A2HT24092511-10,D1G09001955019,光缆外径,10.6,11.2,True,11.2,10.928444293001267,0.27155570699873266,True
A2HT24091225-10,D2G09001171028,光缆外径,9.0,9.6,True,9.15,9.278455475264362,0.12845547526436185,True
A2HT24090418-10,D2G09000052001,光缆外径,13.0,13.6,True,13.05,11.47876214145408,1.5712378585459206,False
A2HT24092521-10,D2G09002051019,光缆外径,9.0,9.6,True,9.2,9.1652122493271,0.03478775067289952,True
A2HT2409046-10,D2G09000121001,光缆外径,13.8,14.4,False,14.42,14.480847884358797,0.06084788435879673,False
A2HT24100416-10,D9G09000971003,光缆外径,13.4,14.0,False,13.28,12.526654820526696,0.7533451794733033,False
A2HT24090413-10,D6G08001991002,光缆外径,7.8,8.4,True,8.38,8.256000504364744,0.1239994956352568,True
A2HT24091424-10,A2HT24091424100001,光缆外径,7.4,8.0,True,7.65,9.007528051346801,1.3575280513468009,False
A2HT24100626-10,D2G09002373024,光缆外径,9.2,9.8,True,9.45,9.416558190271385,0.03344180972861466,True
A2HT2409306-10,D2G09002374006,光缆外径,11.0,11.6,True,11.27,11.24190236673137,0.02809763326862935,True
A2HT2409269-10,D1G09001952002,光缆外径,9.5,10.1,True,9.8,9.864385309661076,0.06438530966107514,True
A2HT2410123-10,D2G10000401042,光缆外径,12.9,13.5,True,13.18,13.166105097019413,0.01389490298058682,True
A2HT2409133-10,D0G09000271026,光缆外径,14.0,14.2,True,14.13,14.15228638736074,0.022286387360738402,True
A2HT2409061-10,D1G09000221002,光缆外径,15.9,16.9,True,16.35,16.387611497365604,0.037611497365602986,True
A2HT24100911-10,D2G10000051054,光缆外径,9.2,9.8,True,9.32,9.416558190271385,0.09655819027138435,True
A2HT24091036-10,D2G09000762029,光缆外径,11.0,11.6,True,11.28,11.268589962709276,0.011410037290723096,True
A2HT2410167-10,D2G10000871040,光缆外径,9.2,9.8,True,9.45,9.39385858362487,0.05614141637513015,True
A2HT24101116-10,D2G10000263023,光缆外径,9.6,10.2,True,10.0,9.95174866795844,0.04825133204155918,True
A2HT2409045-10,D2G09000112013,光缆外径,11.0,11.6,False,10.95,11.203619557735186,0.2536195577351865,True
A2HT24092615-10,D1G09002081095,光缆外径,8.5,9.1,True,8.8,8.834455640049352,0.034455640049351643,True
A2HT24092012-10,D6G09000867022,光缆外径,9.9,10.5,True,10.2,10.240567777252569,0.040567777252569215,True
A2HT24101717-10,D2G10000264044,光缆外径,8.5,9.3,True,8.86,8.81299177241787,0.04700822758212908,True
A2HT24092017-10,D1Z24090017045,光缆外径,16.1,16.7,True,16.4,16.32131361831086,0.07868638168913833,True
A2HT24100920-10,D2G09002421025,光缆外径,10.2,10.8,True,10.35,10.329927827101535,0.020072172898464302,True
A2HT24101114-10,D2G10000261006,光缆外径,9.0,9.6,True,9.18,9.170798875559383,0.009201124440616937,True
A2HT24101243-10,D0G10000162030,光缆外径,9.6,10.4,True,10.19,10.073798998500568,0.11620100149943191,True
A2HT24102546-10,D1G10001612082,光缆外径,8.5,9.1,True,8.7,8.709080204495672,0.009080204495672817,True
A2HT24092017-10,D1Z24090017036,光缆外径,16.1,16.7,True,16.52,16.32131361831086,0.19868638168913932,True
A2HT24102546-10,D1G10001612060,光缆外径,8.5,9.1,True,8.67,8.709080204495672,0.03908020449567218,True
A2HT24082929-10,D2G08002422042,光缆外径,9.0,9.6,True,9.48,9.210228631365935,0.2697713686340659,True
A2HT2410123-10,D2G10000401049,光缆外径,12.9,13.5,True,13.1,13.166105097019413,0.06610509701941325,True
A2HT2409204-10,A2HT2409204100003,光缆外径,9.0,9.6,False,8.75,9.02379475600613,0.27379475600612935,True
A2HT24100611-10,D1G09002261022,光缆外径,16.4,17.0,True,16.43,16.556491488718805,0.12649148871880556,True
A2HT24101215-10,D0G10000162008,光缆外径,9.6,10.4,True,9.9,9.85574336942128,0.044256630578720646,True
A2HT24101245-10,D6G09002492003,光缆外径,8.8,9.4,False,9.68,9.829027897780724,0.14902789778072467,False
A2HT24102217-10,A2HT24102217100001,光缆外径,7.5,8.1,True,7.75,7.838947490472484,0.08894749047248407,True
A2HT24092853-10,D2G09002001127,光缆外径,9.0,9.6,True,9.1,9.265784997845662,0.16578499784566247,True
A2HT24082925-10,D1G080033030,光缆外径,10.6,11.2,True,10.8,10.854876333224373,0.054876333224372686,True
A2HT24083034-10,D1G08002131083,光缆外径,12.1,12.7,True,12.7,12.724250623217387,0.024250623217387357,False
A2HT24092615-10,D1G09002081115,光缆外径,8.5,9.1,True,8.85,8.834455640049352,0.01554435995064729,True
A2HT24100911-10,D2G10000051025,光缆外径,9.2,9.8,True,9.45,9.416558190271385,0.03344180972861466,True
A2HT24090425-10,D1G08002482002,光缆外径,9.5,10.1,True,9.9,11.016818929797067,1.1168189297970663,False
A2HT24092041-10,D0G09000342003,光缆外径,7.8,8.0,True,7.95,8.099987150955155,0.14998715095515447,False
A2HT24091931-10,D0G09000351003,光缆外径,8.8,9.4,False,8.26,8.531946398348879,0.271946398348879,False
A2HT24102552-10,D0G06001401002,光缆外径,8.8,9.4,False,8.55,8.569705913920906,0.01970591392090526,False
A2HT2409132-10,D2G09001172029,光缆外径,9.2,9.8,True,9.48,9.451189587419844,0.028810412580156708,True
A2HT2409027-10,D1G08002552018,光缆外径,8.7,9.3,True,9.2,9.11405799663093,0.08594200336906965,True
A2HT24101618-10,D2G10000871037,光缆外径,9.2,9.8,True,9.34,9.39385858362487,0.05385858362486928,True
A2HT2409126-10,D2G09000242001,光缆外径,16.4,17.0,True,16.45,16.263686366006674,0.18631363399332557,False
A2HT24090424-10,D1G08002336002,光缆外径,11.6,12.2,False,11.56,11.707326307604442,0.1473263076044411,True
A2HT24091935-10,D1G09001443103,光缆外径,8.5,9.1,True,8.85,8.857635895253546,0.007635895253546465,True
A2HT24100611-10,D1G09002261007,光缆外径,16.4,17.0,True,16.5,16.556491488718805,0.05649148871880527,True
A2HT24101827-10,D1G10001101037,光缆外径,10.6,11.2,True,10.92,10.89744882176327,0.02255117823673025,True
A2HT24091429-10,D0G09000271039,光缆外径,14.0,14.2,True,14.15,14.15228638736074,0.0022863873607388285,True
A2HT24101116-10,D2G10000263009,光缆外径,9.6,10.2,True,10.2,9.95174866795844,0.24825133204155847,True
A2HT24102429-10,D0G10000845008,光缆外径,8.25,8.85,True,8.45,8.52192947574067,0.07192947574067077,True
A2HT24091414-10,D2G09001262023,光缆外径,9.0,9.6,True,9.2,9.282290957419487,0.08229095741948811,True
A2HT24091936-10,D2G09001501004,光缆外径,17.2,18.2,True,17.56,17.545251324728927,0.014748675271071932,True
A2HT24092013-10,D2G09001361038,光缆外径,10.8,11.4,True,11.36,11.066571306366903,0.2934286936330963,True
A2HT24102316-10,D0Z24100011011,光缆外径,9.2,9.8,True,9.38,9.441025712414303,0.061025712414302546,True
A2HT24090410-10,D2G09000123008,光缆外径,12.9,13.5,True,12.95,13.046614953782681,0.09661495378268192,True
A2HT24092850-10,D2G09002001089,光缆外径,9.0,9.6,True,9.15,9.217248441545994,0.06724844154599374,True
A2HT2409184-10,D2G09001262074,光缆外径,9.0,9.6,True,9.43,9.282290957419487,0.14770904258051232,True
A2HT24090950-10,D2G09000521001,光缆外径,9.2,9.8,True,9.5,9.834022885968203,0.33402288596820284,False
A2HT2409132-10,D2G09001172031,光缆外径,9.2,9.8,True,9.46,9.451189587419844,0.008810412580157134,True
A2HT2409205-10,D1Z24090017032,光缆外径,16.1,16.7,True,16.25,16.32131361831086,0.07131361831086025,True
A2HT24101119-10,D6G09002442002,光缆外径,11.1,12.1,True,11.56,11.5493514317858,0.010648568214200793,True
A2HT2409266-10,D1G09001443205,光缆外径,8.5,9.1,True,9.1,8.964253217022778,0.13574678297722187,True
A2HT24083032-10,D2G08002292003,光缆外径,17.4,18.0,True,17.65,17.64910880354136,0.0008911964586388876,True
A2HT2409027-10,D1G08002552002,光缆外径,8.7,9.3,True,9.05,9.11405799663093,0.06405799663092893,True
A2HT24092032-10,D0G09001543001,光缆外径,8.8,9.4,True,9.2,9.857776354305148,0.6577763543051489,False
A2HT24091225-10,D2G09001171001,光缆外径,9.0,9.6,True,9.12,9.278455475264362,0.158455475264363,True
A2HT24101115-10,D2G10000262059,光缆外径,9.0,9.6,True,9.2,9.21276211911785,0.01276211911785019,True
A2HT24090912-10,D2G09000451001,光缆外径,12.2,12.8,True,12.5,12.488212148962157,0.011787851037842856,True
A2HT24091441-10,D2G09001261047,光缆外径,9.0,9.6,True,9.25,9.261479476349068,0.011479476349068207,True
A2HT24101218-10,D2G10000266011,光缆外径,10.9,11.7,True,10.9,10.825437910748683,0.07456208925131769,False
A2HT24083054-10,D2G08002471003,光缆外径,17.4,18.0,True,17.8,17.64910880354136,0.15089119645864102,True
A2HT24090328-10,D6G08001012002,光缆外径,16.7,17.3,False,17.35,17.286275186387684,0.06372481361231763,True
A2HT24090628-10,D2G09000441062,光缆外径,9.6,10.2,True,10.1,10.056168437686827,0.04383156231317287,True
A2HT24092310-10,D6G09000863006,光缆外径,10.1,10.7,True,10.22,10.224527513238238,0.004527513238237191,True
A2HT24092015-10,D1G09001443132,光缆外径,8.5,9.1,True,8.7,8.843309649570626,0.14330964957062697,True
A2HT2409257-10,D1G09001951003,光缆外径,8.5,9.1,True,8.9,8.964253217022778,0.06425321702277742,True
A2HT2409133-10,D0G09000271046,光缆外径,14.0,14.2,False,14.25,14.15228638736074,0.09771361263926082,True
A2HT24091442-10,DACG090031001,光缆外径,13.1,13.7,False,14.1,13.40183441454379,0.6981655854562092,True
A2HT24100924-10,D1G09002502038,光缆外径,8.5,9.1,True,8.9,8.805363232015567,0.09463676798443288,True
A2HT24101114-10,D2G10000261019,光缆外径,9.0,9.6,True,9.24,9.170798875559383,0.06920112444061743,True
A2HT24090225-10,D2G08002521009,光缆外径,12.7,13.3,False,13.85,13.868620009036103,0.018620009036103724,False
A2HT24101618-10,D2G10000871084,光缆外径,9.2,9.8,True,9.41,9.39385858362487,0.016141416375131,True
A2HT2409028-10,D2G08002453002,光缆外径,17.2,18.2,True,17.52,17.47435726989406,0.04564273010593922,True
A2HT24101115-10,D2G10000262023,光缆外径,9.0,9.6,True,9.15,9.21276211911785,0.06276211911784912,True
A2HT24090314-10,D1G08002491006,光缆外径,16.9,17.5,True,17.25,17.113129753205673,0.13687024679432724,True
A2HT2409123-10,D1G09001041024,光缆外径,10.6,11.2,True,11.12,10.980770699154084,0.13922930084591556,True
A2HT24091225-10,D2G09001171018,光缆外径,9.0,9.6,True,9.15,9.278455475264362,0.12845547526436185,True
A2HT2410167-10,D2G10000871049,光缆外径,9.2,9.8,True,9.6,9.39385858362487,0.2061414163751305,True
A2HT24090918-10,D2G09000681003,光缆外径,11.0,11.6,True,11.1,11.222757849359152,0.1227578493591519,True
A2HT24090628-10,D2G09000441035,光缆外径,9.6,10.2,True,10.16,10.056168437686827,0.10383156231317336,True
A2HT24091225-10,D2G09001171039,光缆外径,9.0,9.6,True,9.35,9.278455475264362,0.07154452473563744,True
A2HT24102544-10,D1G10001722003,光缆外径,16.9,17.5,True,17.25,17.228802354899894,0.02119764510010569,True
A2HT24083021-10,D1G08002335006,光缆外径,10.6,11.2,True,10.85,10.854876333224373,0.004876333224373752,True
A2HT24092850-10,D2G09002001052,光缆外径,9.0,9.6,True,9.12,9.217248441545994,0.09724844154599488,True
A2HT24091133-10,D0G09000881001,光缆外径,9.8,10.4,True,10.03,10.01940782460764,0.010592175392359238,True
A2HT24083036-10,D6G08001661012,光缆外径,8.2,9.2,True,8.96,8.930670412811082,0.029329587188918538,True
A2HT24092615-10,D1G09002081099,光缆外径,8.5,9.1,True,8.85,8.834455640049352,0.01554435995064729,True
A2HT24083040-10,D0G08000881001,光缆外径,8.7,9.3,True,9.08,9.20528797672236,0.12528797672236003,True
A2HT24101115-10,D2G10000262010,光缆外径,9.0,9.6,True,9.16,9.21276211911785,0.05276211911784934,True
A2HT24092717-10,D2G09002001003,光缆外径,9.0,9.6,True,9.15,9.166140928077137,0.016140928077136962,True
A2FX2409262-10,D0G0900034101001,光缆外径,7.8,8.0,True,8.0,8.018810900904635,0.018810900904634664,False
A2HT24083034-10,D1G08002131063,光缆外径,12.1,12.7,True,12.6,12.724250623217387,0.124250623217387,False
A2HT24090918-10,D2G09000681006,光缆外径,11.0,11.6,True,11.2,11.222757849359152,0.02275784935915226,True
A2HT2410271-10,D0G10001102001,光缆外径,14.0,14.6,True,14.58,14.312158124194212,0.26784187580578767,True
A2HT24092062-10,D9G09000512002,光缆外径,18.4,19.0,True,18.55,18.60983684024309,0.059836840243089995,True
A2HT24101827-10,D1G10001101040,光缆外径,10.6,11.2,True,11.0,10.89744882176327,0.10255117823673032,True
A2HT24092511-10,D1G09001955006,光缆外径,10.6,11.2,True,11.0,10.928444293001267,0.07155570699873337,True
A2HT24082313-10,D2G08001862002,光缆外径,12.9,13.5,False,12.89,12.997540691693983,0.10754069169398228,True
A2HT24101718-10,D6G09002493022,光缆外径,11.0,11.6,False,11.78,11.664680951665169,0.11531904833483075,False
A2HT2409306-10,D2G09002374003,光缆外径,11.0,11.6,True,11.25,11.24190236673137,0.008097633268629778,True
A2HT2409123-10,D1G09001041017,光缆外径,10.6,11.2,True,10.82,10.980770699154084,0.16077069915408337,True
A2HT24100616-10,D2G09002371030,光缆外径,11.0,11.6,True,11.3,11.241012313187762,0.058987686812239204,True
A2HT24092615-10,D1G09002081018,光缆外径,8.5,9.1,True,8.75,8.834455640049352,0.08445564004935235,True
A2HT24091225-10,D2G09001171091,光缆外径,9.0,9.6,True,9.3,9.278455475264362,0.021544524735638504,True
A2HT2409252-10,D2G09001362032,光缆外径,10.2,10.8,True,10.25,10.431145076358444,0.1811450763584439,True
A2HT24092853-10,D2G09002001104,光缆外径,9.0,9.6,True,9.3,9.265784997845662,0.03421500215433859,True
A2HT24083062-10,D2G08002441005,光缆外径,12.7,13.3,False,13.62,13.861361309517019,0.2413613095170195,False
A2HT24092855-10,D9G09000781001,光缆外径,8.8,9.4,False,22.62,22.411531156677928,0.20846884332207338,False
A2HT24092820-10,D0G09002071002,光缆外径,13.8,14.4,True,14.35,14.16424964683796,0.1857503531620388,True
A2HT2409027-10,D1G08002552030,光缆外径,8.7,9.3,True,8.92,9.11405799663093,0.1940579966309297,True
A2HT24090519-10,D9G09000053020,光缆外径,24.1,24.7,False,23.38,23.458794361257667,0.07879436125766759,False
A2HT24092410-10,D2G09001486008,光缆外径,13.3,13.9,True,13.5,13.476564317769649,0.023435682230351418,True
A2HT24091120-10,D2G09000758012,光缆外径,11.0,11.6,True,11.2,11.220851704157436,0.020851704157436757,True
A2HT24092510-10,D1G09001953004,光缆外径,8.7,9.3,True,9.1,9.08087924721781,0.0191207527821895,True
A2HT24101218-10,D2G10000266016,光缆外径,10.9,11.7,False,10.75,10.825437910748683,0.07543791074868267,False
A2HT24083062-10,D2G08002441008,光缆外径,12.7,13.3,False,13.9,13.861361309517019,0.03863869048298163,False
A2HT24092015-10,D1G09001443160,光缆外径,8.5,9.1,True,8.9,8.843309649570626,0.05669035042937409,True
A2HT24102546-10,D1G10001612080,光缆外径,8.5,9.1,True,8.67,8.709080204495672,0.03908020449567218,True
A2HT24092320-10,D0G09001761001,光缆外径,11.8,12.4,True,12.12,12.171906140882225,0.05190614088222567,True
A2HT24091935-10,D1G09001443118,光缆外径,8.5,9.1,True,8.98,8.857635895253546,0.12236410474645432,True
A2HT2410123-10,D2G10000401047,光缆外径,12.9,13.5,True,13.1,13.166105097019413,0.06610509701941325,True
A2HT24100920-10,D2G09002421026,光缆外径,10.2,10.8,True,10.37,10.329927827101535,0.040072172898463876,True
A2FX2409011-10,D1G03003100701,光缆外径,9.5,10.1,True,9.75,9.63980237053216,0.11019762946784084,True
A2HT24092013-10,D2G09001361044,光缆外径,10.8,11.4,True,11.0,11.066571306366903,0.06657130636690312,True
A2HT24090628-10,D2G09000441003,光缆外径,9.6,10.2,True,10.1,10.056168437686827,0.04383156231317287,True
A2HT24092837-10,D1G09002023009,光缆外径,16.4,17.0,True,16.65,16.660384116965506,0.010384116965507673,True
A2HT24083034-10,D1G08002131032,光缆外径,12.1,12.7,False,13.0,12.724250623217387,0.27574937678261335,False
A2HT2409123-10,D1G09001041059,光缆外径,10.6,11.2,True,10.88,10.980770699154084,0.10077069915408288,True
A2HT24090212-10,D1G08002554090,光缆外径,10.6,11.2,True,11.2,10.928053885267682,0.27194611473231767,True
A2HT24092826-10,D1Z24090017106,光缆外径,16.1,16.7,True,16.52,16.32131361831086,0.19868638168913932,True
A2HT24101612-10,D0G10000172001,光缆外径,8.35,8.95,True,8.42,8.58026492767016,0.16026492767016087,True
A2HT24101526-10,D9G09000867001,光缆外径,13.0,14.0,True,13.55,13.510105307377065,0.039894692622935324,True
A2HT24101411-10,D2G10000761016,光缆外径,11.0,11.6,True,11.25,11.193928234734726,0.056071765265274465,True
A2HT24083022-10,D0G07002702131,光缆外径,9.2,9.8,True,9.45,9.51636020078097,0.06636020078097005,True
A2HT24083022-10,D0G07002702109,光缆外径,9.2,9.8,True,9.52,9.51636020078097,0.0036397992190302375,True
A2HT24100620-10,D0G09002481002,光缆外径,9.9,10.5,True,10.42,9.68059143356645,0.7394085664335499,False
A2HT24092059-10,D2G09001481002,光缆外径,9.6,10.2,True,10.1,10.112354690564064,0.012354690564064796,True
A2HT24102113-10,D2G10001322001,光缆外径,13.6,14.2,True,13.9,13.603529687734651,0.2964703122653489,True
A2HT24083031-10,D2G08002282001,光缆外径,17.4,18.0,True,17.55,17.64910880354136,0.09910880354135898,True
A2HT24083034-10,D1G08002131096,光缆外径,12.1,12.7,True,12.7,12.724250623217387,0.024250623217387357,False
A2HT24091936-10,D2G09001501003,光缆外径,17.2,18.2,True,17.62,17.545251324728927,0.0747486752710742,True
A2HT24091225-10,D2G09001171002,光缆外径,9.0,9.6,True,9.15,9.278455475264362,0.12845547526436185,True
A2HT24082929-10,D2G08002422028,光缆外径,9.0,9.6,True,9.17,9.210228631365935,0.040228631365934575,True
A2HT24083022-10,D0G07002702142,光缆外径,9.2,9.8,True,9.62,9.51636020078097,0.10363979921902988,True
A2HT2409184-10,D2G09001262069,光缆外径,9.0,9.6,True,9.33,9.282290957419487,0.04770904258051267,True
A2HT24091441-10,D2G09001261090,光缆外径,9.0,9.6,True,9.3,9.261479476349068,0.0385205236509325,True
A2HT24101717-10,D2G10000264045,光缆外径,8.5,9.3,True,8.86,8.81299177241787,0.04700822758212908,True
A2HT24091441-10,D2G09001261063,光缆外径,9.0,9.6,True,9.12,9.261479476349068,0.141479476349069,True
A2HT2410124-10,A2HT2410124100014,光缆外径,7.9,8.5,True,8.5,8.427787055025334,0.07221294497466602,True
A2HT24092724-10,D6G09001721007,光缆外径,5.2,6.0,True,5.8,5.7480686149885285,0.05193138501147132,True
A2HT2409027-10,D1G08002552029,光缆外径,8.7,9.3,True,9.16,9.11405799663093,0.045942003369070505,True
A2HT2408305-10,D9G07001091002,光缆外径,8.35,8.95,True,8.56,9.029143957810277,0.4691439578102763,False
A2HT2410121-10,D0G10000091001,光缆外径,14.0,14.8,True,14.6,14.561865159797277,0.03813484020272284,True
A2HT24091935-10,D1G09001443055,光缆外径,8.5,9.1,True,8.91,8.857635895253546,0.05236410474645403,True
A2HT24091935-10,D1G09001443076,光缆外径,8.5,9.1,True,8.8,8.857635895253546,0.0576358952535454,True
A2HT24100924-10,D1G09002502035,光缆外径,8.5,9.1,True,8.9,8.805363232015567,0.09463676798443288,True
A2HT24092835-10,D1G09001957004,光缆外径,16.4,17.0,True,16.58,16.660384116965506,0.08038411696550796,True
A2HT24092615-10,D1G09002081167,光缆外径,8.5,9.1,True,8.9,8.834455640049352,0.065544359950648,True
A2HT24092525-10,D0G090011005,光缆外径,19.6,20.2,True,19.7,19.70403370460556,0.004033704605561184,True
A2HT24091441-10,D2G09001261067,光缆外径,9.0,9.6,True,9.18,9.261479476349068,0.08147947634906849,True
A2HT24092615-10,D1G09002081074,光缆外径,8.5,9.1,True,8.8,8.834455640049352,0.034455640049351643,True
A2HT24092322-10,D0G09001762002,光缆外径,8.8,9.4,False,8.45,8.590727002287013,0.1407270022870133,False
A2HT24091225-10,D2G09001171076,光缆外径,9.0,9.6,True,9.32,9.278455475264362,0.04154452473563808,True
A2HT24092717-10,D2G09002001031,光缆外径,9.0,9.6,True,9.15,9.166140928077137,0.016140928077136962,True
A2HT24092026-10,D6G0900086B008,光缆外径,6.6,7.0,True,6.7,6.974680890984013,0.2746808909840128,True
A2HT24091036-10,D2G09000762022,光缆外径,11.0,11.6,True,11.23,11.268589962709276,0.03858996270927584,True
A2HT24090619-10,D0G08000861005,光缆外径,13.5,14.1,True,13.68,13.714846523846516,0.03484652384651632,True
A2HT2409251-10,D0G09002031001,光缆外径,9.9,10.5,True,10.05,9.84701267992224,0.2029873200777601,False
A2HT24102516-10,D1G10001714010,光缆外径,13.2,13.8,True,13.4,13.393211425457146,0.00678857454285442,True
A2HT24092615-10,D1G09002081076,光缆外径,8.5,9.1,True,8.8,8.834455640049352,0.034455640049351643,True
A2HT24100919-10,D0G09002583002,光缆外径,10.7,11.3,True,11.2,11.214472160926059,0.01447216092605963,True
A2HT24083022-10,D0G07002702128,光缆外径,9.2,9.8,True,9.58,9.51636020078097,0.06363979921903073,True
A2HT24102546-10,D1G10001612068,光缆外径,8.5,9.1,True,8.7,8.709080204495672,0.009080204495672817,True
A2HT24083021-10,D1G08002335019,光缆外径,10.6,11.2,True,10.8,10.854876333224373,0.054876333224372686,True
A2HT24101216-10,D2G10000402037,光缆外径,12.7,13.3,True,12.88,12.85984983082898,0.020150169171021304,True
A2HT24092837-10,D1G09002023006,光缆外径,16.4,17.0,True,16.55,16.660384116965506,0.11038411696550554,True
A2HT24083034-10,D1G08002131028,光缆外径,12.1,12.7,True,12.7,12.724250623217387,0.024250623217387357,False
A2HT24083033-10,D2G08002302001,光缆外径,17.4,18.0,True,17.65,17.64910880354136,0.0008911964586388876,True
A2HT24091225-10,D2G09001171007,光缆外径,9.0,9.6,True,9.22,9.278455475264362,0.05845547526436157,True
A2HT24101245-10,D6G09002492009,光缆外径,9.4,10.0,True,9.9,9.829027897780724,0.07097210221927597,True
A2HT24092521-10,D2G09002051004,光缆外径,9.0,9.6,True,9.18,9.1652122493271,0.014787750672899946,True
A2HT2409184-10,D2G09001262067,光缆外径,9.0,9.6,True,9.37,9.282290957419487,0.08770904258051182,True
A2HT2410239-10,D2G09000401007,光缆外径,16.8,17.4,True,16.95,16.859513747229894,0.09048625277010558,True
A2HT24083062-10,D2G08002441002,光缆外径,12.7,13.3,False,13.62,13.861361309517019,0.2413613095170195,False
A2HT24091935-10,D1G09001443009,光缆外径,8.5,9.1,True,8.9,8.857635895253546,0.042364104746454245,True
A2HT2409205-10,D1Z24090017022,光缆外径,16.1,16.7,True,16.18,16.32131361831086,0.14131361831086053,True
A2HT24101717-10,D2G10000264049,光缆外径,8.5,9.3,True,8.87,8.81299177241787,0.05700822758212887,True
A2HT24091429-10,D0G09000271047,光缆外径,14.0,14.2,False,14.3,14.15228638736074,0.14771361263926153,True
A2HT24101030-10,D6G10000081001,光缆外径,12.8,13.4,True,13.1,13.211979368548107,0.11197936854810742,True
A2HT2410124-10,A2HT2410124100002,光缆外径,7.9,8.5,True,8.5,8.427787055025334,0.07221294497466602,True
A2HT24092852-10,D6G09000865012,光缆外径,9.8,10.4,True,10.2,10.32247263720076,0.12247263720075985,True
A2HT24102114-10,D2G10001342011,光缆外径,12.2,12.8,True,12.44,12.151400540084918,0.2885994599150816,False
A2HT24083034-10,D1G08002131057,光缆外径,12.1,12.7,True,12.48,12.724250623217387,0.24425062321738622,False
A2HT24092023-10,D6G09000868004,光缆外径,11.9,12.9,True,12.33,12.032980751017497,0.29701924898250276,True
A2HT24100626-10,D2G09002373027,光缆外径,9.2,9.8,True,9.46,9.416558190271385,0.04344180972861622,True
A2HT24102317-10,D0Z24100012011,光缆外径,11.0,11.6,True,11.36,11.28319508172073,0.07680491827926872,True
A2HT24102516-10,D1G10001714005,光缆外径,13.2,13.8,True,13.3,13.393211425457146,0.09321142545714522,True
A2HT2409203-10,D2G09001361002,光缆外径,10.8,11.4,True,11.1,11.066571306366903,0.03342869363309653,True
A2HT24101115-10,D2G10000262054,光缆外径,9.0,9.6,True,9.16,9.21276211911785,0.05276211911784934,True
A2HT2409267-10,D1Z24090017082,光缆外径,16.1,16.7,True,16.33,16.32131361831086,0.008686381689138045,True
A2HT24102316-10,D0Z24100011008,光缆外径,9.2,9.8,True,9.4,9.441025712414303,0.04102571241430297,True
A2HT24091119-10,D2G09000752007,光缆外径,9.0,9.6,True,9.16,9.340334472968594,0.18033447296859428,True
A2HT24102546-10,D1G10001612056,光缆外径,8.5,9.1,True,8.7,8.709080204495672,0.009080204495672817,True
A2HT24091414-10,D2G09001262038,光缆外径,9.0,9.6,True,9.35,9.282290957419487,0.06770904258051225,True
A2HT2409201-10,D1Z24090017013,光缆外径,16.1,16.7,True,16.2,16.32131361831086,0.12131361831086096,True
A2HT2409184-10,D2G09001262094,光缆外径,9.0,9.6,True,9.25,9.282290957419487,0.0322909574194874,True
A2HT24101024-10,D0G10000012001,光缆外径,9.9,10.5,True,10.25,10.307083137236017,0.05708313723601677,True
A2HT2409252-10,D2G09001362039,光缆外径,10.2,10.8,True,10.35,10.431145076358444,0.08114507635844426,True
A2HT2409199-10,D6G09000867031,光缆外径,9.9,10.5,True,10.25,10.240567777252569,0.009432222747431496,True
A2HT24083034-10,D1G08002131024,光缆外径,12.1,12.7,True,12.7,12.724250623217387,0.024250623217387357,False
A2HT24090314-10,D1G08002491003,光缆外径,16.9,17.5,True,17.25,17.113129753205673,0.13687024679432724,True
A2HT24092850-10,D2G09002001058,光缆外径,9.0,9.6,True,9.2,9.217248441545994,0.017248441545994808,True
A2HT2409027-10,D1G08002552012,光缆外径,8.7,9.3,True,8.98,9.11405799663093,0.1340579966309292,True
A2HT2409131-10,D2G09001171094,光缆外径,9.0,9.6,True,9.2,9.22697344943695,0.02697344943695157,True
A2HT2409123-10,D1G09001041042,光缆外径,10.6,11.2,False,11.21,10.980770699154084,0.2292293008459172,True
A2HT24090424-10,D1G08002336001,光缆外径,11.6,12.2,True,11.6,11.707326307604442,0.10732630760444195,True
A2HT24100625-10,D2G09002372003,光缆外径,9.0,9.6,True,9.12,9.283137857286098,0.16313785728609886,True
A2HT24092019-10,D1G09001041061,光缆外径,10.6,11.2,True,10.8,10.900551997719113,0.10055199771911205,True
A2HT24100611-10,D1G09002261018,光缆外径,16.4,17.0,True,16.62,16.556491488718805,0.06350851128119572,True
A2HT24101717-10,D2G10000264036,光缆外径,8.5,9.3,True,8.78,8.81299177241787,0.03299177241787099,True
A2HT24092850-10,D2G09002001085,光缆外径,9.0,9.6,True,9.2,9.217248441545994,0.017248441545994808,True
A2HT24100924-10,D1G09002502007,光缆外径,8.5,9.1,True,8.7,8.805363232015567,0.10536323201556819,True
A2HT24090642-10,DHHA2405001390001,光缆外径,7.5,8.1,False,8.2,9.525092509610085,1.3250925096100854,False
A2HT24101236-10,D2G10000671002,光缆外径,11.0,11.6,True,11.2,11.15905462922189,0.040945370778109336,True
A2HT24082923-10,D1G08002333028,光缆外径,8.7,9.3,True,9.1,9.036084668748561,0.06391533125143845,True
A2HT24091119-10,D2G09000752034,光缆外径,9.0,9.6,True,9.4,9.340334472968594,0.05966552703140593,True
A2HT24092015-10,D1G09001443126,光缆外径,8.5,9.1,True,8.8,8.843309649570626,0.04330964957062555,True
A2HT24091119-10,D2G09000752033,光缆外径,9.0,9.6,True,9.38,9.340334472968594,0.039665527031406356,True
A2HT24083067-10,D2G08002424058,光缆外径,9.0,9.6,False,9.8,9.302059116666818,0.4979408833331824,True
A2HT24082313-10,D2G08001862016,光缆外径,12.9,13.5,True,13.0,12.997540691693983,0.0024593083060171494,True
A2HT2409184-10,D2G09001262070,光缆外径,9.0,9.6,True,9.37,9.282290957419487,0.08770904258051182,True
A2HT2409199-10,D6G09000867034,光缆外径,9.9,10.5,True,10.35,10.240567777252569,0.10943222274743114,True
A2HT24092714-10,D0G09000641002,光缆外径,9.7,10.5,True,10.25,10.268194165093737,0.01819416509373717,True
A2HT24083053-10,D1G08002481012,光缆外径,8.5,9.1,True,8.81,9.053220194055664,0.24322019405566309,True
A2HT24083036-10,D6G08001661007,光缆外径,8.2,9.2,True,8.9,8.930670412811082,0.03067041281108196,True
A2HT24101120-10,D6G09002443001,光缆外径,8.6,9.2,True,8.7,8.748930549161605,0.04893054916160544,True
A2HT24100417-10,A2HT24100417100001,光缆外径,8.8,9.4,True,9.25,9.593993135799385,0.3439931357993853,False
A2HT24092013-10,D2G09001361046,光缆外径,10.8,11.4,True,10.9,11.066571306366903,0.16657130636690276,True
A2HT24101114-10,D2G10000261028,光缆外径,9.0,9.6,True,9.2,9.170798875559383,0.02920112444061651,True
A2HT2409133-10,D0G09000271007,光缆外径,14.0,14.2,True,14.1,14.15228638736074,0.05228638736073954,True
A2HT24091414-10,D2G09001262034,光缆外径,9.0,9.6,True,9.3,9.282290957419487,0.017709042580513312,True
A2HT24100611-10,D1G09002261011,光缆外径,16.4,17.0,True,16.5,16.556491488718805,0.05649148871880527,True
A2HT24083034-10,D1G08002131035,光缆外径,12.1,12.7,True,12.7,12.724250623217387,0.024250623217387357,False
A2HT24102317-10,D0Z24100012015,光缆外径,11.0,11.6,True,11.3,11.28319508172073,0.016804918279269998,True
A2HT24101118-10,D6G09002441004,光缆外径,11.1,12.1,True,11.35,11.527558052248672,0.17755805224867238,True
A2HT24102429-10,D0G10000845044,光缆外径,8.25,8.85,True,8.52,8.52192947574067,0.0019294757406704832,True
A2HT24091935-10,D1G09001443081,光缆外径,8.5,9.1,True,8.85,8.857635895253546,0.007635895253546465,True
A2HT24091127-10,D2G09000751002,光缆外径,9.6,10.2,True,9.85,9.858017374361866,0.008017374361866558,True
A2HT24101413-10,D2G10000762007,光缆外径,16.8,17.4,True,16.8,16.81131895889873,0.011318958898730358,True
A2HT24083022-10,D0G07002702117,光缆外径,9.2,9.8,True,9.45,9.51636020078097,0.06636020078097005,True
A2HT24090519-10,D9G09000053018,光缆外径,24.1,24.7,False,23.22,23.458794361257667,0.23879436125766773,False
A2HT24091441-10,D2G09001261053,光缆外径,9.0,9.6,True,9.26,9.261479476349068,0.0014794763490684204,True
A2HT24091225-10,D2G09001171019,光缆外径,9.0,9.6,True,9.16,9.278455475264362,0.11845547526436206,True
A2FX2410246-10,D1G0900144315901,光缆外径,8.5,9.1,True,8.8,29.090470815523634,20.290470815523634,False
A2HT24102422-10,D9G10000841003,光缆外径,13.4,14.0,True,13.6,13.363899594396461,0.23610040560353873,False
A2HT24100911-10,D2G10000051055,光缆外径,9.2,9.8,True,9.4,9.416558190271385,0.016558190271384277,True
A2HT24092015-10,D1G09001443149,光缆外径,8.5,9.1,True,8.6,8.843309649570626,0.24330964957062662,True
A2HT24092615-10,D1G09002081139,光缆外径,8.5,9.1,True,8.85,8.834455640049352,0.01554435995064729,True
A2HT24091113-10,D2F12000751032,光缆外径,17.4,18.0,False,17.35,17.180082396938257,0.16991760306174442,False
A2HT24083067-10,D2G08002424025,光缆外径,9.0,9.6,True,9.18,9.302059116666818,0.12205911666681857,True
A2HT24083028-10,D9G06001101001,光缆外径,11.7,12.3,False,12.75,12.106641811985392,0.6433581880146075,True
A2HT24091414-10,D2G09001262027,光缆外径,9.0,9.6,True,9.4,9.282290957419487,0.11770904258051296,True
A2HT24101243-10,D0G10000162015,光缆外径,9.6,10.4,True,10.21,10.073798998500568,0.13620100149943326,True
A2HT24101828-10,D1G10001111008,光缆外径,16.4,17.0,True,16.85,16.88212690374319,0.03212690374318683,True
A2HT2409045-10,D2G09000112005,光缆外径,11.0,11.6,True,11.52,11.203619557735186,0.31638044226481377,True
A2HT24101026-10,D6G09002531007,光缆外径,12.8,13.4,True,13.21,13.274240182387059,0.0642401823870582,True
A2HT24100924-10,D1G09002502020,光缆外径,8.5,9.1,True,8.76,8.805363232015567,0.04536323201556769,True
A2HT24083016-10,D2G08002301001,光缆外径,17.4,18.0,True,17.7,17.655959847388708,0.04404015261129146,True
A2HT24083034-10,D1G08002131047,光缆外径,12.1,12.7,False,12.8,12.724250623217387,0.07574937678261406,False
A2HT24101522-10,D9G09000863001,光缆外径,8.2,8.8,True,8.72,8.624987807438227,0.09501219256177329,True
A2HT24092615-10,D1G09002081079,光缆外径,8.5,9.1,True,8.8,8.834455640049352,0.034455640049351643,True
A2HT24101618-10,D2G10000871100,光缆外径,9.2,9.8,True,9.4,9.39385858362487,0.0061414163751312145,True
A2HT24101031-10,A2HT24101031100004,光缆外径,6.9,7.5,True,7.21,7.255633455086572,0.04563345508657246,True
A2HT24090541-10,D6G08001661016,光缆外径,8.2,9.2,True,8.92,8.994616015361947,0.07461601536194706,True
A2HT24083022-10,D0G07002702114,光缆外径,9.2,9.8,True,9.48,9.51636020078097,0.03636020078096891,True
A2HT24100913-10,D0G09000911001,光缆外径,8.15,8.75,False,8.88,8.819367270330941,0.060632729669059415,False
A2HT24090321-10,A2HT24090321100002,光缆外径,11.5,12.1,True,11.5,11.486888440494692,0.013111559505308179,False
A2HT24091413-10,D2G09001261013,光缆外径,9.0,9.6,True,9.3,9.319892858861213,0.01989285886121195,True
A2HT24101216-10,D2G10000402047,光缆外径,12.7,13.3,True,12.7,12.85984983082898,0.1598498308289802,True
A2HT2409091-10,D1G09000221008,光缆外径,15.9,16.9,True,16.35,16.32583610664254,0.02416389335746061,True
A2HT24083064-10,D2G08002423009,光缆外径,9.6,10.2,True,10.15,10.192815205685516,0.04281520568551578,True
A2FX2410082-10,D6G0900029100301,光缆外径,7.8,8.8,True,8.52,10.754329369000564,2.234329369000564,False
A2HT24090314-10,D1G08002491002,光缆外径,16.9,17.5,True,17.15,17.113129753205673,0.03687024679432582,True
A2HT24082313-10,D2G08001862015,光缆外径,12.9,13.5,True,13.0,12.997540691693983,0.0024593083060171494,True
A2HT24082923-10,D1G08002333023,光缆外径,8.7,9.3,True,9.12,9.036084668748561,0.08391533125143802,True
A2HT2409101-10,D0G09000191001,光缆外径,8.6,9.2,True,8.75,23.137689516414603,14.387689516414603,False
A2HT24091036-10,D2G09000762015,光缆外径,11.0,11.6,True,11.26,11.268589962709276,0.008589962709276477,True
A2HT2409131-10,D2G09001171069,光缆外径,9.0,9.6,True,9.21,9.22697344943695,0.016973449436950006,True
A2HT2410124-10,A2HT2410124100006,光缆外径,7.9,8.5,True,8.42,8.427787055025334,0.007787055025334055,True
A2HT24090415-10,D6G08002391002,光缆外径,7.9,8.5,True,8.26,8.129659657132274,0.13034034286772567,True
A2HT24083066-10,D2G08002426011,光缆外径,9.0,9.6,True,9.12,9.259972615032831,0.13997261503283198,True
A2HT24101026-10,D6G09002531006,光缆外径,12.8,13.4,True,13.32,13.274240182387059,0.045759817612941234,True
A2HT24100924-10,D1G09002502001,光缆外径,8.5,9.1,True,8.6,8.805363232015567,0.20536323201556783,True
A2HT24092014-10,A2HT24092014100004,光缆外径,9.0,9.6,True,9.02,9.02379475600613,0.0037947560061297736,True
A2HT24101827-10,D1G10001101014,光缆外径,10.6,11.2,True,10.9,10.89744882176327,0.002551178236730678,True
A2HT2410123-10,D2G10000401039,光缆外径,12.9,13.5,False,12.86,13.166105097019413,0.30610509701941346,True
A2HT24092012-10,D6G09000867014,光缆外径,9.9,10.5,True,10.22,10.240567777252569,0.020567777252567865,True
A2HT24101827-10,D1G10001101065,光缆外径,10.6,11.2,True,10.72,10.89744882176327,0.17744882176326904,True
A2HT24091035-10,D2G09000761004,光缆外径,11.8,12.4,True,12.0,12.081424421065035,0.08142442106503545,True
A2HT24100911-10,D2G10000051007,光缆外径,9.2,9.8,True,9.57,9.416558190271385,0.15344180972861565,True
A2HT24101520-10,D9G09000861001,光缆外径,8.2,8.8,True,8.4,8.624987807438227,0.224987807438227,True
A2HT24091935-10,D1G09001443050,光缆外径,8.5,9.1,True,8.95,8.857635895253546,0.09236410474645318,True
A2HT24082629-10,D0G08002031033,光缆外径,18.4,19.0,False,18.1,18.16453745889461,0.06453745889460905,False
A2HT24092026-10,D6G0900086B005,光缆外径,6.6,7.0,True,6.8,6.974680890984013,0.17468089098401318,True
A2HT24092828-10,D2G09002111039,光缆外径,9.0,9.6,True,9.31,9.368541360273877,0.058541360273876464,True
A2HT24083057-10,D2G08002462001,光缆外径,17.4,18.0,True,17.75,17.64910880354136,0.10089119645864031,True
A2HT24101721-10,D9G10000361002,光缆外径,10.7,11.3,True,11.15,11.15367482939171,0.0036748293917092667,True
A2HT24090413-10,D6G08001991019,光缆外径,7.8,8.4,True,8.22,8.256000504364744,0.036000504364743335,True
A2HT2409252-10,D2G09001362026,光缆外径,10.2,10.8,True,10.46,10.431145076358444,0.02885492364155695,True
A2HT24091036-10,D2G09000762034,光缆外径,11.0,11.6,True,11.15,11.268589962709276,0.11858996270927591,True
A2HT24082924-10,D1G080032026,光缆外径,9.1,9.7,True,9.52,9.452517239098947,0.06748276090105243,True
A2HT24100626-10,D2G09002373008,光缆外径,9.2,9.8,True,9.45,9.416558190271385,0.03344180972861466,True
A2HT24091935-10,D1G09001443003,光缆外径,8.5,9.1,True,8.9,8.857635895253546,0.042364104746454245,True
A2HT24091935-10,D1G09001443099,光缆外径,8.5,9.1,True,8.85,8.857635895253546,0.007635895253546465,True
A2HT24091814-10,D0D06000091012,光缆外径,16.7,17.3,True,16.7,16.788719997595,0.08871999759499971,True
A2HT24082925-10,D1G080033013,光缆外径,10.6,11.2,True,10.88,10.854876333224373,0.025123666775627385,True
A2HT2410158-10,D2G10000266047,光缆外径,10.9,11.7,True,11.0,10.825437910748683,0.17456208925131733,False
A2HT24100632-10,D2G09002421014,光缆外径,10.2,10.8,True,10.28,10.329927827101535,0.04992782710153598,True
A2HT24102217-10,A2HT24102217100005,光缆外径,7.5,8.1,True,7.88,7.838947490472484,0.041052509527515824,True
A2HT24090225-10,D2G08002521006,光缆外径,12.7,13.3,False,13.9,13.868620009036103,0.031379990963896987,False
A2HT24083021-10,D1G08002335032,光缆外径,10.6,11.2,True,10.88,10.854876333224373,0.025123666775627385,True
A2HT24091921-10,A2HT24091921100001,光缆外径,8.3,8.9,True,8.53,8.089382596603377,0.44061740339662236,False
A2HT24092615-10,D1G09002081102,光缆外径,8.5,9.1,True,8.85,8.834455640049352,0.01554435995064729,True
A2HT24090212-10,D1G08002554072,光缆外径,10.6,11.2,True,10.98,10.928053885267682,0.051946114732318804,True
A2HT24091413-10,D2G09001261024,光缆外径,9.0,9.6,True,9.42,9.319892858861213,0.10010714113878727,True
A2HT24102511-10,D2G10001531009,光缆外径,10.2,10.8,True,10.4,10.378251176663285,0.021748823336714906,True
A2HT24082929-10,D2G08002422017,光缆外径,9.0,9.6,True,9.1,9.210228631365935,0.11022863136593486,True
A2HT24100616-10,D2G09002371027,光缆外径,11.0,11.6,True,11.15,11.241012313187762,0.09101231318776115,True
A2HT24100611-10,D1G09002261006,光缆外径,16.4,17.0,True,16.71,16.556491488718805,0.15350851128119558,True
A2HT24090212-10,D1G08002554060,光缆外径,10.6,11.2,True,10.96,10.928053885267682,0.03194611473231923,True
A2HT24101216-10,D2G10000402044,光缆外径,12.7,13.3,True,12.85,12.85984983082898,0.009849830828979833,True
A2HT24101114-10,D2G10000261026,光缆外径,9.0,9.6,True,9.25,9.170798875559383,0.07920112444061722,True
A2HT24090313-10,D1G08002501009,光缆外径,15.9,16.9,True,16.45,16.251585661032006,0.19841433896799288,True
A2HT24092041-10,D0G09000342001,光缆外径,7.8,8.0,True,8.0,8.099987150955155,0.09998715095515465,False
A2HT2409131-10,D2G09001171067,光缆外径,9.0,9.6,True,9.2,9.22697344943695,0.02697344943695157,True
A2HT24101717-10,D2G10000264055,光缆外径,8.5,9.3,True,8.75,8.81299177241787,0.06299177241787035,True
A2HT24083034-10,D1G08002131055,光缆外径,12.1,12.7,True,12.7,12.724250623217387,0.024250623217387357,False
A2HT24083034-10,D1G08002131078,光缆外径,12.1,12.7,True,12.7,12.724250623217387,0.024250623217387357,False
A2HT2409184-10,D2G09001262090,光缆外径,9.0,9.6,True,9.26,9.282290957419487,0.02229095741948761,True
A2HT2409184-10,D2G09001262071,光缆外径,9.0,9.6,True,9.3,9.282290957419487,0.017709042580513312,True
A2HT24083034-10,D1G08002131042,光缆外径,12.1,12.7,False,12.8,12.724250623217387,0.07574937678261406,False
A2HT24091036-10,D2G09000762021,光缆外径,11.0,11.6,True,11.2,11.268589962709276,0.06858996270927697,True
A2HT24100616-10,D2G09002371001,光缆外径,11.0,11.6,True,11.32,11.241012313187762,0.07898768681223878,True
A2HT24102316-10,D0Z24100011007,光缆外径,9.2,9.8,True,9.45,9.441025712414303,0.008974287585695961,True
A2HT24102217-10,A2HT24102217100011,光缆外径,7.5,8.1,True,7.85,7.838947490472484,0.011052509527515575,True
A2HT24092916-10,D0G09000771015,光缆外径,7.5,8.3,True,8.15,8.054340675990677,0.09565932400932375,True
A2HT24082923-10,D1G08002333016,光缆外径,8.7,9.3,True,9.0,9.036084668748561,0.0360846687485612,True
A2HT2410168-10,D2G10000264021,光缆外径,8.5,9.3,True,8.8,8.841716490935967,0.04171649093596663,True
A2HT24091429-10,D0G09000271044,光缆外径,14.0,14.2,False,14.4,14.15228638736074,0.24771361263926117,True
A2HT2410239-10,D2G09000401020,光缆外径,16.8,17.4,False,16.68,16.859513747229894,0.179513747229894,True
A2HT24092322-10,D0G09001762015,光缆外径,8.8,9.4,False,8.6,8.590727002287013,0.009272997712987063,False
A2HT2409255-10,D1Z24090017080,光缆外径,16.1,16.7,True,16.3,16.326025525649754,0.02602552564975369,True
A2HT24092015-10,D1G09001443100,光缆外径,8.5,9.1,True,8.86,8.843309649570626,0.01669035042937317,True
A2FX24090111-10,D9F0400029201102,光缆外径,8.35,8.95,True,8.95,11.735883645209453,2.785883645209454,False
A2HT2408272-10,D6G08001951003,光缆外径,12.8,13.4,True,13.2,13.214780086001968,0.014780086001968229,True
A2HT24092855-10,D9G09000781007,光缆外径,8.8,9.4,False,22.35,22.411531156677928,0.06153115667792619,False
A2HT24101031-10,A2HT24101031100003,光缆外径,6.9,7.5,True,7.2,7.255633455086572,0.05563345508657225,True
A2HT24102215-10,D2G10001504023,光缆外径,9.2,9.8,True,9.48,9.471353451493348,0.008646548506652252,True
A2HT24092510-10,D1G09001953001,光缆外径,8.7,9.3,True,9.2,9.08087924721781,0.11912075278218914,True
A2HT2409185-10,D6G09000861001,光缆外径,10.1,10.7,True,10.26,10.240749646500012,0.019250353499987938,True
A2HT2409255-10,D1Z24090017076,光缆外径,16.1,16.7,True,16.65,16.326025525649754,0.3239744743502442,True
A2HT24101618-10,D2G10000871087,光缆外径,9.2,9.8,True,9.45,9.39385858362487,0.05614141637513015,True
A2HT24092521-10,D2G09002051020,光缆外径,9.0,9.6,True,9.2,9.1652122493271,0.03478775067289952,True
A2HT24102313-10,D1G10001612006,光缆外径,8.5,9.1,True,8.7,8.713865648429318,0.013865648429318256,True
A2HT24082625-10,D1G080023005,光缆外径,13.2,13.8,True,13.78,13.480293070886006,0.2997069291139933,True
A2HT24091413-10,D2G09001261010,光缆外径,9.0,9.6,True,9.29,9.319892858861213,0.02989285886121351,True
A2HT24101618-10,D2G10000871091,光缆外径,9.2,9.8,True,9.28,9.39385858362487,0.11385858362486978,True
A2HT24092638-10,D1G09001443203,光缆外径,8.5,9.1,False,9.35,8.964253217022778,0.38574678297722187,True
A2HT24091136-10,D9G09000282001,光缆外径,13.3,13.9,True,13.75,11.467680059523808,2.2823199404761922,False
A2HT24093012-10,D0G09002451002,光缆外径,11.7,12.5,True,12.3,11.268013160473794,1.0319868395262066,False
A2HT24102546-10,D1G10001612077,光缆外径,8.5,9.1,True,8.67,8.709080204495672,0.03908020449567218,True
A2HT24092027-10,D2G09001101006,光缆外径,8.7,9.3,True,9.0,9.029086767977395,0.029086767977394956,True
A2HT24092419-10,D2G09001441007,光缆外径,9.5,10.1,True,10.02,10.035760887703125,0.015760887703125448,True
A2HT24101826-10,D2G10001081006,光缆外径,12.2,12.8,True,12.8,12.742902035880793,0.0570979641192082,True
A2HT24082929-10,D2G08002422049,光缆外径,9.0,9.6,True,9.25,9.210228631365935,0.039771368634065496,True
A2HT24100615-10,D6G09000865022,光缆外径,9.8,10.4,True,10.3,10.284750829348347,0.015249170651653543,True
A2HT24083040-10,D0G08000881003,光缆外径,8.7,9.3,True,9.16,9.20528797672236,0.04528797672235996,True
A2HT24100924-10,D1G09002502008,光缆外径,8.5,9.1,True,8.72,8.805363232015567,0.08536323201556684,True
A2HT24092511-10,D1G09001955012,光缆外径,10.6,11.2,True,10.8,10.928444293001267,0.12844429300126592,True
A2HT24091119-10,D2G09000752021,光缆外径,9.0,9.6,True,9.4,9.340334472968594,0.05966552703140593,True
A2HT24092015-10,D1G09001443142,光缆外径,8.5,9.1,True,8.7,8.843309649570626,0.14330964957062697,True
A2HT24093013-10,A2HT24093013100001,光缆外径,8.0,8.6,True,8.5,9.621964812386688,1.1219648123866879,False
A2HT24082810-10,D1G080031008,光缆外径,8.7,9.3,True,9.0,9.036084668748561,0.0360846687485612,True
A2HT2409203-10,D2G09001361019,光缆外径,10.8,11.4,True,10.96,11.066571306366903,0.10657130636690226,True
A2HT2409048-10,D2G09000122001,光缆外径,14.6,15.2,True,14.9,15.048459119722839,0.14845911972283865,True
A2HT24081526-10,D6G08001041001,光缆外径,11.7,12.3,True,12.2,12.584403078612896,0.38440307861289646,False
A2HT24091441-10,D2G09001261069,光缆外径,9.0,9.6,True,9.22,9.261479476349068,0.04147947634906757,True
A2HT24092615-10,D1G09002081059,光缆外径,8.5,9.1,True,8.76,8.834455640049352,0.07445564004935257,True
A2HT24092826-10,D1Z24090017110,光缆外径,16.1,16.7,True,16.35,16.32131361831086,0.02868638168914117,True
A2HT24090628-10,D2G09000441053,光缆外径,9.6,10.2,True,9.92,10.056168437686827,0.13616843768682685,True
A2HT24101212-10,D9G10000251001,光缆外径,17.2,18.2,True,17.2,17.2745602044305,0.07456020443050093,True
A2HT24101116-10,D2G10000263010,光缆外径,9.6,10.2,True,10.0,9.95174866795844,0.04825133204155918,True
A2HT24101413-10,D2G10000762008,光缆外径,16.8,17.4,True,16.8,16.81131895889873,0.011318958898730358,True
A2HT2409201-10,D1Z24090017009,光缆外径,16.1,16.7,True,16.2,16.32131361831086,0.12131361831086096,True
A2HT24083043-10,D1G08002489005,光缆外径,16.4,17.0,True,16.7,16.70001313026732,1.3130267319638733e-05,True
A2HT24091813-10,D9G09000441004,光缆外径,8.8,9.4,False,8.46,8.529296533336911,0.06929653333691022,False
A2HT24092825-10,D6G09000863022,光缆外径,10.1,10.7,True,10.1,10.282421994947631,0.18242199494763156,True
A2HT2409123-10,D1G09001041032,光缆外径,10.6,11.2,True,10.85,10.980770699154084,0.130770699154084,True
A2HT2409194-10,D2G09000991006,光缆外径,8.5,9.3,True,9.0,8.887795550949052,0.11220444905094773,True
A2HT24092828-10,D2G09002111027,光缆外径,9.0,9.6,True,9.4,9.368541360273877,0.031458639726123394,True
A2HT2409123-10,D1G09001041031,光缆外径,10.6,11.2,True,10.95,10.980770699154084,0.03077069915408437,True
A2HT2410222-10,A2HT2410222100001,光缆外径,7.5,7.9,False,7.95,8.932812057718701,0.982812057718701,False
A2HT24090410-10,D2G09000123003,光缆外径,12.9,13.5,True,13.0,13.046614953782681,0.04661495378268121,True
A2HT24100626-10,D2G09002373002,光缆外径,9.2,9.8,True,9.42,9.416558190271385,0.003441809728615297,True
A2HT24090328-10,D6G08001012001,光缆外径,16.7,17.3,False,17.32,17.286275186387684,0.033724813612316495,True
A2HT24092850-10,D2G09002001043,光缆外径,9.0,9.6,True,9.12,9.217248441545994,0.09724844154599488,True
A2HT24102555-10,D0G10001101001,光缆外径,14.0,14.6,True,14.3,14.3208284688895,0.02082846888949952,True
A2HT24083034-10,D1G08002131081,光缆外径,12.1,12.7,True,12.7,12.724250623217387,0.024250623217387357,False
A2HT24100920-10,D2G09002421028,光缆外径,10.2,10.8,True,10.38,10.329927827101535,0.05007217289846544,True
A2HT24100615-10,D6G09000865023,光缆外径,9.8,10.4,True,10.25,10.284750829348347,0.03475082934834717,True
A2HT24092510-10,D1G09001953026,光缆外径,8.7,9.3,True,8.92,9.08087924721781,0.16087924721781022,True
A2HT24092615-10,D1G09002081093,光缆外径,8.5,9.1,True,8.8,8.834455640049352,0.034455640049351643,True
A2HT24092851-10,D6G09000869019,光缆外径,11.0,11.6,True,11.33,11.429389828856467,0.09938982885646652,True
A2HT24092324-10,D2G09001484032,光缆外径,9.2,9.8,False,10.0,9.477552647887022,0.5224473521129784,True
A2HT24090212-10,D1G08002554079,光缆外径,10.6,11.2,True,11.05,10.928053885267682,0.12194611473231909,True
A2HT24091119-10,D2G09000752027,光缆外径,9.0,9.6,True,9.22,9.340334472968594,0.12033447296859379,True
A2HT24091429-10,D0G09000271050,光缆外径,14.0,14.2,True,14.15,14.15228638736074,0.0022863873607388285,True
A2HT2410213-10,D1G10001121005,光缆外径,17.3,17.9,False,16.65,17.676251383053227,1.0262513830532285,True
A2HT24092045-10,D2G09001463001,光缆外径,17.1,17.7,True,17.5,17.099181516747137,0.40081848325286273,False
A2HT24091119-10,D2G09000752022,光缆外径,9.0,9.6,True,9.3,9.340334472968594,0.040334472968593715,True
A2HT24082930-10,D2G08002424010,光缆外径,9.0,9.6,True,9.18,9.214608878623682,0.03460887862368267,True
A2HT24101827-10,D1G10001101057,光缆外径,10.6,11.2,True,10.82,10.89744882176327,0.0774488217632694,True
A2HT24101217-10,A2HT24101217100010,光缆外径,7.9,8.5,True,8.4,8.25174715544077,0.14825284455923082,True
A2FX2409262-10,D0G0900034101101,光缆外径,7.8,8.0,True,8.0,8.018810900904635,0.018810900904634664,False
A2HT24091935-10,D1G09001443105,光缆外径,8.5,9.1,True,8.86,8.857635895253546,0.0023641047464533216,True
A2HT24100924-10,D1G09002502006,光缆外径,8.5,9.1,True,8.6,8.805363232015567,0.20536323201556783,True
A2HT24091014-10,D2G09000532001,光缆外径,16.4,17.0,True,16.52,13.364618503487252,3.1553814965127476,False
A2HT2409045-10,D2G09000112003,光缆外径,11.0,11.6,True,11.56,11.203619557735186,0.3563804422648147,True
A2HT24091119-10,D2G09000752013,光缆外径,9.0,9.6,True,9.12,9.340334472968594,0.2203344729685952,True
A2HT24090217-10,D9G08001291001,光缆外径,12.7,13.3,True,13.0,10.186883222355615,2.8131167776443853,False
A2HT24082929-10,D2G08002422034,光缆外径,9.0,9.6,True,9.17,9.210228631365935,0.040228631365934575,True
A2HT24091225-10,D2G09001171026,光缆外径,9.0,9.6,True,9.4,9.278455475264362,0.12154452473563815,True
A2HT24101116-10,D2G10000263003,光缆外径,9.6,10.2,True,9.85,9.95174866795844,0.10174866795844117,True
A2HT24091935-10,D1G09001443080,光缆外径,8.5,9.1,True,8.9,8.857635895253546,0.042364104746454245,True
A2HT24100632-10,D2G09002421008,光缆外径,10.2,10.8,True,10.26,10.329927827101535,0.06992782710153556,True
A2HT24101717-10,D2G10000264041,光缆外径,8.5,9.3,True,8.65,8.81299177241787,0.16299177241787,True
A2HT24090413-10,D6G08001991010,光缆外径,7.8,8.4,True,8.23,8.256000504364744,0.02600050436474355,True
A2HT24092042-10,D6G09000291002,光缆外径,7.8,8.8,True,8.51,8.509409278048333,0.0005907219516672058,True
A2HT24083021-10,D1G08002335021,光缆外径,10.6,11.2,True,10.85,10.854876333224373,0.004876333224373752,True
A2HT24090228-10,D2G08002524001,光缆外径,9.0,9.6,True,9.33,9.329030044828436,0.0009699551715645072,True
A2HT24092521-10,D2G09002051038,光缆外径,9.0,9.6,True,9.15,9.1652122493271,0.015212249327099414,True
A2HT24092615-10,D1G09002081164,光缆外径,8.5,9.1,True,8.9,8.834455640049352,0.065544359950648,True
A2HT2409198-10,D6G09000861019,光缆外径,10.1,10.7,True,10.1,10.18911654881872,0.08911654881872089,True
A2HT2410215-10,D2G10001301001,光缆外径,9.0,9.6,True,9.18,9.31727076132753,0.1372707613275299,True
A2HT24083034-10,D1G08002131115,光缆外径,12.1,12.7,True,12.6,12.724250623217387,0.124250623217387,False
A2HT24092410-10,D2G09001486006,光缆外径,13.3,13.9,True,13.31,13.476564317769649,0.16656431776964808,True
A2HT24092040-10,D0G09000341001,光缆外径,7.8,8.0,True,7.9,8.062964826039218,0.16296482603921802,False
A2HT24092056-10,D2G09001671002,光缆外径,17.4,18.0,False,17.0,17.01833161767427,0.018331617674270717,False
A2HT24091413-10,D2G09001261012,光缆外径,9.0,9.6,True,9.29,9.319892858861213,0.02989285886121351,True
A2HT2409267-10,D1Z24090017081,光缆外径,16.1,16.7,True,16.33,16.32131361831086,0.008686381689138045,True
A2HT24092324-10,D2G09001484030,光缆外径,9.2,9.8,True,9.6,9.477552647887022,0.12244735211297808,True
A2HT24101717-10,D2G10000264030,光缆外径,8.5,9.3,True,8.86,8.81299177241787,0.04700822758212908,True
A2HT24083022-10,D0G07002702113,光缆外径,9.2,9.8,True,9.45,9.51636020078097,0.06636020078097005,True
A2HT24091935-10,D1G09001443048,光缆外径,8.5,9.1,True,8.75,8.857635895253546,0.10763589525354611,True
A2HT24101827-10,D1G10001101048,光缆外径,10.6,11.2,True,10.9,10.89744882176327,0.002551178236730678,True
A2HT24082924-10,D1G080032018,光缆外径,9.1,9.7,True,9.46,9.452517239098947,0.007482760901053709,True
A2HT24101241-10,D0G10000161008,光缆外径,12.1,12.7,True,12.3,12.443999128186631,0.1439991281866302,True
A2HT2409132-10,D2G09001172023,光缆外径,9.2,9.8,True,9.45,9.451189587419844,0.001189587419844429,True
A2HT24101846-10,A2HT24101846100001,光缆外径,7.3,7.7,False,7.78,8.625478579768794,0.8454785797687938,False
A2HT24100625-10,D2G09002372021,光缆外径,9.0,9.6,True,9.3,9.283137857286098,0.016862142713902628,True
A2HT2409131-10,D2G09001171077,光缆外径,9.0,9.6,True,9.2,9.22697344943695,0.02697344943695157,True
A2HT2409123-10,D1G09001041009,光缆外径,10.6,11.2,True,10.91,10.980770699154084,0.07077069915408352,True
A2HT2410123-10,D2G10000401016,光缆外径,12.9,13.5,True,13.23,13.166105097019413,0.06389490298058753,True
A2HT24100630-10,D2G09002571002,光缆外径,14.6,15.2,True,14.92,14.84216053930411,0.07783946069588943,True
A2HT24083034-10,D1G08002131026,光缆外径,12.1,12.7,True,12.7,12.724250623217387,0.024250623217387357,False
A2HT2410149-10,D6G10000341002,光缆外径,8.8,9.4,False,9.55,9.528990262253405,0.021009737746595647,False
A2HT24090511-10,D6G09000021001,光缆外径,10.2,10.8,True,10.2,10.868167113046018,0.6681671130460192,False
A2HT24101115-10,D2G10000262042,光缆外径,9.0,9.6,True,9.17,9.21276211911785,0.04276211911784955,True
A2HT24082923-10,D1G08002333003,光缆外径,8.7,9.3,True,9.16,9.036084668748561,0.12391533125143894,True
A2HT24083034-10,D1G08002131088,光缆外径,12.1,12.7,True,12.7,12.724250623217387,0.024250623217387357,False
A2HT24092615-10,D1G09002081014,光缆外径,8.5,9.1,True,8.76,8.834455640049352,0.07445564004935257,True
A2HT24090619-10,D0G08000861003,光缆外径,13.5,14.1,True,13.82,13.714846523846516,0.10515347615348425,True
A2HT24092850-10,D2G09002001053,光缆外径,9.0,9.6,True,9.33,9.217248441545994,0.11275155845400597,True
A2HT24102114-10,D2G10001342010,光缆外径,12.2,12.8,True,12.5,12.151400540084918,0.3485994599150821,False
A2HT24092828-10,D2G09002111017,光缆外径,9.0,9.6,True,9.25,9.368541360273877,0.11854136027387696,True
A2HT2408306-10,D9G07001092002,光缆外径,8.8,9.4,False,8.46,8.466380642382349,0.006380642382348256,False
A2HT24083021-10,D1G08002335013,光缆外径,10.6,11.2,True,11.0,10.854876333224373,0.1451236667756266,True
A2HT2409249-10,D2G09001482001,光缆外径,9.0,9.6,True,9.28,9.303320726319638,0.023320726319639107,True
A2HT24092324-10,D2G09001484042,光缆外径,9.2,9.8,True,9.42,9.477552647887022,0.057552647887021635,True
A2HT24083034-10,D1G08002131107,光缆外径,12.1,12.7,True,12.62,12.724250623217387,0.10425062321738743,False
A2HT2409255-10,D1Z24090017068,光缆外径,16.1,16.7,True,16.68,16.326025525649754,0.3539744743502453,True
A2HT24091922-10,D2G09001341001,光缆外径,8.8,9.4,False,17.1,16.179537442824067,0.9204625571759344,False
A2HT24101215-10,D0G10000162001,光缆外径,9.6,10.4,True,10.1,9.85574336942128,0.24425663057871994,True
A2HT24102112-10,D2G10001341006,光缆外径,12.2,12.8,True,12.78,12.742902035880793,0.03709796411920685,True
A2HT24083051-10,D1G08002484001,光缆外径,9.5,10.1,True,9.8,9.774040439433861,0.025959560566139572,True
A2HT24091935-10,D1G09001443115,光缆外径,8.5,9.1,True,9.0,8.857635895253546,0.1423641047464539,True
A2HT2409123-10,D1G09001041010,光缆外径,10.6,11.2,True,11.0,10.980770699154084,0.01922930084591634,True
A2HT24092521-10,D2G09002051012,光缆外径,9.0,9.6,True,9.2,9.1652122493271,0.03478775067289952,True
A2HT24092717-10,D2G09002001029,光缆外径,9.0,9.6,True,9.12,9.166140928077137,0.0461409280771381,True
A2HT2410167-10,D2G10000871043,光缆外径,9.2,9.8,True,9.42,9.39385858362487,0.026141416375130788,True
A2HT24083027-10,D6G08001931003,光缆外径,8.8,9.4,False,9.5,9.49361922489361,0.006380775106389791,False
A2HT24102316-10,D0Z24100011009,光缆外径,9.2,9.8,True,9.38,9.441025712414303,0.061025712414302546,True
A2HT24100911-10,D2G10000051059,光缆外径,9.2,9.8,True,9.47,9.416558190271385,0.05344180972861601,True
A2HT24090414-10,D6G08001992003,光缆外径,8.2,9.2,True,9.0,8.994616015361947,0.005383984638053008,True
A2HT24101618-10,D2G10000871080,光缆外径,9.2,9.8,True,9.43,9.39385858362487,0.036141416375130575,True
A2HT24092615-10,D1G09002081075,光缆外径,8.5,9.1,True,8.8,8.834455640049352,0.034455640049351643,True
A2HT24090628-10,D2G09000441030,光缆外径,9.6,10.2,True,10.1,10.056168437686827,0.04383156231317287,True
A2HT24082930-10,D2G08002424026,光缆外径,9.0,9.6,True,9.17,9.214608878623682,0.04460887862368246,True
A2HT24092036-10,D0G09001551002,光缆外径,12.0,12.6,True,12.4,12.421061476008031,0.021061476008030766,True
A2HT24101411-10,D2G10000761012,光缆外径,11.0,11.6,True,11.22,11.193928234734726,0.026071765265275104,True
A2HT24090919-10,D2G09000671002,光缆外径,11.0,11.6,True,11.18,11.222757849359152,0.042757849359151834,True
A2HT24092615-10,D1G09002081119,光缆外径,8.5,9.1,True,9.0,8.834455640049352,0.16554435995064765,True
A2HT24092615-10,D1G09002081042,光缆外径,8.5,9.1,True,8.86,8.834455640049352,0.025544359950647078,True
A2HT24091225-10,D2G09001171022,光缆外径,9.0,9.6,True,9.28,9.278455475264362,0.0015445247356371539,True
A2HT2409132-10,D2G09001172002,光缆外径,9.2,9.8,True,9.34,9.451189587419844,0.11118958741984386,True
A2HT2409252-10,D2G09001362038,光缆外径,10.2,10.8,True,10.35,10.431145076358444,0.08114507635844426,True
A2HT2410091-10,D2G09002111054,光缆外径,9.0,9.6,True,9.36,9.321158352432313,0.038841647567686266,True
A2HT24092417-10,D2G09001362008,光缆外径,10.2,10.8,True,10.5,10.45378997171685,0.04621002828315035,True
A2HT24083050-10,D1G08002485002,光缆外径,10.6,11.2,True,10.8,10.854876333224373,0.054876333224372686,True
A2HT24090412-10,D1G08002501010,光缆外径,15.9,16.9,True,16.32,16.387611497365604,0.06761149736560412,True
A2FX2409262-10,D0G0900034100801,光缆外径,7.8,8.0,True,8.0,8.018810900904635,0.018810900904634664,False
A2HT24090632-10,D0G09000373001,光缆外径,8.3,8.7,True,8.68,8.786865485209237,0.10686548520923722,False
A2HT2409249-10,D2G09001482042,光缆外径,9.0,9.6,True,9.21,9.303320726319638,0.09332072631963761,True
A2HT24092724-10,D6G09001721001,光缆外径,5.2,6.0,True,5.8,5.7480686149885285,0.05193138501147132,True
A2HT24091030-10,D2G09000722002,光缆外径,9.6,10.2,True,10.0,10.056168437686827,0.05616843768682678,True
A2HT2410216-10,D2G10001302010,光缆外径,9.0,9.6,True,9.3,9.196624597760627,0.10337540223937403,True
A2HT24091020-10,D2G09000091002,光缆外径,17.2,18.2,True,17.45,17.47435726989406,0.024357269894061062,True
A2HT24092015-10,D1G09001443151,光缆外径,8.5,9.1,True,8.77,8.843309649570626,0.07330964957062669,True
A2HT24101410-10,D2G10000266020,光缆外径,10.9,11.7,False,10.82,10.825437910748683,0.005437910748682384,False
A2HT24101115-10,D2G10000262021,光缆外径,9.0,9.6,True,9.16,9.21276211911785,0.05276211911784934,True
A2HT2409193-10,A2HT2409193100001,光缆外径,10.6,11.0,False,7.52,9.719899013449309,2.1998990134493095,False
A2HT24100648-10,D6G09000863033,光缆外径,10.1,10.7,True,10.28,10.190873740264369,0.0891262597356306,True
A2HT24083052-10,D1G08002483006,光缆外径,8.7,9.3,True,9.02,9.05567309461688,0.03567309461688062,True
A2HT24092615-10,D1G09002081080,光缆外径,8.5,9.1,True,8.8,8.834455640049352,0.034455640049351643,True
A2HT2409123-10,D1G09001041005,光缆外径,10.6,11.2,True,11.0,10.980770699154084,0.01922930084591634,True
A2HT24100911-10,D2G10000051040,光缆外径,9.2,9.8,True,9.36,9.416558190271385,0.0565581902713852,True
A2HT24090319-10,D6G08001001003,光缆外径,16.7,17.3,True,17.15,17.05994382816258,0.09005617183741776,True
A2HT24091225-10,D2G09001171046,光缆外径,9.0,9.6,True,9.33,9.278455475264362,0.051544524735637864,True
A2HT24083047-10,D1G08002487001,光缆外径,13.2,13.8,True,13.58,13.417757099795603,0.16224290020439724,True
A2HT24101411-10,D2G10000761001,光缆外径,11.0,11.6,True,11.21,11.193928234734726,0.016071765265275317,True
A2HT24091441-10,D2G09001261051,光缆外径,9.0,9.6,True,9.1,9.261479476349068,0.16147947634906856,True
A2HT24100911-10,D2G10000051016,光缆外径,9.2,9.8,True,9.3,9.416558190271385,0.11655819027138392,True
A2HT24092852-10,D6G09000865008,光缆外径,9.8,10.4,True,10.3,10.32247263720076,0.022472637200758427,True
A2HT24092020-10,D6G09000867048,光缆外径,9.9,10.5,True,10.2,10.211774707160604,0.011774707160604692,True
A2HT24101114-10,D2G10000261015,光缆外径,9.0,9.6,True,9.21,9.170798875559383,0.039201124440618074,True
A2HT24091935-10,D1G09001443001,光缆外径,8.5,9.1,True,9.0,8.857635895253546,0.1423641047464539,True
A2HT24102215-10,D2G10001504014,光缆外径,9.2,9.8,True,9.45,9.471353451493348,0.021353451493348885,True
A2HT24102312-10,D2G10001573002,光缆外径,17.2,18.2,True,17.32,17.372231866819725,0.05223186681972436,True
A2HT2410227-10,D2G09000401016,光缆外径,16.8,17.4,False,16.75,16.859513747229894,0.10951374722989371,True
A2HT24102410-10,D0G10000911001,光缆外径,13.7,14.3,True,14.25,14.168248125631353,0.08175187436864739,True
A2HT24101827-10,D1G10001101032,光缆外径,10.6,11.2,True,11.0,10.89744882176327,0.10255117823673032,True
A2HT24082925-10,D1G080033014,光缆外径,10.6,11.2,True,10.8,10.854876333224373,0.054876333224372686,True
A2HT24091937-10,D2G09001502003,光缆外径,12.7,13.3,False,14.15,14.10354563792688,0.04645436207312059,False
A2HT2410158-10,D2G10000266043,光缆外径,10.9,11.7,True,10.9,10.825437910748683,0.07456208925131769,False
A2HT2409252-10,D2G09001362029,光缆外径,10.2,10.8,True,10.32,10.431145076358444,0.11114507635844362,True
A2HT24101113-10,D0G10000211004,光缆外径,9.2,9.8,True,9.65,9.650931933840138,0.0009319338401372335,True
A2HT24101413-10,D2G10000762018,光缆外径,16.8,17.4,True,16.8,16.81131895889873,0.011318958898730358,True
A2HT24092055-10,D0G09001571002,光缆外径,11.0,11.6,True,11.5,10.598642263198608,0.9013577368013923,False
A2HT24102429-10,D0G10000845010,光缆外径,8.25,8.85,True,8.52,8.52192947574067,0.0019294757406704832,True
A2HT24082810-10,D1G080031004,光缆外径,8.7,9.3,True,9.0,9.036084668748561,0.0360846687485612,True
A2HT2410123-10,D2G10000401005,光缆外径,12.9,13.5,True,13.11,13.166105097019413,0.056105097019413463,True
A2HT24090411-10,A2HT24090411100004,光缆外径,7.9,8.5,True,8.4,8.408145700682413,0.008145700682412382,True
A2HT2410161-10,D9G09000864001,光缆外径,8.2,8.8,True,8.47,8.624987807438227,0.1549878074382267,True
A2HT24101216-10,D2G10000402021,光缆外径,12.7,13.3,True,12.82,12.85984983082898,0.039849830828979194,True
A2HT24083034-10,D1G08002131053,光缆外径,12.1,12.7,True,12.7,12.724250623217387,0.024250623217387357,False
A2HT2409195-10,D6G09000862002,光缆外径,11.5,12.1,True,11.8,12.070543970034578,0.2705439700345771,True
A2HT24092014-10,A2HT24092014100006,光缆外径,9.0,9.6,False,8.85,9.02379475600613,0.1737947560061297,True
A2HT2409184-10,D2G09001262052,光缆外径,9.0,9.6,True,9.28,9.282290957419487,0.0022909574194880378,True
A2HT2409195-10,D6G09000862006,光缆外径,11.5,12.1,True,11.9,12.070543970034578,0.17054397003457744,True
A2HT2409249-10,D2G09001482021,光缆外径,9.0,9.6,True,9.3,9.303320726319638,0.0033207263196377568,True
A2HT24083028-10,D9G06001101002,光缆外径,11.7,12.3,False,12.6,12.106641811985392,0.4933581880146072,True
A2HT2409139-10,D2G09000982001,光缆外径,12.2,12.8,True,12.55,12.66359605998169,0.11359605998169009,True
A2HT2409194-10,D2G09000991022,光缆外径,8.5,9.3,True,8.9,8.887795550949052,0.012204449050948085,True
A2HT24102313-10,D1G10001612009,光缆外径,8.5,9.1,True,8.69,8.713865648429318,0.023865648429318043,True
A2HT2409123-10,D1G09001041041,光缆外径,10.6,11.2,True,11.1,10.980770699154084,0.11922930084591599,True
A2HT24090212-10,D1G08002554031,光缆外径,10.6,11.2,True,10.77,10.928053885267682,0.15805388526768205,True
A2HT2409249-10,D2G09001482030,光缆外径,9.0,9.6,True,9.32,9.303320726319638,0.016679273680361817,True
A2HT24090931-10,D2G09000543001,光缆外径,9.2,9.8,True,9.7,9.834022885968203,0.13402288596820355,False
A2HT24101513-10,D6G09002493008,光缆外径,11.0,11.6,True,11.55,11.664680951665169,0.1146809516651679,False
A2HT24092057-10,D2G09001485002,光缆外径,13.7,14.3,True,14.12,14.16127678971717,0.041276789717171525,True
A2HT24101219-10,D6G09000865044,光缆外径,9.8,10.4,True,10.26,10.285931564040487,0.02593156404048713,True
A2HT2409252-10,D2G09001362030,光缆外径,10.2,10.8,True,10.34,10.431145076358444,0.09114507635844404,True
A2HT24091036-10,D2G09000762014,光缆外径,11.0,11.6,True,11.25,11.268589962709276,0.018589962709276264,True
A2HT24091935-10,D1G09001443018,光缆外径,8.5,9.1,True,9.0,8.857635895253546,0.1423641047464539,True
A2HT24101727-10,D2G10000941008,光缆外径,16.6,17.2,True,17.0,16.791677902595087,0.20832209740491336,True
A2HT24090210-10,D1G08002502004,光缆外径,16.9,17.5,True,17.25,17.113129753205673,0.13687024679432724,True
A2HT24092026-10,D6G0900086B001,光缆外径,6.6,7.0,True,6.8,6.974680890984013,0.17468089098401318,True
A2HT24082629-10,D0G08002031037,光缆外径,18.4,19.0,False,18.16,18.16453745889461,0.0045374588946103245,False
A2HT2410215-10,D2G10001301006,光缆外径,9.0,9.6,True,9.25,9.31727076132753,0.06727076132752963,True
A2HT24102516-10,D1G10001714001,光缆外径,13.2,13.8,True,13.3,13.393211425457146,0.09321142545714522,True
A2HT2409249-10,D2G09001482029,光缆外径,9.0,9.6,True,9.2,9.303320726319638,0.10332072631963918,True
A2HT24082311-10,D2G08001861040,光缆外径,12.9,13.5,True,13.1,13.090603681503746,0.009396318496253997,True
A2HT24083050-10,D1G08002485012,光缆外径,10.6,11.2,True,10.85,10.854876333224373,0.004876333224373752,True
A2HT24101717-10,D2G10000264050,光缆外径,8.5,9.3,True,8.87,8.81299177241787,0.05700822758212887,True
A2HT24091935-10,D1G09001443074,光缆外径,8.5,9.1,True,8.8,8.857635895253546,0.0576358952535454,True
A2HT24090413-10,D6G08001991023,光缆外径,7.8,8.4,True,8.2,8.256000504364744,0.056000504364744685,True
A2HT24102313-10,D1G10001612019,光缆外径,8.5,9.1,True,8.7,8.713865648429318,0.013865648429318256,True
A2HT2409194-10,D2G09000991023,光缆外径,8.5,9.3,True,8.85,8.887795550949052,0.037795550949052625,True
A2HT24083034-10,D1G08002131095,光缆外径,12.1,12.7,True,12.7,12.724250623217387,0.024250623217387357,False
A2HT24090413-10,D6G08001991011,光缆外径,7.8,8.4,True,8.25,8.256000504364744,0.006000504364743975,True
A2HT24083034-10,D1G08002131062,光缆外径,12.1,12.7,True,12.55,12.724250623217387,0.17425062321738594,False
A2HT24092615-10,D1G09002081169,光缆外径,8.5,9.1,True,8.92,8.834455640049352,0.08554435995064757,True
A2HT2408284-10,D2G08002171003,光缆外径,16.4,17.0,False,16.29,16.45570259666589,0.16570259666589138,True
A2HT24100616-10,D2G09002371012,光缆外径,11.0,11.6,True,11.2,11.241012313187762,0.04101231318776222,True
A2HT24090323-10,A2HT24090323100001,光缆外径,13.5,14.1,True,13.75,13.856283070517446,0.10628307051744557,True
A2HT2409027-10,D1G08002552007,光缆外径,8.7,9.3,True,9.1,9.11405799663093,0.014057996630929992,True
A2HT2410218-10,D2G10001304001,光缆外径,11.0,11.6,True,11.12,11.09804734003612,0.02195265996387974,True
A2HT24100816-10,D0G09002591007,加强件涂覆后外径,2.15,2.25,True,2.2,2.200388483044727,0.0003884830447269394,True
A2HT24101815-10,D9G10000511001,加强件涂覆后外径,1.4,1.5,False,2.7,2.7006589511183297,0.0006589511183294761,False
A2HT2409133-10,D0G09000271009,加强件涂覆后外径,2.45,2.55,True,2.5,2.5,0.0,True
A2HT24101534-10,D0G10000401004,加强件涂覆后外径,1.45,1.55,True,1.5,1.5559409722222215,0.0559409722222215,False
A2HT24091410-10,D0G09001321002,加强件涂覆后外径,1.4,1.5,False,1.35,1.3475597400284915,0.0024402599715085405,False
A2HT24083032-10,D2G08002292002,加强件涂覆后外径,2.45,2.55,True,2.5,2.4946257479785157,0.005374252021484338,True
A2HT24102413-10,D0G10000801003,加强件涂覆后外径,1.4,1.5,False,2.0,2.0931319444444436,0.09313194444444362,False
A2HT2408307-10,D6G08001921001,加强件涂覆后外径,1.4,1.5,False,1.35,1.861459277759277,0.511459277759277,False
A2HT24100917-10,D0G09002581004,加强件涂覆后外径,2.15,2.25,True,2.2,2.200391534391528,0.0003915343915279479,True
A2HT24101830-10,D0G10000201001,加强件涂覆后外径,7.25,7.35,True,7.3,5.55843113188641,1.74156886811359,False
A2HT24100825-10,D0G09002382001,加强件涂覆后外径,3.05,3.15,True,3.1,3.7916296296296332,0.6916296296296331,False
A2HT24083057-10,D2G08002462003,加强件涂覆后外径,2.45,2.55,True,2.5,2.4946257479785157,0.005374252021484338,True
A2HT24083060-10,D2G08002452001,加强件涂覆后外径,2.45,2.55,True,2.5,2.4946257479785157,0.005374252021484338,True
A2HT24091429-10,D0G09000271044,加强件涂覆后外径,2.45,2.55,True,2.5,2.5,0.0,True
A2HT2410227-10,D2G09000401014,加强件涂覆后外径,7.25,7.35,True,7.28,7.284654606972334,0.004654606972334108,True
A2HT24092017-10,D1Z24090017034,加强件涂覆后外径,7.25,7.35,True,7.3,7.283543942304041,0.016456057695958926,True
A2HT2409133-10,D0G09000271018,加强件涂覆后外径,2.45,2.55,True,2.5,2.5,0.0,True
A2HT2409201-10,D1Z24090017011,加强件涂覆后外径,7.25,7.35,True,7.3,7.283543942304041,0.016456057695958926,True
A2HT24091931-10,D0G09000351001,加强件涂覆后外径,1.4,1.5,False,1.35,1.330572916666668,0.019427083333332096,False
A2HT24101022-10,D0G10000011002,加强件涂覆后外径,3.65,3.75,True,3.7,3.1041757275132285,0.5958242724867717,False
A2HT24092715-10,D1Z24090017097,加强件涂覆后外径,7.25,7.35,True,7.3,7.283543942304041,0.016456057695958926,True
A2HT2409201-10,D1Z24090017015,加强件涂覆后外径,7.25,7.35,True,7.26,7.283543942304041,0.02354394230404111,True
A2HT2409205-10,D1Z24090017028,加强件涂覆后外径,7.25,7.35,True,7.3,7.283543942304041,0.016456057695958926,True
A2HT2409205-10,D1Z24090017031,加强件涂覆后外径,7.25,7.35,True,7.29,7.283543942304041,0.006456057695959139,True
A2HT24101119-10,D6G09002442001,加强件涂覆后外径,2.45,2.55,True,2.5,2.5114667658730156,0.01146676587301565,True
A2HT24091033-10,D2G09000721004,加强件涂覆后外径,2.45,2.55,True,2.51,2.4989985798496765,0.011001420150323238,True
A2HT24092322-10,D0G09001762003,加强件涂覆后外径,1.4,1.5,False,1.35,1.3500000000000016,1.5543122344752192e-15,False
A2HT24091121-10,D2G09000754004,加强件涂覆后外径,3.95,4.05,True,4.05,4.062513453848147,0.012513453848146838,False
A2HT24092322-10,D0G09001762022,加强件涂覆后外径,1.4,1.5,False,1.35,1.3500000000000016,1.5543122344752192e-15,False
A2HT24091121-10,D2G09000754003,加强件涂覆后外径,3.95,4.05,True,4.05,4.062513453848147,0.012513453848146838,False
A2HT24102516-10,D1G10001714016,加强件涂覆后外径,4.05,4.15,True,4.1,4.1452103289248345,0.0452103289248349,True
A2HT24091429-10,D0G09000271042,加强件涂覆后外径,2.45,2.55,True,2.5,2.5,0.0,True
A2HT2410239-10,D2G09000401020,加强件涂覆后外径,7.25,7.35,True,7.32,7.284654606972334,0.03534539302766593,True
A2HT2409133-10,D0G09000271045,加强件涂覆后外径,2.45,2.55,True,2.5,2.5,0.0,True
A2HT24101243-10,D0G10000162030,加强件涂覆后外径,1.75,1.85,True,1.8,1.8036100325328313,0.003610032532831209,True
A2HT24101243-10,D0G10000162015,加强件涂覆后外径,1.75,1.85,True,1.8,1.8036100325328313,0.003610032532831209,True
A2HT24092049-10,D2G09001464006,加强件涂覆后外径,7.15,7.25,False,7.3,6.88542439794002,0.4145756020599798,False
A2HT24092045-10,D2G09001463002,加强件涂覆后外径,7.25,7.35,True,7.3,6.855691212375575,0.4443087876244247,False
A2HT24092313-10,D1Z24090017058,加强件涂覆后外径,7.25,7.35,True,7.3,7.2907936631461165,0.009206336853883279,True
A2HT24101535-10,A2HT24101535100001,加强件涂覆后外径,1.45,1.55,True,1.5,1.7399724620777244,0.23997246207772438,False
A2HT24092826-10,D1Z24090017109,加强件涂覆后外径,7.25,7.35,True,7.25,7.283543942304041,0.0335439423040409,True
A2HT24092826-10,D1Z24090017108,加强件涂覆后外径,7.25,7.35,False,7.2,7.283543942304041,0.08354394230404072,True
A2HT2409133-10,D0G09000271046,加强件涂覆后外径,2.45,2.55,True,2.5,2.5,0.0,True
A2HT24100415-10,A2HT24100415100002,加强件涂覆后外径,1.95,2.05,True,2.0,1.2917444654882155,0.7082555345117845,False
A2HT2409267-10,D1Z24090017088,加强件涂覆后外径,7.25,7.35,True,7.3,7.283543942304041,0.016456057695958926,True
A2HT24100919-10,D0G09002583002,加强件涂覆后外径,2.15,2.25,True,2.2,1.6933852397602358,0.5066147602397644,False
A2HT2409133-10,D0G09000271002,加强件涂覆后外径,2.45,2.55,True,2.5,2.5,0.0,True
A2HT24091123-10,D2G09000756003,加强件涂覆后外径,7.25,7.35,False,7.83,7.264320864958001,0.5656791350419992,True
A2HT2409255-10,D1Z24090017079,加强件涂覆后外径,7.25,7.35,True,7.3,7.2907936631461165,0.009206336853883279,True
A2HT24102314-10,D2G10001551002,加强件涂覆后外径,2.45,2.55,True,2.5,2.502678571428571,0.002678571428571086,True
A2HT24091125-10,D2G09000753001,加强件涂覆后外径,4.05,4.15,True,4.1,4.080534891532382,0.019465108467617398,True
A2HT24092023-10,D6G09000868001,加强件涂覆后外径,2.15,2.25,True,2.2,2.216717261904756,0.016717261904755976,True
A2HT24100412-10,D9G09000821001,加强件涂覆后外径,2.25,2.35,True,2.3,2.2603474747474745,0.03965252525252527,True
A2HT24102413-10,D0G10000801002,加强件涂覆后外径,1.4,1.5,False,2.0,2.0931319444444436,0.09313194444444362,False
A2HT24101215-10,D0G10000162009,加强件涂覆后外径,1.75,1.85,True,1.8,1.8004792148862157,0.0004792148862156065,True
A2HT2409267-10,D1Z24090017085,加强件涂覆后外径,7.25,7.35,True,7.3,7.283543942304041,0.016456057695958926,True
A2HT24092714-10,D0G09000641001,加强件涂覆后外径,2.25,2.35,True,2.3,2.3813659391534396,0.08136593915343981,False
A2HT2409205-10,D1Z24090017030,加强件涂覆后外径,7.25,7.35,True,7.3,7.283543942304041,0.016456057695958926,True
A2HT24090416-10,D6G08002411005,加强件涂覆后外径,1.4,1.5,False,2.0,1.9753346109908605,0.024665389009139504,False
A2HT24092855-10,D9G09000781002,加强件涂覆后外径,6.05,6.15,True,6.05,6.080936050546088,0.030936050546087834,True
A2HT24091429-10,D0G09000271057,加强件涂覆后外径,2.45,2.55,True,2.5,2.5,0.0,True
A2HT24102542-10,D9G10001011003,加强件涂覆后外径,6.05,6.15,True,6.12,6.053844910391439,0.06615508960856076,True
A2HT24092023-10,D6G09000868003,加强件涂覆后外径,2.15,2.25,True,2.2,2.216717261904756,0.016717261904755976,True
A2HT2410213-10,D1G10001121004,加强件涂覆后外径,4.45,4.55,True,4.52,4.580744397847522,0.06074439784752261,False
A2HT24100917-10,D0G09002581003,加强件涂覆后外径,2.15,2.25,True,2.2,2.200391534391528,0.0003915343915279479,True
A2HT24090315-10,D6G823011001,加强件涂覆后外径,3.85,3.95,False,3.82,2.122053704969493,1.6979462950305066,False
A2HT24092322-10,D0G09001762020,加强件涂覆后外径,1.4,1.5,False,1.35,1.3500000000000016,1.5543122344752192e-15,False
A2HT24091439-10,D2G09001283001,加强件涂覆后外径,4.05,4.15,True,4.1,2.7655909341715366,1.334409065828463,False
A2HT24091121-10,D2G09000754006,加强件涂覆后外径,3.95,4.05,True,4.05,4.062513453848147,0.012513453848146838,False
A2HT24083010-10,D1G08002337004,加强件涂覆后外径,4.05,4.15,True,4.1,4.1001479154691705,0.00014791546917081178,True
A2HT24101513-10,D6G09002493007,加强件涂覆后外径,3.25,3.35,True,3.3,3.293855747968168,0.006144252031831776,True
A2HT2409255-10,D1Z24090017070,加强件涂覆后外径,7.25,7.35,False,7.22,7.2907936631461165,0.07079366314611679,True
A2HT24092047-10,D2G09001462006,加强件涂覆后外径,4.05,4.15,True,4.11,4.115405476737774,0.005405476737773363,True
A2HT2409133-10,D0G09000271028,加强件涂覆后外径,2.45,2.55,True,2.5,2.5,0.0,True
A2HT24101413-10,D2G10000762005,加强件涂覆后外径,7.15,7.25,False,7.28,7.227212473340159,0.05278752665984143,True
A2HT2410227-10,D2G09000401004,加强件涂覆后外径,7.25,7.35,True,7.3,7.284654606972334,0.015345393027665466,True
A2HT24092832-10,D1G09002021001,加强件涂覆后外径,4.05,4.15,True,4.12,4.099662918851987,0.020337081148013247,True
A2HT24101241-10,D0G10000161003,加强件涂覆后外径,3.9,4.1,True,4.02,3.9765799845987315,0.04342001540126805,True
A2HT2409205-10,D1Z24090017027,加强件涂覆后外径,7.25,7.35,True,7.3,7.283543942304041,0.016456057695958926,True
A2HT24102516-10,D1G10001714015,加强件涂覆后外径,4.05,4.15,True,4.05,4.1452103289248345,0.09521032892483472,True
A2HT24091226-10,D0G09000271012,加强件涂覆后外径,2.45,2.55,True,2.5,2.6172079034391538,0.11720790343915377,False
A2HT24091226-10,D0G09000271010,加强件涂覆后外径,2.45,2.55,True,2.5,2.6172079034391538,0.11720790343915377,False
A2HT2410239-10,D2G09000401024,加强件涂覆后外径,7.25,7.35,True,7.3,7.284654606972334,0.015345393027665466,True
A2HT24102542-10,D9G10001011004,加强件涂覆后外径,6.05,6.15,True,6.1,6.053844910391439,0.046155089608560296,True
A2HT24100919-10,D0G09002583001,加强件涂覆后外径,2.15,2.25,True,2.2,1.6933852397602358,0.5066147602397644,False
A2HT24092829-10,D6G09000869002,加强件涂覆后外径,1.4,1.5,False,3.3,2.9261914156445417,0.37380858435545816,False
A2HT24101241-10,D0G10000161008,加强件涂覆后外径,3.9,4.1,True,4.0,3.9765799845987315,0.02342001540126848,True
A2HT2410149-10,D6G10000341008,加强件涂覆后外径,1.4,1.5,False,1.35,1.3496631944444462,0.00033680555555393177,False
A2HT24092036-10,D0G09001551004,加强件涂覆后外径,3.05,3.15,True,3.1,3.3600370370370487,0.2600370370370486,False
A2HT24091429-10,D0G09000271051,加强件涂覆后外径,2.45,2.55,True,2.5,2.5,0.0,True
A2HT24091429-10,D0G09000271056,加强件涂覆后外径,2.45,2.55,True,2.5,2.5,0.0,True
A2HT2409255-10,D1Z24090017078,加强件涂覆后外径,7.25,7.35,True,7.32,7.2907936631461165,0.02920633685388374,True
A2HT24101243-10,D0G10000162031,加强件涂覆后外径,1.75,1.85,True,1.8,1.8036100325328313,0.003610032532831209,True
A2HT2410227-10,D2G09000401012,加强件涂覆后外径,7.25,7.35,True,7.35,7.284654606972334,0.06534539302766529,True
A2HT2409205-10,D1Z24090017017,加强件涂覆后外径,7.25,7.35,True,7.31,7.283543942304041,0.026456057695958712,True
A2HT24101241-10,D0G10000161002,加强件涂覆后外径,3.9,4.1,True,4.02,3.9765799845987315,0.04342001540126805,True
A2HT24101513-10,D6G09002493005,加强件涂覆后外径,3.25,3.35,True,3.3,3.293855747968168,0.006144252031831776,True
A2HT24091033-10,D2G09000721010,加强件涂覆后外径,2.45,2.55,True,2.5,2.4989985798496765,0.001001420150323451,True
A2HT2410227-10,D2G09000401015,加强件涂覆后外径,7.25,7.35,True,7.25,7.284654606972334,0.034654606972334356,True
A2HT24100916-10,D0G09000914001,加强件涂覆后外径,1.3,1.4,True,1.35,1.3787334147334154,0.028733414733415286,True
A2HT24101245-10,D6G09002492004,加强件涂覆后外径,1.4,1.5,True,1.5,1.5541407875213027,0.05414078752130269,False
A2HT2409062-10,D2G09000312001,加强件涂覆后外径,2.45,2.55,True,2.5,2.4962609592953346,0.003739040704665353,True
A2HT24090310-10,D4G080011008,加强件涂覆后外径,2.45,2.55,True,2.5,2.4866600942460324,0.013339905753967596,True
A2HT24092855-10,D9G09000781004,加强件涂覆后外径,6.05,6.15,True,6.05,6.080936050546088,0.030936050546087834,True
A2HT2409267-10,D1Z24090017093,加强件涂覆后外径,7.25,7.35,True,7.3,7.283543942304041,0.016456057695958926,True
A2HT2410169-10,D6G09002493012,加强件涂覆后外径,3.25,3.35,True,3.3,3.293855747968168,0.006144252031831776,True
A2HT24090419-10,A2HT24090419100001,加强件涂覆后外径,1.4,1.5,False,2.5,2.384763588263588,0.11523641173641197,False
A2HT2409133-10,D0G09000271033,加强件涂覆后外径,2.45,2.55,True,2.5,2.5,0.0,True
A2HT24092855-10,D9G09000781006,加强件涂覆后外径,6.05,6.15,True,6.1,6.080936050546088,0.019063949453911988,True
A2HT24101243-10,D0G10000162032,加强件涂覆后外径,1.75,1.85,True,1.8,1.8036100325328313,0.003610032532831209,True
A2HT24090416-10,D6G08002411007,加强件涂覆后外径,1.4,1.5,False,2.0,1.9753346109908605,0.024665389009139504,False
A2HT2409255-10,D1Z24090017073,加强件涂覆后外径,7.25,7.35,True,7.25,7.2907936631461165,0.04079366314611654,True
A2HT24091410-10,D0G09001321003,加强件涂覆后外径,1.4,1.5,False,1.35,1.3475597400284915,0.0024402599715085405,False
A2HT24102516-10,D1G10001714014,加强件涂覆后外径,4.05,4.15,True,4.15,4.1452103289248345,0.004789671075165813,True
A2HT24091429-10,D0G09000271055,加强件涂覆后外径,2.45,2.55,True,2.5,2.5,0.0,True
A2HT24101241-10,D0G10000161005,加强件涂覆后外径,3.9,4.1,True,4.0,3.9765799845987315,0.02342001540126848,True
A2HT24092832-10,D1G09002021006,加强件涂覆后外径,4.05,4.15,True,4.1,4.099662918851987,0.00033708114801278555,True
A2HT24100416-10,D9G09000971002,加强件涂覆后外径,2.15,2.25,True,2.2,2.2950035594035585,0.09500355940355831,False
A2HT24100823-10,D0G09002381001,加强件涂覆后外径,3.05,3.15,True,3.1,3.3691500992063537,0.2691500992063536,False
A2HT24101245-10,D6G09002492002,加强件涂覆后外径,1.4,1.5,True,1.5,1.5541407875213027,0.05414078752130269,False
A2HT24093012-10,D0G09002451002,加强件涂覆后外径,2.15,2.25,True,2.2,2.317768383237131,0.11776838323713079,False
A2HT24101611-10,D0G10000171002,加强件涂覆后外径,1.4,1.5,False,1.35,1.3509722222222238,0.0009722222222237065,False
A2HT24091415-10,D0G09000321001,加强件涂覆后外径,2.15,2.25,True,2.2,2.2093679634295436,0.00936796342954338,True
A2HT24091221-10,A2HT24091221100001,加强件涂覆后外径,2.15,2.25,True,2.2,1.930313729216688,0.2696862707833121,False
A2HT24083010-10,D1G08002337017,加强件涂覆后外径,4.05,4.15,True,4.1,4.1001479154691705,0.00014791546917081178,True
A2HT24092038-10,D0G09001552001,加强件涂覆后外径,3.05,3.15,True,3.1,3.509225198412709,0.4092251984127091,False
A2HT24091121-10,D2G09000754012,加强件涂覆后外径,3.95,4.05,True,4.05,4.062513453848147,0.012513453848146838,False
A2HT24101215-10,D0G10000162008,加强件涂覆后外径,1.75,1.85,True,1.8,1.8004792148862157,0.0004792148862156065,True
A2HT24092017-10,D1Z24090017046,加强件涂覆后外径,7.25,7.35,True,7.3,7.283543942304041,0.016456057695958926,True
A2HT2410169-10,D6G09002493014,加强件涂覆后外径,3.25,3.35,True,3.3,3.293855747968168,0.006144252031831776,True
A2HT24092410-10,D2G09001486006,加强件涂覆后外径,3.95,4.05,False,4.13,4.083387605565737,0.04661239443426268,False
A2HT24092322-10,D0G09001762001,加强件涂覆后外径,1.4,1.5,False,1.35,1.3500000000000016,1.5543122344752192e-15,False
A2HT2410205-10,D0G10000162035,加强件涂覆后外径,1.75,1.85,True,1.8,1.8036100325328313,0.003610032532831209,True
A2HT24100816-10,D0G09002591005,加强件涂覆后外径,2.15,2.25,True,2.2,2.200388483044727,0.0003884830447269394,True
A2HT24091226-10,D0G09000271008,加强件涂覆后外径,2.45,2.55,True,2.5,2.6172079034391538,0.11720790343915377,False
A2HT24091121-10,D2G09000754008,加强件涂覆后外径,3.95,4.05,True,4.05,4.062513453848147,0.012513453848146838,False
A2HT24090416-10,D6G08002411001,加强件涂覆后外径,1.4,1.5,False,2.0,1.9753346109908605,0.024665389009139504,False
A2HT24101413-10,D2G10000762012,加强件涂覆后外径,7.15,7.25,True,7.25,7.227212473340159,0.022787526659841184,True
A2HT24091437-10,D2G09001282001,加强件涂覆后外径,7.15,7.25,True,7.2,5.643255274436004,1.5567447255639966,False
A2HT2409133-10,D0G09000271060,加强件涂覆后外径,2.45,2.55,True,2.5,2.5,0.0,True
A2HT24090213-10,D9G08001101001,加强件涂覆后外径,4.15,4.25,True,4.2,0.8634332010582005,3.3365667989417997,False
A2HT24100917-10,D0G09002581007,加强件涂覆后外径,2.15,2.25,True,2.2,2.200391534391528,0.0003915343915279479,True
A2HT24101243-10,D0G10000162026,加强件涂覆后外径,1.75,1.85,True,1.8,1.8036100325328313,0.003610032532831209,True
A2HT2409205-10,D1Z24090017023,加强件涂覆后外径,7.25,7.35,True,7.31,7.283543942304041,0.026456057695958712,True
A2HT24101728-10,D6G015011003,加强件涂覆后外径,2.15,2.25,True,2.2,2.321947023809523,0.12194702380952283,False
A2HT24092049-10,D2G09001464005,加强件涂覆后外径,7.15,7.25,True,7.25,6.88542439794002,0.36457560205997996,False
A2HT2410239-10,D2G09000401021,加强件涂覆后外径,7.25,7.35,True,7.3,7.284654606972334,0.015345393027665466,True
A2HT24102516-10,D1G10001714018,加强件涂覆后外径,4.05,4.15,True,4.11,4.1452103289248345,0.03521032892483422,True
A2HT24090416-10,D6G08002411004,加强件涂覆后外径,1.4,1.5,False,2.0,1.9753346109908605,0.024665389009139504,False
A2HT2409205-10,D1Z24090017029,加强件涂覆后外径,7.25,7.35,True,7.3,7.283543942304041,0.016456057695958926,True
A2HT24083033-10,D2G08002302002,加强件涂覆后外径,2.45,2.55,True,2.5,2.4946257479785157,0.005374252021484338,True
A2HT24101718-10,D6G09002493022,加强件涂覆后外径,3.25,3.35,True,3.3,3.293855747968168,0.006144252031831776,True
A2HT24090620-10,A2HT24090620100001,加强件涂覆后外径,1.75,1.85,True,1.8,1.6473763215950727,0.1526236784049273,False
A2HT24092855-10,D9G09000781011,加强件涂覆后外径,6.05,6.15,True,6.05,6.080936050546088,0.030936050546087834,True
A2HT24091121-10,D2G09000754011,加强件涂覆后外径,3.95,4.05,True,4.05,4.062513453848147,0.012513453848146838,False
A2HT24091410-10,D0G09001321007,加强件涂覆后外径,1.4,1.5,False,1.35,1.3475597400284915,0.0024402599715085405,False
A2HT24092410-10,D2G09001486008,加强件涂覆后外径,3.95,4.05,True,4.0,4.083387605565737,0.08338760556573721,False
A2HT2409097-10,D5G09000231001,加强件涂覆后外径,4.85,4.95,True,4.9,4.808732202982205,0.09126779701779508,False
A2HT2410239-10,D2G09000401022,加强件涂覆后外径,7.25,7.35,True,7.25,7.284654606972334,0.034654606972334356,True
A2HT24102119-10,A2HT24102119100001,加强件涂覆后外径,2.15,2.25,True,2.2,2.0458493473576067,0.15415065264239347,False
A2HT24083030-10,A2HT24083030100001,加强件涂覆后外径,1.4,1.5,False,1.7,1.4503679578523332,0.24963204214766677,True
A2HT24083047-10,D1G08002487002,加强件涂覆后外径,4.05,4.15,True,4.11,4.1001479154691705,0.009852084530829863,True
A2HT24100914-10,D0G09000912003,加强件涂覆后外径,1.3,1.4,True,1.35,1.015652580636956,0.334347419363044,False
A2HT2410222-10,A2HT2410222100002,加强件涂覆后外径,1.95,2.05,True,2.0,2.035347813407353,0.035347813407352824,True
A2HT24092830-10,D1G09001959003,加强件涂覆后外径,4.4,4.6,True,4.52,4.5932320797258255,0.0732320797258259,True
A2HT24092017-10,D1Z24090017037,加强件涂覆后外径,7.25,7.35,True,7.31,7.283543942304041,0.026456057695958712,True
A2HT24100917-10,D0G09002581001,加强件涂覆后外径,2.15,2.25,True,2.2,2.200391534391528,0.0003915343915279479,True
A2HT24092841-10,D9G09000581003,加强件涂覆后外径,2.15,2.25,True,2.2,2.2788842742905207,0.07888427429052047,False
A2HT24101243-10,D0G10000162033,加强件涂覆后外径,1.75,1.85,True,1.8,1.8036100325328313,0.003610032532831209,True
A2HT24092063-10,D9G09000361001,缆芯外径,5.2,5.6,True,5.43,5.567161670800119,0.13716167080011932,True
A2HT24083016-10,D2G08002301002,缆芯外径,12.7,13.1,True,12.93,12.966598217123394,0.036598217123394505,True
A2HT24082929-10,D2G08002422035,缆芯外径,4.4,4.8,True,4.63,4.653530956733342,0.02353095673334238,True
A2HT2409133-10,D0G09000271021,缆芯外径,7.6,7.8,True,7.75,7.721953200387626,0.02804679961237433,True
A2HT24092010-10,D6G09000861030,缆芯外径,6.2,6.6,True,6.43,6.46999973263912,0.039999732639119934,True
A2HT24100911-10,D2G10000051022,缆芯外径,4.75,5.15,True,5.1,5.030958268252944,0.0690417317470553,True
A2HT24100625-10,D2G09002372026,缆芯外径,4.4,4.8,True,4.63,4.649523762630362,0.01952376263036193,True
A2HT2409131-10,D2G09001171078,缆芯外径,4.4,4.8,True,4.63,4.6318782529017835,0.0018782529017835614,True
A2HT24091036-10,D2G09000762008,缆芯外径,6.5,6.9,True,6.73,6.758368949171951,0.02836894917195032,True
A2HT24092049-10,D2G09001464006,缆芯外径,12.1,12.5,True,12.45,12.19060971123782,0.2593902887621802,True
A2HT24092615-10,D1G09002081149,缆芯外径,4.5,4.9,True,4.75,4.739761589110488,0.01023841088951194,True
A2HT24102317-10,D0Z24100012002,缆芯外径,6.6,7.0,True,6.8,6.846593657306048,0.046593657306048364,True
A2HT2409249-10,D2G09001482034,缆芯外径,4.4,4.8,True,4.63,4.661557816778004,0.03155781677800373,True
A2HT24091935-10,D1G09001443036,缆芯外径,4.5,4.9,True,4.8,4.741177265492469,0.058822734507530505,True
A2HT2410123-10,D2G10000401036,缆芯外径,5.4,5.8,True,5.8,5.682094020067966,0.11790597993203367,True
A2HT24090414-10,D6G08001992012,缆芯外径,5.45,5.85,True,5.67,5.720137330162938,0.0501373301629382,True
A2HT24101827-10,D1G10001101020,缆芯外径,6.6,7.0,True,6.85,6.839924170684987,0.010075829315012719,True
A2HT24092015-10,D1G09001443179,缆芯外径,4.5,4.9,True,4.85,4.760280715266314,0.08971928473368607,True
A2HT24091419-10,D0G09000323001,缆芯外径,6.0,6.4,True,6.3,6.88603271225495,0.5860327122549505,False
A2HT24101515-10,D6G09002492017,缆芯外径,5.3,5.7,True,5.53,5.4735145075444605,0.0564854924555398,True
A2HT24083021-10,D1G08002335061,缆芯外径,6.6,7.0,True,6.8,6.805915241101649,0.0059152411016487605,True
A2HT2409024-10,D2G08002422038,缆芯外径,4.4,4.8,True,4.6,4.653530956733342,0.05353095673334263,True
A2HT24102546-10,D1G10001612077,缆芯外径,4.5,4.9,True,4.73,4.738980811006579,0.008980811006578548,True
A2HT2409252-10,D2G09001362038,缆芯外径,5.5,5.9,True,5.75,5.785903660734993,0.03590366073499318,True
A2HT24091441-10,D2G09001261061,缆芯外径,4.4,4.8,True,4.6,4.645834684462994,0.04583468446299399,True
A2HT24102555-10,D0G10001101006,缆芯外径,5.0,5.4,True,5.23,5.269627160948398,0.03962716094839713,True
A2HT24091935-10,D1G09001443032,缆芯外径,4.5,4.9,True,4.7,4.741177265492469,0.04117726549246914,True
A2HT24083034-10,D1G08002131140,缆芯外径,5.2,5.6,True,5.43,5.469607171031336,0.03960717103133593,True
A2HT24083030-10,A2HT24083030100002,缆芯外径,4.85,5.25,True,5.25,5.40632179321039,0.15632179321038997,False
A2HT24102542-10,D9G10001011004,缆芯外径,18.1,18.5,True,18.32,18.29531354604612,0.024686453953879806,True
A2FX2410248-10,D1G0800114800501,缆芯外径,6.6,7.0,True,6.9,6.687672817159688,0.21232718284031193,True
A2HT24092015-10,D1G09001443133,缆芯外径,4.5,4.9,True,4.73,4.760280715266314,0.030280715266313152,True
A2FX2410243-10,D2G0900144100701,缆芯外径,5.1,5.5,True,5.4,5.537353107600569,0.1373531076005685,False
A2HT24100626-10,D2G09002373027,缆芯外径,4.75,5.15,True,4.97,5.030958268252944,0.06095826825294459,True
A2HT24092043-10,D2G09001461001,缆芯外径,9.1,9.5,True,9.33,9.281953038297589,0.048046961702411295,True
A2HT24092013-10,D2G09001361030,缆芯外径,5.1,5.5,True,5.45,5.379303467673893,0.07069653232610751,True
A2HT24102429-10,D0G10000845033,缆芯外径,4.75,5.15,True,5.1,5.057131713006574,0.04286828699342582,True
A2HT24101413-10,D2G10000762020,缆芯外径,12.1,12.5,True,12.33,12.328680757829698,0.001319242170302104,True
A2HT24082929-10,D2G08002422010,缆芯外径,4.4,4.8,True,4.7,4.653530956733342,0.046469043266657906,True
A2HT24093011-10,D2G09002233003,缆芯外径,4.75,5.15,True,4.95,5.008022513489049,0.058022513489048855,True
A2HT24091935-10,D1G09001443198,缆芯外径,4.5,4.9,True,4.65,4.741177265492469,0.09117726549246896,True
A2HT24092021-10,D2G09001361074,缆芯外径,5.1,5.5,True,5.35,5.37324540827196,0.02324540827196042,True
A2HT2409195-10,D6G09000862002,缆芯外径,6.2,6.6,True,6.42,6.489083878968258,0.06908387896825818,True
A2HT24092324-10,D2G09001484011,缆芯外径,4.75,5.15,True,5.1,5.009235673803096,0.09076432619690333,True
A2HT24101413-10,D2G10000762006,缆芯外径,12.1,12.5,True,12.33,12.328680757829698,0.001319242170302104,True
A2HT2409267-10,D1Z24090017096,缆芯外径,12.2,12.6,True,12.43,12.460718015715162,0.03071801571516275,True
A2HT24083034-10,D1G08002131020,缆芯外径,5.2,5.6,True,5.43,5.469607171031336,0.03960717103133593,True
A2HT24091316-10,D2G09001093001,缆芯外径,11.7,12.1,True,11.93,11.520424412817118,0.4095755871828821,False
A2HT24083034-10,D1G08002131057,缆芯外径,5.2,5.6,True,5.5,5.469607171031336,0.030392828968664354,True
A2HT24091119-10,D2G09000752029,缆芯外径,4.4,4.8,True,4.63,4.639726299376921,0.009726299376921155,True
A2HT24082924-10,D1G080032005,缆芯外径,5.3,5.7,True,5.53,5.566136071577061,0.03613607157706067,True
A2HT24091935-10,D1G09001443030,缆芯外径,4.5,4.9,True,4.73,4.741177265492469,0.01117726549246889,True
A2HT24082923-10,D1G08002333002,缆芯外径,4.9,5.3,True,5.2,5.125071438297767,0.07492856170223305,True
A2HT24092324-10,D2G09001484023,缆芯外径,4.75,5.15,True,5.0,5.009235673803096,0.009235673803096311,True
A2HT24082930-10,D2G08002424022,缆芯外径,4.4,4.8,True,4.63,4.64750099237571,0.01750099237570968,True
A2HT24091441-10,D2G09001261074,缆芯外径,4.4,4.8,True,4.63,4.645834684462994,0.015834684462993742,True
A2HT24083034-10,D1G08002131032,缆芯外径,5.2,5.6,True,5.43,5.469607171031336,0.03960717103133593,True
A2HT24090210-10,D1G08002502005,缆芯外径,12.7,13.1,True,12.93,12.973354332445878,0.04335433244587783,True
A2HT24091414-10,D2G09001262036,缆芯外径,4.4,4.8,True,4.7,4.661009630835502,0.03899036916449816,True
A2HT24092615-10,D1G09002081089,缆芯外径,4.5,4.9,True,4.8,4.739761589110488,0.06023841088951176,True
A2HT24100912-10,D2G10000054015,缆芯外径,6.5,6.9,True,6.73,6.776061340242319,0.04606134024231867,True
A2HT24101411-10,D2G10000761014,缆芯外径,6.5,6.9,True,6.8,6.778576376366574,0.021423623633426203,True
A2HT2410227-10,D2G09000401017,缆芯外径,12.1,12.5,True,12.45,12.391884449494482,0.05811555050551753,True
A2HT24091410-10,D0G09001321004,缆芯外径,4.85,5.25,True,5.1,5.095998108485002,0.004001891514997524,True
A2HT24100911-10,D2G10000051016,缆芯外径,4.75,5.15,True,5.1,5.030958268252944,0.0690417317470553,True
A2HT24082312-10,A2HT24082312100007,缆芯外径,5.4,5.8,True,5.63,5.703859800068359,0.0738598000683588,True
A2HT24092715-10,D1Z24090017100,缆芯外径,12.2,12.6,True,12.43,12.460718015715162,0.03071801571516275,True
A2HT24091935-10,D1G09001443008,缆芯外径,4.5,4.9,True,4.73,4.741177265492469,0.01117726549246889,True
A2HT24101115-10,D2G10000262005,缆芯外径,4.4,4.8,True,4.65,4.6578398211510805,0.007839821151080173,True
A2HT24092828-10,D2G09002111029,缆芯外径,4.4,4.8,True,4.63,4.658727164745929,0.028727164745928846,True
A2HT2410227-10,D2G09000401016,缆芯外径,12.1,12.5,True,12.45,12.391884449494482,0.05811555050551753,True
A2HT24102317-10,D0Z24100012013,缆芯外径,6.6,7.0,True,6.84,6.846593657306048,0.006593657306048328,True
A2HT24102117-10,D9G07001331003,缆芯外径,4.55,4.95,True,4.8,4.827012172357617,0.027012172357617104,True
A2HT2409048-10,D2G09000122001,缆芯外径,7.3,7.7,True,7.6,7.6098442840491165,0.009844284049116858,True
A2HT24092026-10,D6G0900086B005,缆芯外径,4.4,4.8,True,4.63,4.679307876498498,0.04930787649849844,True
A2HT2409046-10,D2G09000121001,缆芯外径,6.8,7.2,True,6.9,7.371623939919923,0.47162393991992246,False
A2HT24092015-10,D1G09001443108,缆芯外径,4.5,4.9,True,4.75,4.760280715266314,0.010280715266313578,True
A2HT24083035-10,A2HT24083035100010,缆芯外径,5.2,5.6,True,5.58,5.489958282788404,0.09004171721159615,True
A2HT24101823-10,D0G10000181001,缆芯外径,4.9,5.3,True,5.2,6.542433509511777,1.3424335095117765,False
A2HT24092047-10,D2G09001462005,缆芯外径,8.9,9.3,True,9.2,8.964243221918984,0.23575677808101503,True
A2HT24091441-10,D2G09001261056,缆芯外径,4.4,4.8,True,4.7,4.645834684462994,0.05416531553700654,True
A2HT2409106-10,D2G09000513002,缆芯外径,11.7,12.1,True,11.93,11.952510333994693,0.02251033399469371,True
A2HT24091414-10,D2G09001262020,缆芯外径,4.4,4.8,True,4.63,4.661009630835502,0.031009630835502122,True
A2HT2408284-10,D2G08002171004,缆芯外径,11.7,12.1,True,11.93,11.967854629629622,0.037854629629622494,True
A2HT24091441-10,D2G09001261067,缆芯外径,4.4,4.8,True,4.7,4.645834684462994,0.05416531553700654,True
A2HT2409062-10,D2G09000312002,缆芯外径,6.85,7.25,True,7.07,7.090278936688306,0.020278936688305826,True
A2HT24092828-10,D2G09002111013,缆芯外径,4.4,4.8,True,4.7,4.658727164745929,0.04127283525407144,True
A2HT24100632-10,D2G09002421013,缆芯外径,5.5,5.9,True,5.8,5.758733387397931,0.041266612602068875,True
A2HT2410187-10,D9G10000611001,缆芯外径,4.75,5.15,True,5.1,5.044520060797291,0.05547993920270855,True
A2HT24092853-10,D2G09002001098,缆芯外径,4.4,4.8,True,4.63,4.672320406350341,0.04232040635034107,True
A2HT24090414-10,D6G08001992016,缆芯外径,5.45,5.85,True,5.67,5.720137330162938,0.0501373301629382,True
A2HT24101117-10,D2G10000265001,缆芯外径,4.75,5.15,True,4.97,5.054045503323678,0.08404550332367844,True
A2HT24091442-10,DACG090031002,缆芯外径,5.6,6.0,True,5.83,7.5028180832793705,1.6728180832793704,False
A2HT24101827-10,D1G10001101024,缆芯外径,6.6,7.0,True,6.8,6.839924170684987,0.039924170684987104,True
A2HT2410189-10,D9G10000451001,缆芯外径,7.9,8.3,True,8.2,8.202151097434493,0.0021510974344938205,True
A2HT24092829-10,D6G09000869004,缆芯外径,7.3,7.7,True,7.53,7.6020307332778,0.07203073327780007,True
A2HT24092322-10,D0G09001762023,缆芯外径,4.85,5.25,False,4.52,4.687315077446154,0.1673150774461547,False
A2HT24101416-10,D2G10000791002,缆芯外径,14.8,15.2,True,15.02,11.535162226798615,3.4848377732013844,False
A2HT24083047-10,D1G08002487005,缆芯外径,9.0,9.4,True,9.32,9.257720072055248,0.062279927944752345,True
A2HT24083034-10,D1G08002131110,缆芯外径,5.2,5.6,True,5.6,5.469607171031336,0.130392828968664,True
A2HT24100616-10,D2G09002371027,缆芯外径,6.5,6.9,True,6.73,6.757052204900529,0.027052204900528842,True
A2HT24100611-10,D1G09002261010,缆芯外径,12.2,12.6,True,12.43,12.449495379455893,0.019495379455893413,True
A2HT24102429-10,D0G10000845043,缆芯外径,4.75,5.15,True,5.0,5.057131713006574,0.057131713006573825,True
A2HT24090628-10,D2G09000441046,缆芯外径,5.1,5.5,True,5.35,5.350702327794761,0.000702327794761537,True
A2HT24102313-10,D1G10001612028,缆芯外径,4.5,4.9,True,4.73,4.747961733489607,0.0179617334896065,True
A2HT24092853-10,D2G09002001154,缆芯外径,4.4,4.8,True,4.7,4.672320406350341,0.027679593649659218,True
A2HT2409027-10,D1G08002552011,缆芯外径,4.9,5.3,True,5.1,5.1459856267804,0.04598562678039997,True
A2HT24082925-10,D1G080033017,缆芯外径,6.6,7.0,True,6.8,6.805915241101649,0.0059152411016487605,True
A2HT24101115-10,D2G10000262007,缆芯外径,4.4,4.8,True,4.7,4.6578398211510805,0.04216017884891965,True
A2HT24082926-10,D2G08002181002,缆芯外径,11.7,12.1,True,12.0,11.981706771584893,0.018293228415107166,True
A2HT24092026-10,D6G0900086B002,缆芯外径,4.4,4.8,True,4.7,4.679307876498498,0.020692123501501847,True
A2HT24102546-10,D1G10001612064,缆芯外径,4.5,4.9,True,4.73,4.738980811006579,0.008980811006578548,True
A2HT24083067-10,D2G08002424036,缆芯外径,4.4,4.8,True,4.63,4.65288534266402,0.022885342664020314,True
A2HT24083063-10,D2G08002421001,缆芯外径,5.1,5.5,True,5.35,5.35307861780899,0.003078617808990103,True
A2HT24083034-10,D1G08002131040,缆芯外径,5.2,5.6,True,5.43,5.469607171031336,0.03960717103133593,True
A2HT24083021-10,D1G08002335048,缆芯外径,6.6,7.0,True,6.84,6.805915241101649,0.034084758898351275,True
A2HT24101618-10,D2G10000871033,缆芯外径,4.75,5.15,True,4.95,5.04838045874736,0.09838045874735979,True
A2HT24100911-10,D2G10000051056,缆芯外径,4.75,5.15,True,5.1,5.030958268252944,0.0690417317470553,True
A2HT24092015-10,D1G09001443148,缆芯外径,4.5,4.9,True,4.73,4.760280715266314,0.030280715266313152,True
A2HT24082311-10,D2G08001861029,缆芯外径,5.4,5.8,True,5.7,5.666208879028358,0.033791120971642385,True
A2HT24092417-10,D2G09001362019,缆芯外径,5.5,5.9,True,5.75,5.753704788010569,0.003704788010568727,True
A2HT2410216-10,D2G10001302008,缆芯外径,4.4,4.8,True,4.63,4.665448581973578,0.035448581973578364,True
A2HT24092850-10,D2G09002001038,缆芯外径,4.4,4.8,True,4.7,4.689669923512577,0.010330076487423234,True
A2HT2409134-10,A2HT2409134100003,缆芯外径,7.5,7.9,True,7.73,7.760336093983637,0.030336093983637014,True
A2HT24092015-10,D1G09001443124,缆芯外径,4.5,4.9,True,4.73,4.760280715266314,0.030280715266313152,True
A2HT24102511-10,D2G10001531002,缆芯外径,5.5,5.9,True,5.8,5.780896331246035,0.01910366875396452,True
A2HT24100615-10,D6G09000865025,缆芯外径,6.2,6.6,True,6.45,6.460514643298563,0.010514643298562554,True
A2HT2409123-10,D1G09001041047,缆芯外径,6.6,7.0,True,6.8,6.791452351155652,0.00854764884434811,True
A2HT24100632-10,D2G09002421002,缆芯外径,5.5,5.9,True,5.8,5.758733387397931,0.041266612602068875,True
A2HT2409203-10,D2G09001361027,缆芯外径,5.1,5.5,True,5.35,5.379303467673893,0.029303467673893024,True
A2HT24091935-10,D1G09001443009,缆芯外径,4.5,4.9,True,4.7,4.741177265492469,0.04117726549246914,True
A2HT24092322-10,D0G09001762001,缆芯外径,4.85,5.25,True,5.1,4.687315077446154,0.41268492255384537,False
A2HT2409205-10,D1Z24090017029,缆芯外径,12.2,12.6,True,12.43,12.460718015715162,0.03071801571516275,True
A2HT24092410-10,D2G09001486001,缆芯外径,8.8,9.2,True,9.2,9.100091868389898,0.09990813161010159,True
A2HT2409132-10,D2G09001172016,缆芯外径,4.75,5.15,True,4.97,5.011565681411765,0.04156568141176553,True
A2HT24082311-10,D2G08001861017,缆芯外径,5.4,5.8,True,5.75,5.666208879028358,0.08379112097164221,True
A2HT24083067-10,D2G08002424038,缆芯外径,4.4,4.8,True,4.63,4.65288534266402,0.022885342664020314,True
A2HT24092017-10,D1Z24090017042,缆芯外径,12.2,12.6,True,12.55,12.460718015715162,0.08928198428483825,True
A2HT24091413-10,D2G09001261019,缆芯外径,4.4,4.8,True,4.7,4.6579979838740515,0.04200201612594867,True
A2HT24091225-10,D2G09001171013,缆芯外径,4.4,4.8,True,4.6,4.641701761619126,0.04170176161912664,True
A2HT24092714-10,D0G09000641001,缆芯外径,6.9,7.3,True,7.12,7.235217110088985,0.1152171100889845,True
A2HT2409123-10,D1G09001041053,缆芯外径,6.6,7.0,True,6.7,6.791452351155652,0.09145235115565153,True
A2HT24091410-10,D0G09001321005,缆芯外径,4.85,5.25,True,5.2,5.095998108485002,0.10400189151499806,True
A2HT2410123-10,D2G10000401014,缆芯外径,5.4,5.8,True,5.63,5.682094020067966,0.05209402006796626,True
A2HT24091441-10,D2G09001261041,缆芯外径,4.4,4.8,True,4.63,4.645834684462994,0.015834684462993742,True
A2HT24082924-10,D1G080032001,缆芯外径,5.3,5.7,True,5.53,5.566136071577061,0.03613607157706067,True
A2HT24092322-10,D0G09001762010,缆芯外径,4.85,5.25,False,4.52,4.687315077446154,0.1673150774461547,False
A2HT24100911-10,D2G10000051028,缆芯外径,4.75,5.15,True,5.1,5.030958268252944,0.0690417317470553,True
A2HT2409123-10,D1G09001041008,缆芯外径,6.6,7.0,True,6.84,6.791452351155652,0.048547648844348146,True
A2HT24101117-10,D2G10000265002,缆芯外径,4.75,5.15,True,4.97,5.054045503323678,0.08404550332367844,True
A2HT2409132-10,D2G09001172023,缆芯外径,4.75,5.15,True,4.97,5.011565681411765,0.04156568141176553,True
A2HT24100616-10,D2G09002371011,缆芯外径,6.5,6.9,True,6.73,6.757052204900529,0.027052204900528842,True
A2HT24083066-10,D2G08002426003,缆芯外径,4.4,4.8,True,4.6,4.64631276548253,0.04631276548253016,True
A2HT2409184-10,D2G09001262048,缆芯外径,4.4,4.8,True,4.7,4.661009630835502,0.03899036916449816,True
A2HT24082314-10,A2HT24082314100006,缆芯外径,5.4,5.8,True,5.63,5.704931285204806,0.07493128520480585,True
A2HT24090212-10,D1G08002554024,缆芯外径,6.6,7.0,True,6.84,6.824047042274354,0.015952957725645867,True
A2HT24091414-10,D2G09001262044,缆芯外径,4.4,4.8,True,4.7,4.661009630835502,0.03899036916449816,True
A2HT2409135-10,D2G09000841005,缆芯外径,11.7,12.1,True,11.93,12.046296060305446,0.11629606030544615,True
A2HT24092324-10,D2G09001484017,缆芯外径,4.75,5.15,True,5.1,5.009235673803096,0.09076432619690333,True
A2HT24101714-10,D6G09002491012,缆芯外径,5.3,5.7,True,5.53,5.503505103258232,0.026494896741768414,True
A2HT24091125-10,D2G09000753001,缆芯外径,9.0,9.4,True,9.23,9.07952472375396,0.1504752762460413,True
A2HT2409249-10,D2G09001482044,缆芯外径,4.4,4.8,True,4.65,4.661557816778004,0.011557816778003271,True
A2HT2409107-10,D2G09000512002,缆芯外径,12.7,13.1,True,13.0,12.960269408484658,0.039730591515342084,True
A2HT24092015-10,D1G09001443159,缆芯外径,4.5,4.9,True,4.73,4.760280715266314,0.030280715266313152,True
A2HT24092313-10,D1Z24090017063,缆芯外径,12.2,12.6,True,12.43,12.453560132656387,0.02356013265638701,True
A2HT2409134-10,A2HT2409134100008,缆芯外径,7.5,7.9,True,7.73,7.760336093983637,0.030336093983637014,True
A2HT24100911-10,D2G10000051020,缆芯外径,4.75,5.15,True,5.1,5.030958268252944,0.0690417317470553,True
A2HT24100625-10,D2G09002372011,缆芯外径,4.4,4.8,True,4.63,4.649523762630362,0.01952376263036193,True
A2HT24091935-10,D1G09001443093,缆芯外径,4.5,4.9,True,4.8,4.741177265492469,0.058822734507530505,True
A2HT24091225-10,D2G09001171100,缆芯外径,4.4,4.8,True,4.6,4.641701761619126,0.04170176161912664,True
A2HT24083034-10,D1G08002131061,缆芯外径,5.2,5.6,True,5.5,5.469607171031336,0.030392828968664354,True
A2HT24082810-10,D1G080031025,缆芯外径,4.9,5.3,True,5.1,5.125071438297767,0.02507143829776748,True
A2HT24092315-10,D0G09001702001,缆芯外径,6.6,7.0,True,6.85,5.114138891548264,1.7358611084517355,False
A2HT24083034-10,D1G08002131011,缆芯外径,5.2,5.6,True,5.43,5.469607171031336,0.03960717103133593,True
A2HT24083022-10,D0G07002702135,缆芯外径,5.4,5.8,True,5.63,5.626336738109596,0.0036632618904040015,True
A2HT24090519-10,D9G09000053016,缆芯外径,17.9,18.3,True,18.12,18.210689298598098,0.09068929859809671,True
A2HT2410123-10,D2G10000401028,缆芯外径,5.4,5.8,True,5.7,5.682094020067966,0.017905979932034022,True
A2HT24092615-10,D1G09002081006,缆芯外径,4.5,4.9,True,4.8,4.739761589110488,0.06023841088951176,True
A2HT2409184-10,D2G09001262050,缆芯外径,4.4,4.8,True,4.7,4.661009630835502,0.03899036916449816,True
A2HT24092615-10,D1G09002081162,缆芯外径,4.5,4.9,True,4.73,4.739761589110488,0.009761589110487634,True
A2HT24090933-10,D2G09000601001,缆芯外径,6.6,7.0,True,6.75,6.828528792564872,0.07852879256487189,True
A2HT24100924-10,D1G09002502040,缆芯外径,4.5,4.9,True,4.73,4.750080299733924,0.020080299733924,True
A2HT24083015-10,D2G08002291002,缆芯外径,12.7,13.1,True,13.0,12.966598217123394,0.03340178287660578,True
A2HT2409132-10,D2G09001172008,缆芯外径,4.75,5.15,True,5.1,5.011565681411765,0.08843431858823436,True
A2HT24091225-10,D2G09001171093,缆芯外径,4.4,4.8,True,4.63,4.641701761619126,0.011701761619126394,True
A2HT24100626-10,D2G09002373014,缆芯外径,4.75,5.15,True,5.02,5.030958268252944,0.01095826825294477,True
A2HT24100616-10,D2G09002371022,缆芯外径,6.5,6.9,True,6.73,6.757052204900529,0.027052204900528842,True
A2HT24092828-10,D2G09002111025,缆芯外径,4.4,4.8,True,4.63,4.658727164745929,0.028727164745928846,True
A2HT24093011-10,D2G09002233015,缆芯外径,4.75,5.15,True,4.96,5.008022513489049,0.04802251348904907,True
A2HT24092615-10,D1G09002081068,缆芯外径,4.5,4.9,True,4.73,4.739761589110488,0.009761589110487634,True
A2HT24092023-10,D6G09000868003,缆芯外径,6.8,7.2,True,7.1,7.051281743459382,0.04871825654061723,True
A2HT24101515-10,D6G09002492010,缆芯外径,5.3,5.7,True,5.65,5.4735145075444605,0.1764854924555399,True
A2HT24101116-10,D2G10000263021,缆芯外径,5.1,5.5,True,5.35,5.368707773555831,0.018707773555830975,True
A2HT24100623-10,D2G09001361063,缆芯外径,5.1,5.5,True,5.4,5.379303467673893,0.020696532326107686,True
A2HT24100616-10,D2G09002371007,缆芯外径,6.5,6.9,True,6.8,6.757052204900529,0.042947795099470554,True
A2HT2409185-10,D6G09000861009,缆芯外径,6.2,6.6,True,6.35,6.468739667357535,0.11873966735753516,True
A2HT24083021-10,D1G08002335026,缆芯外径,6.6,7.0,True,6.84,6.805915241101649,0.034084758898351275,True
A2HT24102313-10,D1G10001612026,缆芯外径,4.5,4.9,True,4.73,4.747961733489607,0.0179617334896065,True
A2HT24083021-10,D1G08002335036,缆芯外径,6.6,7.0,True,6.82,6.805915241101649,0.014084758898351701,True
A2HT24083034-10,D1G08002131104,缆芯外径,5.2,5.6,True,5.6,5.469607171031336,0.130392828968664,True
A2HT24091413-10,D2G09001261027,缆芯外径,4.4,4.8,True,4.7,4.6579979838740515,0.04200201612594867,True
A2HT24091441-10,D2G09001261072,缆芯外径,4.4,4.8,True,4.63,4.645834684462994,0.015834684462993742,True
A2HT24092410-10,D2G09001486009,缆芯外径,8.8,9.2,True,9.03,9.100091868389898,0.07009186838989834,True
A2HT24092324-10,D2G09001484040,缆芯外径,4.75,5.15,True,5.1,5.009235673803096,0.09076432619690333,True
A2HT2409255-10,D1Z24090017075,缆芯外径,12.2,12.6,True,12.48,12.453560132656387,0.0264398673436137,True
A2HT24091215-10,D1G09001041070,缆芯外径,6.6,7.0,True,6.84,6.829866937149081,0.010133062850918861,True
A2HT24092715-10,D1Z24090017104,缆芯外径,12.2,12.6,True,12.55,12.460718015715162,0.08928198428483825,True
A2HT24083067-10,D2G08002424052,缆芯外径,4.4,4.8,True,4.6,4.65288534266402,0.05288534266402056,True
A2HT24090943-10,D2G09000563001,缆芯外径,4.4,4.8,True,4.7,4.736718014653246,0.0367180146532462,True
A2HT24083039-10,D0G07002701001,缆芯外径,4.95,5.35,True,5.17,7.593472823472814,2.423472823472814,False
A2HT2409123-10,D1G09001041016,缆芯外径,6.6,7.0,True,6.8,6.791452351155652,0.00854764884434811,True
A2HT24091918-10,D2G09001351006,缆芯外径,6.8,7.2,True,7.1,7.267911571241324,0.1679115712413246,False
A2HT2409134-10,A2HT2409134100004,缆芯外径,7.5,7.9,True,7.82,7.760336093983637,0.059663906016362844,True
A2HT24083057-10,D2G08002462001,缆芯外径,12.7,13.1,True,13.0,12.976436841124796,0.023563158875203882,True
A2HT24091422-10,D2G09000543004,缆芯外径,4.75,5.15,True,4.97,5.185178617759377,0.21517861775937686,False
A2HT24083034-10,D1G08002131065,缆芯外径,5.2,5.6,True,5.43,5.469607171031336,0.03960717103133593,True
A2HT24082923-10,D1G08002333006,缆芯外径,4.9,5.3,True,5.12,5.125071438297767,0.005071438297767017,True
A2HT24092015-10,D1G09001443129,缆芯外径,4.5,4.9,True,4.73,4.760280715266314,0.030280715266313152,True
A2HT2409204-10,A2HT2409204100009,缆芯外径,5.1,5.5,True,5.35,5.3963491534066215,0.046349153406621824,True
A2HT24092720-10,D9G09000621001,缆芯外径,7.9,8.3,True,8.2,8.289077089345863,0.08907708934586367,True
A2HT24092820-10,D0G09002071001,缆芯外径,6.5,6.9,True,6.72,7.300598340243026,0.5805983402430259,False
A2HT24083036-10,D6G08001661012,缆芯外径,5.45,5.85,True,5.7,5.704475562036957,0.0044755620369567595,True
A2HT24102431-10,D0G10000847002,缆芯外径,6.4,6.8,True,6.63,6.65947882588444,0.029478825884440063,True
A2HT24092015-10,D1G09001443172,缆芯外径,4.5,4.9,True,4.8,4.760280715266314,0.039719284733686244,True
A2HT24083066-10,D2G08002426011,缆芯外径,4.4,4.8,True,4.7,4.64631276548253,0.05368723451747037,True
A2HT2409091-10,D1G09000221012,缆芯外径,11.6,12.0,True,11.83,11.840842167499456,0.010842167499456323,True
A2HT24101618-10,D2G10000871028,缆芯外径,4.75,5.15,True,5.15,5.04838045874736,0.10161954125264039,True
A2HT24101115-10,D2G10000262050,缆芯外径,4.4,4.8,True,4.63,4.6578398211510805,0.027839821151080635,True
A2HT24101216-10,D2G10000402036,缆芯外径,7.2,7.6,True,7.43,7.467737133610178,0.03773713361017794,True
A2HT24090519-10,D9G09000053012,缆芯外径,17.9,18.3,True,18.12,18.210689298598098,0.09068929859809671,True
A2HT24092828-10,D2G09002111012,缆芯外径,4.4,4.8,True,4.65,4.658727164745929,0.008727164745928384,True
A2HT24092850-10,D2G09002001082,缆芯外径,4.4,4.8,True,4.7,4.689669923512577,0.010330076487423234,True
A2HT24100625-10,D2G09002372017,缆芯外径,4.4,4.8,True,4.63,4.649523762630362,0.01952376263036193,True
A2HT24083022-10,D0G07002702134,缆芯外径,5.4,5.8,True,5.63,5.626336738109596,0.0036632618904040015,True
A2HT24092825-10,D6G09000863023,缆芯外径,6.2,6.6,True,6.6,6.411347375151656,0.188652624848344,True
A2HT24083066-10,D2G08002426018,缆芯外径,4.4,4.8,True,4.63,4.64631276548253,0.016312765482529912,True
A2FX2410246-10,D1G0900144315901,缆芯外径,4.5,4.9,True,4.7,5.135844076888492,0.43584407688849147,False
A2HT24091414-10,D2G09001262031,缆芯外径,4.4,4.8,True,4.7,4.661009630835502,0.03899036916449816,True
A2HT24090935-10,D2G09000605001,缆芯外径,4.4,4.8,True,4.7,4.736718014653246,0.0367180146532462,True
A2HT2408309-10,D1G08002331004,缆芯外径,4.5,4.9,True,4.73,4.693026255944928,0.036973744055072366,True
A2HT24092615-10,D1G09002081007,缆芯外径,4.5,4.9,True,4.8,4.739761589110488,0.06023841088951176,True
A2HT24101116-10,D2G10000263016,缆芯外径,5.1,5.5,True,5.32,5.368707773555831,0.048707773555830336,True
A2HT24091225-10,D2G09001171026,缆芯外径,4.4,4.8,True,4.6,4.641701761619126,0.04170176161912664,True
A2HT24090926-10,D2G09000593001,缆芯外径,6.6,7.0,True,6.8,6.828528792564872,0.028528792564872063,True
A2HT24092853-10,D2G09002001118,缆芯外径,4.4,4.8,True,4.63,4.672320406350341,0.04232040635034107,True
A2HT24082311-10,D2G08001861015,缆芯外径,5.4,5.8,True,5.63,5.666208879028358,0.0362088790283579,True
A2HT24101718-10,D6G09002493022,缆芯外径,7.1,7.5,True,7.33,7.369399413241246,0.03939941324124607,True
A2HT2409251-10,D0G09002031001,缆芯外径,6.0,6.4,True,6.3,6.392530550306431,0.09253055030643154,True
A2HT24092828-10,D2G09002111039,缆芯外径,4.4,4.8,True,4.63,4.658727164745929,0.028727164745928846,True
A2HT24082923-10,D1G08002333021,缆芯外径,4.9,5.3,True,5.2,5.125071438297767,0.07492856170223305,True
A2HT24100917-10,D0G09002581007,缆芯外径,6.6,7.0,True,6.9,6.91801420876291,0.018014208762910044,True
A2HT2409131-10,D2G09001171023,缆芯外径,4.4,4.8,True,4.7,4.6318782529017835,0.06812174709821672,True
A2HT24101216-10,D2G10000402044,缆芯外径,7.2,7.6,True,7.5,7.467737133610178,0.03226286638982234,True
A2HT24101827-10,D1G10001101033,缆芯外径,6.6,7.0,True,6.85,6.839924170684987,0.010075829315012719,True
A2HT24100911-10,D2G10000051045,缆芯外径,4.75,5.15,True,5.0,5.030958268252944,0.030958268252944343,True
A2HT24100611-10,D1G09002261017,缆芯外径,12.2,12.6,True,12.45,12.449495379455893,0.0005046205441061602,True
A2HT24102317-10,D0Z24100012015,缆芯外径,6.6,7.0,True,6.84,6.846593657306048,0.006593657306048328,True
A2HT24092812-10,D9G09000831001,缆芯外径,12.7,13.1,True,12.93,12.936515654851654,0.0065156548516540624,True
A2HT24101827-10,D1G10001101039,缆芯外径,6.6,7.0,True,6.85,6.839924170684987,0.010075829315012719,True
A2HT24092813-10,D1G09002201001,缆芯外径,12.2,12.6,True,12.43,12.46557317994244,0.0355731799424408,True
A2HT2409249-10,D2G09001482013,缆芯外径,4.4,4.8,True,4.63,4.661557816778004,0.03155781677800373,True
A2HT2409306-10,D2G09002374021,缆芯外径,6.5,6.9,True,6.73,6.748870772165516,0.01887077216551525,True
A2HT24090314-10,D1G08002491004,缆芯外径,12.7,13.1,True,13.0,12.973354332445878,0.026645667554122454,True
A2HT24092313-10,D1Z24090017064,缆芯外径,12.2,12.6,True,12.43,12.453560132656387,0.02356013265638701,True
A2HT24102544-10,D1G10001722011,缆芯外径,12.7,13.1,True,12.93,12.929471327861913,0.0005286721380866055,True
A2HT24100823-10,D0G09002381003,缆芯外径,7.1,7.5,True,7.33,7.489991848544968,0.15999184854496828,True
A2HT24091414-10,D2G09001262021,缆芯外径,4.4,4.8,True,4.63,4.661009630835502,0.031009630835502122,True
A2HT24083022-10,D0G07002702102,缆芯外径,5.4,5.8,True,5.63,5.626336738109596,0.0036632618904040015,True
A2FX2409121-10,D2G0900044100201,缆芯外径,5.1,5.5,True,5.4,5.3020394812600875,0.09796051873991285,True
A2HT24102215-10,D2G10001504024,缆芯外径,4.75,5.15,True,5.1,5.029351026765837,0.07064897323416286,True
A2HT24092614-10,D1G09002082003,缆芯外径,5.1,5.5,True,5.4,5.41033519836644,0.010335198366439258,True
A2HT2410217-10,D2G10001303008,缆芯外径,4.75,5.15,True,4.97,4.99773922413579,0.02773922413579033,True
A2HT24090936-10,D2G09000663001,缆芯外径,4.4,4.8,True,4.7,4.736718014653246,0.0367180146532462,True
A2HT24092615-10,D1G09002081121,缆芯外径,4.5,4.9,True,4.8,4.739761589110488,0.06023841088951176,True
A2HT2410091-10,D2G09002111054,缆芯外径,4.4,4.8,True,4.63,4.7472700592458965,0.11727005924589662,True
A2HT24092060-10,D2G09001483001,缆芯外径,5.1,5.5,True,5.4,5.396154105038479,0.0038458949615209903,True
A2HT2409309-10,D0G09002471001,缆芯外径,4.9,5.3,True,5.2,5.519879096391972,0.319879096391972,False
A2HT2410217-10,D2G10001303019,缆芯外径,4.75,5.15,True,5.1,4.99773922413579,0.10226077586420956,True
A2HT24092852-10,D6G09000865012,缆芯外径,6.2,6.6,True,6.43,6.44414535793047,0.014145357930470226,True
A2HT24090432-10,D9G09000051005,缆芯外径,11.6,12.0,True,11.83,11.777766605745796,0.0522333942542037,True
A2HT24100625-10,D2G09002372007,缆芯外径,4.4,4.8,True,4.65,4.649523762630362,0.00047623736963853247,True
A2HT24092615-10,D1G09002081082,缆芯外径,4.5,4.9,True,4.7,4.739761589110488,0.03976158911048788,True
A2HT24092017-10,D1Z24090017047,缆芯外径,12.2,12.6,True,12.43,12.460718015715162,0.03071801571516275,True
A2HT24091220-10,D0G09001012001,缆芯外径,6.4,6.8,True,6.75,6.88603271225495,0.13603271225495028,False
A2HT24091814-10,D0D06000091003,缆芯外径,12.4,12.8,True,12.7,12.65639069850001,0.04360930149998943,True
A2HT24101618-10,D2G10000871099,缆芯外径,4.75,5.15,True,4.95,5.04838045874736,0.09838045874735979,True
A2HT24091037-10,DHHA2405001390003,缆芯外径,4.0,4.4,True,4.23,4.678108997225166,0.44810899722516595,False
A2HT24092055-10,D0G09001571002,缆芯外径,6.6,7.0,True,6.85,6.536977267291746,0.3130227327082533,False
A2FX2410245-10,D9F0400029201103,缆芯外径,4.55,4.95,True,4.8,6.691003539991774,1.8910035399917744,False
A2HT24101116-10,D2G10000263010,缆芯外径,5.1,5.5,True,5.35,5.368707773555831,0.018707773555830975,True
A2HT24101114-10,D2G10000261007,缆芯外径,4.4,4.8,True,4.7,4.694641451366967,0.005358548633033422,True
A2HT24092828-10,D2G09002111009,缆芯外径,4.4,4.8,True,4.65,4.658727164745929,0.008727164745928384,True
A2HT2409123-10,D1G09001041048,缆芯外径,6.6,7.0,True,6.7,6.791452351155652,0.09145235115565153,True
A2HT2410217-10,D2G10001303018,缆芯外径,4.75,5.15,True,5.1,4.99773922413579,0.10226077586420956,True
A2HT24092722-10,D9G09000401001,缆芯外径,6.4,6.8,True,6.7,7.437787785859294,0.737787785859294,False
A2HT24092615-10,D1G09002081066,缆芯外径,4.5,4.9,True,4.75,4.739761589110488,0.01023841088951194,True
A2HT24092013-10,D2G09001361045,缆芯外径,5.1,5.5,True,5.4,5.379303467673893,0.020696532326107686,True
A2HT24082311-10,D2G08001861003,缆芯外径,5.4,5.8,True,5.63,5.666208879028358,0.0362088790283579,True
A2HT24092013-10,D2G09001361039,缆芯外径,5.1,5.5,True,5.35,5.379303467673893,0.029303467673893024,True
A2HT24101216-10,D2G10000402039,缆芯外径,7.2,7.6,True,7.5,7.467737133610178,0.03226286638982234,True
A2HT24101116-10,D2G10000263020,缆芯外径,5.1,5.5,True,5.35,5.368707773555831,0.018707773555830975,True
A2HT24090628-10,D2G09000441053,缆芯外径,5.1,5.5,True,5.35,5.350702327794761,0.000702327794761537,True
A2HT24092853-10,D2G09002001161,缆芯外径,4.4,4.8,True,4.75,4.672320406350341,0.07767959364965904,True
A2HT24092013-10,D2G09001361037,缆芯外径,5.1,5.5,True,5.35,5.379303467673893,0.029303467673893024,True
A2HT24091225-10,D2G09001171079,缆芯外径,4.4,4.8,True,4.63,4.641701761619126,0.011701761619126394,True
A2HT24092850-10,D2G09002001080,缆芯外径,4.4,4.8,True,4.75,4.689669923512577,0.06033007648742306,True
A2HT24083050-10,D1G08002485012,缆芯外径,6.6,7.0,True,6.8,6.805915241101649,0.0059152411016487605,True
A2HT24091015-10,D2G09000592001,缆芯外径,12.7,13.1,True,13.0,12.960269408484658,0.039730591515342084,True
A2HT2410167-10,D2G10000871035,缆芯外径,4.75,5.15,True,5.1,5.04838045874736,0.05161954125263968,True
A2HT2409133-10,D0G09000271031,缆芯外径,7.6,7.8,True,7.73,7.721953200387626,0.008046799612374755,True
A2HT24091441-10,D2G09001261076,缆芯外径,4.4,4.8,True,4.63,4.645834684462994,0.015834684462993742,True
A2HT24083034-10,D1G08002131078,缆芯外径,5.2,5.6,True,5.43,5.469607171031336,0.03960717103133593,True
A2HT24090424-10,D1G08002336002,缆芯外径,6.9,7.3,True,7.2,7.081539724627247,0.11846027537275283,True
A2HT24090418-10,D2G09000052003,缆芯外径,7.3,7.7,True,7.6,7.326826050154892,0.27317394984510734,True
A2HT24100911-10,D2G10000051027,缆芯外径,4.75,5.15,True,4.98,5.030958268252944,0.05095826825294392,True
A2HT24092826-10,D1Z24090017106,缆芯外径,12.2,12.6,True,12.55,12.460718015715162,0.08928198428483825,True
A2HT24083032-10,D2G08002292001,缆芯外径,12.7,13.1,True,13.0,12.976436841124796,0.023563158875203882,True
A2HT24092825-10,D6G09000863035,缆芯外径,6.2,6.6,True,6.37,6.411347375151656,0.04134737515165554,True
A2HT24092021-10,D2G09001361061,缆芯外径,5.1,5.5,True,5.4,5.37324540827196,0.02675459172804029,True
A2HT24100630-10,D2G09002571009,缆芯外径,7.3,7.7,True,7.65,7.629012692107732,0.020987307892267992,True
A2HT24090212-10,D1G08002554077,缆芯外径,6.6,7.0,True,6.8,6.824047042274354,0.02404704227435417,True
A2HT24092324-10,D2G09001484029,缆芯外径,4.75,5.15,True,4.97,5.009235673803096,0.03923567380309656,True
A2HT24091935-10,D1G09001443052,缆芯外径,4.5,4.9,True,4.7,4.741177265492469,0.04117726549246914,True
A2HT24101114-10,D2G10000261006,缆芯外径,4.4,4.8,True,4.7,4.694641451366967,0.005358548633033422,True
A2HT24083033-10,D2G08002302002,缆芯外径,12.7,13.1,True,13.0,12.976436841124796,0.023563158875203882,True
A2HT24082930-10,D2G08002424021,缆芯外径,4.4,4.8,True,4.63,4.64750099237571,0.01750099237570968,True
A2HT24090215-10,D9G08001261001,缆芯外径,8.2,8.6,True,8.4,7.804789351851851,0.5952106481481492,False
A2HT24102429-10,D0G10000845017,缆芯外径,4.75,5.15,True,5.1,5.057131713006574,0.04286828699342582,True
A2HT2409027-10,D1G08002552012,缆芯外径,4.9,5.3,True,5.2,5.1459856267804,0.054014373219600564,True
A2HT24082923-10,D1G08002333023,缆芯外径,4.9,5.3,True,5.2,5.125071438297767,0.07492856170223305,True
A2HT24102314-10,D2G10001551004,缆芯外径,6.85,7.25,True,7.06,7.053791523489286,0.006208476510713545,True
A2HT2409122-10,D1G08002483015,缆芯外径,4.9,5.3,True,5.2,5.204863030592586,0.004863030592585638,True
A2HT24101827-10,D1G10001101028,缆芯外径,6.6,7.0,True,6.8,6.839924170684987,0.039924170684987104,True
A2HT24090531-10,D0G09000101001,缆芯外径,4.85,5.25,False,6.8,7.324943867783447,0.5249438677834473,False
A2HT24092521-10,D2G09002051007,缆芯外径,4.4,4.8,True,4.63,4.666962289703424,0.036962289703423856,True
A2HT24082311-10,D2G08001861021,缆芯外径,5.4,5.8,True,5.7,5.666208879028358,0.033791120971642385,True
A2HT24091429-10,D0G09000271039,缆芯外径,7.6,7.8,True,7.75,7.721953200387626,0.02804679961237433,True
A2HT24090212-10,D1G08002554060,缆芯外径,6.6,7.0,True,6.84,6.824047042274354,0.015952957725645867,True
A2HT24083021-10,D1G08002335013,缆芯外径,6.6,7.0,True,6.8,6.805915241101649,0.0059152411016487605,True
A2HT24083050-10,D1G08002485003,缆芯外径,6.6,7.0,True,6.84,6.805915241101649,0.034084758898351275,True
A2HT2410123-10,D2G10000401050,缆芯外径,5.4,5.8,True,5.7,5.682094020067966,0.017905979932034022,True
A2HT24092021-10,D2G09001361066,缆芯外径,5.1,5.5,True,5.45,5.37324540827196,0.07675459172804011,True
A2HT24092850-10,D2G09002001074,缆芯外径,4.4,4.8,True,4.7,4.689669923512577,0.010330076487423234,True
A2HT24091036-10,D2G09000762041,缆芯外径,6.5,6.9,True,6.8,6.758368949171951,0.041631050828049077,True
A2HT24092853-10,D2G09002001119,缆芯外径,4.4,4.8,True,4.7,4.672320406350341,0.027679593649659218,True
A2HT24090541-10,D6G08001661015,缆芯外径,5.45,5.85,True,5.67,5.720137330162938,0.0501373301629382,True
A2HT24101115-10,D2G10000262059,缆芯外径,4.4,4.8,True,4.65,4.6578398211510805,0.007839821151080173,True
A2HT24092014-10,A2HT24092014100007,缆芯外径,5.1,5.5,True,5.33,5.3963491534066215,0.0663491534066214,True
A2HT2409201-10,D1Z24090017003,缆芯外径,12.2,12.6,True,12.43,12.460718015715162,0.03071801571516275,True
A2HT24092851-10,D6G09000869017,缆芯外径,7.3,7.7,True,7.53,7.560221521071511,0.030221521071510438,True
A2HT24091443-10,A2HT24091443100001,缆芯外径,4.85,5.25,False,5.82,5.9932595368916,0.17325953689159945,False
A2HT24091119-10,D2G09000752003,缆芯外径,4.4,4.8,True,4.7,4.639726299376921,0.06027370062307913,True
A2HT24100632-10,D2G09002421005,缆芯外径,5.5,5.9,True,5.8,5.758733387397931,0.041266612602068875,True
A2HT2410123-10,D2G10000401006,缆芯外径,5.4,5.8,True,5.7,5.682094020067966,0.017905979932034022,True
A2HT24100632-10,D2G09002421012,缆芯外径,5.5,5.9,True,5.8,5.758733387397931,0.041266612602068875,True
A2HT24091441-10,D2G09001261075,缆芯外径,4.4,4.8,True,4.63,4.645834684462994,0.015834684462993742,True
A2HT24091921-10,A2HT24091921100001,缆芯外径,5.4,5.8,True,5.7,5.791478544138899,0.09147854413889878,True
A2HT24102544-10,D1G10001722006,缆芯外径,12.7,13.1,True,12.93,12.929471327861913,0.0005286721380866055,True
A2HT24083035-10,A2HT24083035100006,缆芯外径,5.2,5.6,True,5.43,5.489958282788404,0.059958282788404205,True
A2HT24090952-10,D2G09000571001,缆芯外径,4.4,4.8,True,4.7,4.736718014653246,0.0367180146532462,True
A2HT24102816-10,D0G10000871002,缆芯外径,12.4,12.8,True,12.63,12.693375847994586,0.0633758479945854,True
A2HT24083034-10,D1G08002131107,缆芯外径,5.2,5.6,True,5.5,5.469607171031336,0.030392828968664354,True
A2HT24090212-10,D1G08002554019,缆芯外径,6.6,7.0,True,6.84,6.824047042274354,0.015952957725645867,True
A2HT2409133-10,D0G09000271030,缆芯外径,7.6,7.8,True,7.73,7.721953200387626,0.008046799612374755,True
A2HT24102313-10,D1G10001612013,缆芯外径,4.5,4.9,True,4.73,4.747961733489607,0.0179617334896065,True
A2HT24101115-10,D2G10000262011,缆芯外径,4.4,4.8,True,4.8,4.6578398211510805,0.1421601788489193,True
A2FX2409094-10,D2G0800071800602,缆芯外径,6.6,7.0,True,6.8,7.344662144246986,0.5446621442469866,False
A2HT2409306-10,D2G09002374005,缆芯外径,6.5,6.9,True,6.75,6.748870772165516,0.0011292278344843254,True
A2HT2409184-10,D2G09001262082,缆芯外径,4.4,4.8,True,4.6,4.661009630835502,0.06100963083550237,True
A2HT24102429-10,D0G10000845001,缆芯外径,4.75,5.15,True,5.1,5.057131713006574,0.04286828699342582,True
A2HT24083047-10,D1G08002487004,缆芯外径,9.0,9.4,True,9.3,9.257720072055248,0.04227992794475277,True
A2HT24101216-10,D2G10000402041,缆芯外径,7.2,7.6,True,7.5,7.467737133610178,0.03226286638982234,True
A2HT2409045-10,D2G09000112013,缆芯外径,6.6,7.0,True,6.8,6.817719475115395,0.01771947511539551,True
A2HT24091935-10,D1G09001443006,缆芯外径,4.5,4.9,True,4.73,4.741177265492469,0.01117726549246889,True
A2HT24100626-10,D2G09002373030,缆芯外径,4.75,5.15,True,4.97,5.030958268252944,0.06095826825294459,True
A2HT24083066-10,D2G08002426007,缆芯外径,4.4,4.8,True,4.6,4.64631276548253,0.04631276548253016,True
A2HT2409045-10,D2G09000112020,缆芯外径,6.6,7.0,True,6.84,6.817719475115395,0.022280524884604525,True
A2HT24100626-10,D2G09002373013,缆芯外径,4.75,5.15,True,5.0,5.030958268252944,0.030958268252944343,True
A2HT24092313-10,D1Z24090017059,缆芯外径,12.2,12.6,True,12.43,12.453560132656387,0.02356013265638701,True
A2FX2409234-10,D0G0800203103801,缆芯外径,12.6,13.0,True,13.0,6.864549908142282,6.135450091857718,False
A2HT24082311-10,D2G08001861032,缆芯外径,5.4,5.8,True,5.75,5.666208879028358,0.08379112097164221,True
A2HT24100816-10,D0G09002591001,缆芯外径,6.6,7.0,True,6.83,6.8926590263752425,0.06265902637524245,True
A2HT24101219-10,D6G09000865041,缆芯外径,6.2,6.6,True,6.5,6.466847558583626,0.03315244141637397,True
A2HT24100618-10,D0G09002512002,缆芯外径,4.65,5.05,True,4.9,5.090692297979801,0.19069229797980025,False
A2HT24091935-10,D1G09001443010,缆芯外径,4.5,4.9,True,4.73,4.741177265492469,0.01117726549246889,True
A2HT2409184-10,D2G09001262083,缆芯外径,4.4,4.8,True,4.7,4.661009630835502,0.03899036916449816,True
A2HT2409257-10,D1G09001951011,缆芯外径,4.5,4.9,True,4.8,4.788711945364581,0.011288054635419265,True
A2HT24083021-10,D1G08002335014,缆芯外径,6.6,7.0,True,6.8,6.805915241101649,0.0059152411016487605,True
A2HT24102217-10,A2HT24102217100008,缆芯外径,7.9,8.3,True,8.12,6.031911487516328,2.0880885124836714,False
A2HT24101216-10,D2G10000402002,缆芯外径,7.2,7.6,True,7.43,7.467737133610178,0.03773713361017794,True
A2HT2409132-10,D2G09001172027,缆芯外径,4.75,5.15,True,4.97,5.011565681411765,0.04156568141176553,True
A2HT2410269-10,D6G015012002,缆芯外径,7.1,7.5,True,7.4,6.821230849902596,0.5787691500974042,False
A2HT24101513-10,D6G09002493007,缆芯外径,7.1,7.5,True,7.32,7.369399413241246,0.04939941324124586,True
A2HT2409095-10,D5G09000011002,缆芯外径,15.1,15.5,True,15.33,15.295331200396838,0.03466879960316227,True
A2HT24091127-10,D2G09000751004,缆芯外径,5.1,5.5,True,5.4,5.421898961085217,0.02189896108521694,True
A2HT24092615-10,D1G09002081055,缆芯外径,4.5,4.9,True,4.65,4.739761589110488,0.0897615891104877,True
A2HT24091019-10,D2G09000481001,缆芯外径,11.7,12.1,True,12.05,12.027427662037036,0.02257233796296454,True
A2HT24092015-10,D1G09001443155,缆芯外径,4.5,4.9,True,4.73,4.760280715266314,0.030280715266313152,True
A2HT24091935-10,D1G09001443050,缆芯外径,4.5,4.9,True,4.6,4.741177265492469,0.14117726549246967,True
A2HT24101237-10,D2G10000681001,缆芯外径,14.6,15.0,True,15.0,11.535162226798615,3.464837773201385,False
A2HT2409249-10,D2G09001482031,缆芯外径,4.4,4.8,True,4.63,4.661557816778004,0.03155781677800373,True
A2HT24101216-10,D2G10000402043,缆芯外径,7.2,7.6,True,7.5,7.467737133610178,0.03226286638982234,True
A2HT24090212-10,D1G08002554023,缆芯外径,6.6,7.0,True,6.84,6.824047042274354,0.015952957725645867,True
A2HT2409184-10,D2G09001262042,缆芯外径,4.4,4.8,True,4.8,4.661009630835502,0.1389903691644978,True
A2HT24083052-10,D1G08002483007,缆芯外径,4.9,5.3,True,5.2,5.103252958239571,0.09674704176042948,True
A2HT24101219-10,D6G09000865046,缆芯外径,6.2,6.6,True,6.43,6.466847558583626,0.036847558583626316,True
A2HT24083034-10,D1G08002131092,缆芯外径,5.2,5.6,True,5.43,5.469607171031336,0.03960717103133593,True
A2HT24101026-10,D6G09002531002,缆芯外径,3.4,3.8,True,3.7,3.869202166005292,0.16920216600529203,False
A2HT24082810-10,D1G080031003,缆芯外径,4.9,5.3,True,5.12,5.125071438297767,0.005071438297767017,True
A2HT24091410-10,D0G09001321001,缆芯外径,4.85,5.25,True,5.1,5.095998108485002,0.004001891514997524,True
A2HT24083034-10,D1G08002131009,缆芯外径,5.2,5.6,True,5.43,5.469607171031336,0.03960717103133593,True
A2HT24090212-10,D1G08002554012,缆芯外径,6.6,7.0,True,6.7,6.824047042274354,0.12404704227435381,True
A2HT24092829-10,D6G09000869006,缆芯外径,7.3,7.7,True,7.53,7.6020307332778,0.07203073327780007,True
A2HT24090432-10,D9G09000051002,缆芯外径,11.6,12.0,True,11.83,11.777766605745796,0.0522333942542037,True
A2HT24090919-10,D2G09000671008,缆芯外径,6.6,7.0,True,6.84,6.828528792564872,0.011471207435127972,True
A2HT24092615-10,D1G09002081003,缆芯外径,4.5,4.9,True,4.75,4.739761589110488,0.01023841088951194,True
A2HT24091414-10,D2G09001262005,缆芯外径,4.4,4.8,True,4.63,4.661009630835502,0.031009630835502122,True
A2HT24083022-10,D0G07002702124,缆芯外径,5.4,5.8,True,5.6,5.626336738109596,0.026336738109596247,True
A2HT24090417-10,A2HT24090417100001,缆芯外径,4.85,5.25,False,5.5,6.867762680149407,1.367762680149407,False
A2HT24090212-10,D1G08002554041,缆芯外径,6.6,7.0,True,6.84,6.824047042274354,0.015952957725645867,True
A2HT24091429-10,D0G09000271036,缆芯外径,7.6,7.8,True,7.7,7.721953200387626,0.021953200387625493,True
A2HT24101618-10,D2G10000871030,缆芯外径,4.75,5.15,True,5.1,5.04838045874736,0.05161954125263968,True
A2HT24083034-10,D1G08002131005,缆芯外径,5.2,5.6,True,5.43,5.469607171031336,0.03960717103133593,True
A2HT2408283-10,D2G08002161001,缆芯外径,12.7,13.1,True,13.0,12.972651598794695,0.02734840120530535,True
A2HT24092510-10,D1G09001953016,缆芯外径,4.9,5.3,True,5.2,5.180240857566337,0.019759142433663612,True
A2HT24091935-10,D1G09001443103,缆芯外径,4.5,4.9,True,4.8,4.741177265492469,0.058822734507530505,True
A2HT24090424-10,D1G08002336001,缆芯外径,6.9,7.3,True,7.13,7.081539724627247,0.04846027537275255,True
A2HT24082311-10,D2G08001861033,缆芯外径,5.4,5.8,True,5.7,5.666208879028358,0.033791120971642385,True
A2HT24101216-10,D2G10000402021,缆芯外径,7.2,7.6,True,7.55,7.467737133610178,0.08226286638982216,True
A2HT24100911-10,D2G10000051013,缆芯外径,4.75,5.15,True,5.1,5.030958268252944,0.0690417317470553,True
A2HT24102317-10,D0Z24100012007,缆芯外径,6.6,7.0,True,6.83,6.846593657306048,0.016593657306048115,True
A2HT24091935-10,D1G09001443056,缆芯外径,4.5,4.9,True,4.65,4.741177265492469,0.09117726549246896,True
A2HT24092021-10,D2G09001361058,缆芯外径,5.1,5.5,True,5.35,5.37324540827196,0.02324540827196042,True
A2HT24092013-10,D2G09001361016,缆芯外径,5.1,5.5,True,5.5,5.379303467673893,0.12069653232610733,True
A2HT24090220-10,D9G08001321001,缆芯外径,7.9,8.3,True,8.1,8.014138448472822,0.08586155152717723,True
A2HT24083034-10,D1G08002131130,缆芯外径,5.2,5.6,True,5.43,5.469607171031336,0.03960717103133593,True
A2HT24091225-10,D2G09001171037,缆芯外径,4.4,4.8,True,4.6,4.641701761619126,0.04170176161912664,True
A2HT24083025-10,D1G08002339009,缆芯外径,12.2,12.6,True,12.5,12.4454289455304,0.054571054469599645,True
A2HT24090628-10,D2G09000441054,缆芯外径,5.1,5.5,True,5.35,5.350702327794761,0.000702327794761537,True
A2HT24092015-10,D1G09001443130,缆芯外径,4.5,4.9,True,4.73,4.760280715266314,0.030280715266313152,True
A2HT24082925-10,D1G080033029,缆芯外径,6.6,7.0,True,6.84,6.805915241101649,0.034084758898351275,True
A2HT2409185-10,D6G09000861004,缆芯外径,6.2,6.6,True,6.43,6.468739667357535,0.03873966735753509,True
A2HT24083022-10,D0G07002702118,缆芯外径,5.4,5.8,True,5.7,5.626336738109596,0.07366326189040429,True
A2HT24091215-10,D1G09001041064,缆芯外径,6.6,7.0,True,6.84,6.829866937149081,0.010133062850918861,True
A2HT24092828-10,D2G09002111050,缆芯外径,4.4,4.8,True,4.75,4.658727164745929,0.09127283525407126,True
A2HT24102429-10,D0G10000845038,缆芯外径,4.75,5.15,True,5.0,5.057131713006574,0.057131713006573825,True
A2HT24101714-10,D6G09002491008,缆芯外径,5.3,5.7,True,5.65,5.503505103258232,0.14649489674176852,True
A2HT24083034-10,D1G08002131086,缆芯外径,5.2,5.6,True,5.43,5.469607171031336,0.03960717103133593,True
A2HT24101827-10,D1G10001101053,缆芯外径,6.6,7.0,True,6.84,6.839924170684987,7.582931501293189e-05,True
A2HT24102511-10,D2G10001531009,缆芯外径,5.5,5.9,True,5.8,5.780896331246035,0.01910366875396452,True
A2HT24101827-10,D1G10001101062,缆芯外径,6.6,7.0,True,6.85,6.839924170684987,0.010075829315012719,True
A2HT24083036-10,D6G08001661008,缆芯外径,5.45,5.85,True,5.67,5.704475562036957,0.03447556203695701,True
A2HT2410272-10,A2HT2410272100001,缆芯外径,4.95,5.35,True,5.2,5.6140140457899435,0.4140140457899433,False
A2HT2409184-10,D2G09001262088,缆芯外径,4.4,4.8,True,4.6,4.661009630835502,0.06100963083550237,True
A2HT24092020-10,D6G09000867050,缆芯外径,6.2,6.6,True,6.5,6.3740565459543115,0.12594345404568852,True
A2HT2409184-10,D2G09001262103,缆芯外径,4.4,4.8,True,4.7,4.661009630835502,0.03899036916449816,True
A2HT2410216-10,D2G10001302005,缆芯外径,4.4,4.8,True,4.63,4.665448581973578,0.035448581973578364,True
A2HT24082923-10,D1G08002333012,缆芯外径,4.9,5.3,True,5.12,5.125071438297767,0.005071438297767017,True
A2HT24092020-10,D6G09000867042,缆芯外径,6.2,6.6,True,6.4,6.3740565459543115,0.025943454045688874,True
A2HT24091920-10,D2G09001352001,缆芯外径,4.85,5.25,False,5.62,5.959638502039366,0.3396385020393655,False
A2HT24101110-10,D0G10000271001,缆芯外径,5.2,5.6,True,5.43,5.973546931835412,0.5435469318354125,False
A2HT24101114-10,D2G10000261023,缆芯外径,4.4,4.8,True,4.65,4.694641451366967,0.0446414513669664,True
A2HT2409184-10,D2G09001262090,缆芯外径,4.4,4.8,True,4.6,4.661009630835502,0.06100963083550237,True
A2FX2410246-10,D1G03003200801,缆芯外径,4.5,4.9,False,5.5,5.135844076888492,0.36415592311150835,False
A2HT24091437-10,D2G09001282001,缆芯外径,12.1,12.5,True,12.33,11.895300241081252,0.43469975891874846,False
A2HT24091935-10,D1G09001443061,缆芯外径,4.5,4.9,True,4.73,4.741177265492469,0.01117726549246889,True
A2HT24083034-10,D1G08002131049,缆芯外径,5.2,5.6,True,5.43,5.469607171031336,0.03960717103133593,True
A2HT24092853-10,D2G09002001111,缆芯外径,4.4,4.8,True,4.63,4.672320406350341,0.04232040635034107,True
A2HT24101720-10,D6G09002491016,缆芯外径,5.3,5.7,True,5.53,5.503505103258232,0.026494896741768414,True
A2HT24092853-10,D2G09002001140,缆芯外径,4.4,4.8,True,4.7,4.672320406350341,0.027679593649659218,True
A2HT24102546-10,D1G10001612088,缆芯外径,4.5,4.9,True,4.8,4.738980811006579,0.06101918899342085,True
A2HT24083054-10,D2G08002471001,缆芯外径,12.7,13.1,True,12.93,12.976436841124796,0.0464368411247964,True
A2HT24100616-10,D2G09002371018,缆芯外径,6.5,6.9,True,6.73,6.757052204900529,0.027052204900528842,True
A2HT2410149-10,D6G10000341005,缆芯外径,4.85,5.25,True,5.12,5.101777613848568,0.018222386151432346,True
A2HT24091935-10,D1G09001443116,缆芯外径,4.5,4.9,True,4.73,4.741177265492469,0.01117726549246889,True
A2HT24100622-10,D6G09000865030,缆芯外径,6.2,6.6,True,6.43,6.466847558583626,0.036847558583626316,True
A2HT24091441-10,D2G09001261069,缆芯外径,4.4,4.8,True,4.63,4.645834684462994,0.015834684462993742,True
A2HT24091029-10,D2G09000361001,缆芯外径,4.4,4.8,True,4.6,4.71047817336532,0.11047817336531995,True
A2HT24083034-10,D1G08002131064,缆芯外径,5.2,5.6,True,5.6,5.469607171031336,0.130392828968664,True
A2HT24101413-10,D2G10000762008,缆芯外径,12.1,12.5,True,12.33,12.328680757829698,0.001319242170302104,True
A2HT2410123-10,D2G10000401002,缆芯外径,5.4,5.8,True,5.7,5.682094020067966,0.017905979932034022,True
A2HT24092852-10,D6G09000865001,缆芯外径,6.2,6.6,True,6.5,6.44414535793047,0.05585464206953006,True
A2HT24100611-10,D1G09002261022,缆芯外径,12.2,12.6,True,12.5,12.449495379455893,0.05050462054410687,True
A2HT24083064-10,D2G08002423001,缆芯外径,5.1,5.5,True,5.5,5.368126197808176,0.13187380219182376,True
A2FX2410048-10,D0G0800203103901,缆芯外径,12.6,13.0,True,12.9,9.991998077649859,2.9080019223501417,False
A2HT24091429-10,D0G09000271042,缆芯外径,7.6,7.8,True,7.75,7.721953200387626,0.02804679961237433,True
A2HT24092313-10,D1Z24090017062,缆芯外径,12.2,12.6,True,12.43,12.453560132656387,0.02356013265638701,True
A2HT24101718-10,D6G09002493020,缆芯外径,7.1,7.5,True,7.33,7.369399413241246,0.03939941324124607,True
A2HT24100911-10,D2G10000051058,缆芯外径,4.75,5.15,True,5.12,5.030958268252944,0.08904173174705576,True
A2HT24092511-10,D1G09001955004,缆芯外径,6.6,7.0,True,6.84,6.852790948009596,0.012790948009596015,True
A2HT2409133-10,D0G09000271018,缆芯外径,7.6,7.8,True,7.7,7.721953200387626,0.021953200387625493,True
A2HT24100911-10,D2G10000051048,缆芯外径,4.75,5.15,True,5.1,5.030958268252944,0.0690417317470553,True
A2HT24090412-10,D1G08002501016,缆芯外径,11.6,12.0,True,11.9,11.891315543633917,0.008684456366083282,True
A2HT2409184-10,D2G09001262079,缆芯外径,4.4,4.8,True,4.7,4.661009630835502,0.03899036916449816,True
A2HT24102542-10,D9G10001011001,缆芯外径,18.1,18.5,True,18.45,18.29531354604612,0.1546864539538788,True
A2HT24092615-10,D1G09002081142,缆芯外径,4.5,4.9,True,4.65,4.739761589110488,0.0897615891104877,True
A2HT2409045-10,D2G09000112009,缆芯外径,6.6,7.0,True,6.84,6.817719475115395,0.022280524884604525,True
A2HT2408283-10,D2G08002161004,缆芯外径,12.7,13.1,True,13.0,12.972651598794695,0.02734840120530535,True
A2HT24100616-10,D2G09002371030,缆芯外径,6.5,6.9,True,6.8,6.757052204900529,0.042947795099470554,True
A2HT24100616-10,D2G09002371010,缆芯外径,6.5,6.9,True,6.8,6.757052204900529,0.042947795099470554,True
A2HT2409184-10,D2G09001262069,缆芯外径,4.4,4.8,True,4.63,4.661009630835502,0.031009630835502122,True
A2HT24092828-10,D2G09002111032,缆芯外径,4.4,4.8,True,4.63,4.658727164745929,0.028727164745928846,True
A2HT2409252-10,D2G09001362034,缆芯外径,5.5,5.9,True,5.8,5.785903660734993,0.014096339265006641,True
A2HT2409197-10,D6G09000866001,缆芯外径,6.2,6.6,True,6.5,6.470489826839828,0.029510173160171682,True
A2HT2410211-10,D6G10000711005,缆芯外径,5.3,5.7,True,5.53,5.564049499290268,0.03404949929026735,True
A2HT24101115-10,D2G10000262006,缆芯外径,4.4,4.8,True,4.7,4.6578398211510805,0.04216017884891965,True
A2HT24091423-10,D0G09001211001,缆芯外径,5.2,5.6,True,5.5,6.767636055327899,1.2676360553278991,False
A2HT24092821-10,A2HT24092821100001,缆芯外径,6.5,6.9,True,6.8,6.626549566251719,0.17345043374828073,True
A2HT24090212-10,D1G08002554022,缆芯外径,6.6,7.0,True,6.84,6.824047042274354,0.015952957725645867,True
A2HT24092615-10,D1G09002081013,缆芯外径,4.5,4.9,True,4.75,4.739761589110488,0.01023841088951194,True
A2HT24102546-10,D1G10001612052,缆芯外径,4.5,4.9,True,4.73,4.738980811006579,0.008980811006578548,True
A2HT2409197-10,D6G09000866006,缆芯外径,6.2,6.6,True,6.43,6.470489826839828,0.0404898268398286,True
A2HT2409204-10,A2HT2409204100012,缆芯外径,5.1,5.5,True,5.35,5.3963491534066215,0.046349153406621824,True
A2HT24091413-10,D2G09001261039,缆芯外径,4.4,4.8,True,4.63,4.6579979838740515,0.027997983874051613,True
A2HT24082930-10,D2G08002424017,缆芯外径,4.4,4.8,True,4.63,4.64750099237571,0.01750099237570968,True
A2HT24091036-10,D2G09000762035,缆芯外径,6.5,6.9,True,6.8,6.758368949171951,0.041631050828049077,True
A2HT2409131-10,D2G09001171087,缆芯外径,4.4,4.8,True,4.63,4.6318782529017835,0.0018782529017835614,True
A2HT24092014-10,A2HT24092014100003,缆芯外径,5.1,5.5,True,5.35,5.3963491534066215,0.046349153406621824,True
A2HT24092059-10,D2G09001481003,缆芯外径,5.1,5.5,True,5.35,5.343084364478111,0.0069156355218886745,True
A2HT24091311-10,D9G09000241004,缆芯外径,12.7,13.1,True,13.0,12.985468604196727,0.014531395803272673,True
A2HT24101534-10,D0G10000401001,缆芯外径,4.9,5.3,True,5.2,5.274904052429051,0.07490405242905052,True
A2HT24102511-10,D2G10001531006,缆芯外径,5.5,5.9,True,5.75,5.780896331246035,0.030896331246035302,True
A2HT24090413-10,D6G08001991010,缆芯外径,4.85,5.25,True,5.07,5.10593614359847,0.03593614359846953,True
A2HT24093011-10,D2G09002233012,缆芯外径,4.75,5.15,True,4.95,5.008022513489049,0.058022513489048855,True
A2HT24100912-10,D2G10000054012,缆芯外径,6.5,6.9,True,6.73,6.776061340242319,0.04606134024231867,True
A2FX2409261-10,D2G0800242300901,缆芯外径,5.1,5.5,True,5.4,5.889880638238523,0.4898806382385228,False
A2HT24092832-10,D1G09002021006,缆芯外径,9.0,9.4,True,9.23,9.272531301800054,0.04253130180005371,True
A2HT24091441-10,D2G09001261079,缆芯外径,4.4,4.8,True,4.63,4.645834684462994,0.015834684462993742,True
A2HT24092615-10,D1G09002081033,缆芯外径,4.5,4.9,True,4.73,4.739761589110488,0.009761589110487634,True
A2HT24091317-10,D2G09001094001,缆芯外径,11.7,12.1,True,11.93,12.117357137885277,0.18735713788527697,False
A2HT24083015-10,D2G08002291001,缆芯外径,12.7,13.1,True,13.0,12.966598217123394,0.03340178287660578,True
A2HT24082924-10,D1G080032027,缆芯外径,5.3,5.7,True,5.6,5.566136071577061,0.03386392842293873,True
A2HT24083034-10,D1G08002131144,缆芯外径,5.2,5.6,True,5.5,5.469607171031336,0.030392828968664354,True
A2HT24090434-10,D9G09000053021,缆芯外径,17.9,18.3,True,18.22,18.210689298598098,0.009310701401901156,True
A2HT24092825-10,D6G09000863021,缆芯外径,6.2,6.6,True,6.6,6.411347375151656,0.188652624848344,True
A2HT24083021-10,D1G08002335021,缆芯外径,6.6,7.0,True,6.7,6.805915241101649,0.1059152411016484,True
A2HT24091036-10,D2G09000762042,缆芯外径,6.5,6.9,True,6.8,6.758368949171951,0.041631050828049077,True
A2HT24100920-10,D2G09002421026,缆芯外径,5.5,5.9,True,5.73,5.758733387397931,0.02873338739793052,True
A2HT24102556-10,A2HT24102556100001,缆芯外径,5.0,5.4,True,5.23,5.274312745403561,0.04431274540356078,True
A2HT2409192-10,A2HT2409192100002,缆芯外径,4.85,5.05,True,4.97,5.67641919499569,0.7064191949956902,False
A2HT24101115-10,D2G10000262051,缆芯外径,4.4,4.8,True,4.63,4.6578398211510805,0.027839821151080635,True
A2HT24090412-10,D1G08002501003,缆芯外径,11.6,12.0,True,11.83,11.891315543633917,0.061315543633917,True
A2HT24091225-10,D2G09001171097,缆芯外径,4.4,4.8,True,4.6,4.641701761619126,0.04170176161912664,True
A2HT24102546-10,D1G10001612083,缆芯外径,4.5,4.9,True,4.73,4.738980811006579,0.008980811006578548,True
A2HT24100816-10,D0G09002591005,缆芯外径,6.6,7.0,True,6.83,6.8926590263752425,0.06265902637524245,True
A2HT24101827-10,D1G10001101045,缆芯外径,6.6,7.0,True,6.84,6.839924170684987,7.582931501293189e-05,True
A2HT24092832-10,D1G09002021009,缆芯外径,9.0,9.4,True,9.23,9.272531301800054,0.04253130180005371,True
A2HT24092417-10,D2G09001362007,缆芯外径,5.5,5.9,True,5.73,5.753704788010569,0.0237047880105683,True
A2HT24101722-10,D9G10000362003,缆芯外径,5.5,5.9,True,5.75,5.6844797380775764,0.06552026192242355,True
A2HT24082930-10,D2G08002424008,缆芯外径,4.4,4.8,True,4.6,4.64750099237571,0.04750099237570993,True
A2HT24091414-10,D2G09001262004,缆芯外径,4.4,4.8,True,4.7,4.661009630835502,0.03899036916449816,True
A2HT24092510-10,D1G09001953008,缆芯外径,4.9,5.3,True,5.2,5.180240857566337,0.019759142433663612,True
A2HT24083021-10,D1G08002335035,缆芯外径,6.6,7.0,True,6.84,6.805915241101649,0.034084758898351275,True
A2HT24083034-10,D1G08002131055,缆芯外径,5.2,5.6,True,5.6,5.469607171031336,0.130392828968664,True
A2HT2409091-10,D1G09000221004,缆芯外径,11.6,12.0,True,12.0,11.840842167499456,0.1591578325005436,True
A2HT24100911-10,D2G10000051014,缆芯外径,4.75,5.15,True,5.0,5.030958268252944,0.030958268252944343,True
A2HT24083034-10,D1G08002131117,缆芯外径,5.2,5.6,True,5.6,5.469607171031336,0.130392828968664,True
A2HT2409249-10,D2G09001482029,缆芯外径,4.4,4.8,True,4.63,4.661557816778004,0.03155781677800373,True
A2HT24090230-10,D0G08000571002,缆芯外径,7.9,8.3,True,8.06,8.366257004569508,0.3062570045695079,False
A2HT24100911-10,D2G10000051054,缆芯外径,4.75,5.15,True,5.1,5.030958268252944,0.0690417317470553,True
A2HT24092850-10,D2G09002001078,缆芯外径,4.4,4.8,True,4.7,4.689669923512577,0.010330076487423234,True
A2HT24102429-10,D0G10000845045,缆芯外径,4.75,5.15,True,5.1,5.057131713006574,0.04286828699342582,True
A2HT2409107-10,D2G09000512004,缆芯外径,12.7,13.1,True,13.0,12.960269408484658,0.039730591515342084,True
A2HT24083066-10,D2G08002426006,缆芯外径,4.4,4.8,True,4.6,4.64631276548253,0.04631276548253016,True
A2HT24081526-10,D6G08001041001,缆芯外径,2.3,2.7,True,2.6,5.750652696551141,3.1506526965511408,False
A2HT2409045-10,D2G09000112011,缆芯外径,6.6,7.0,True,6.84,6.817719475115395,0.022280524884604525,True
A2HT24083034-10,D1G08002131136,缆芯外径,5.2,5.6,True,5.43,5.469607171031336,0.03960717103133593,True
A2HT24090212-10,D1G08002554089,缆芯外径,6.6,7.0,True,6.84,6.824047042274354,0.015952957725645867,True
A2FX2410046-10,D0G0800203103803,缆芯外径,12.6,13.0,True,12.95,9.991998077649859,2.9580019223501406,False
A2HT24090210-10,D1G08002502004,缆芯外径,12.7,13.1,True,13.0,12.973354332445878,0.026645667554122454,True
A2HT24092615-10,D1G09002081126,缆芯外径,4.5,4.9,True,4.7,4.739761589110488,0.03976158911048788,True
A2HT24082929-10,D2G08002422017,缆芯外径,4.4,4.8,True,4.6,4.653530956733342,0.05353095673334263,True
A2HT24083034-10,D1G08002131111,缆芯外径,5.2,5.6,True,5.5,5.469607171031336,0.030392828968664354,True
A2HT2409027-10,D1G08002552023,缆芯外径,4.9,5.3,True,5.2,5.1459856267804,0.054014373219600564,True
A2HT24100917-10,D0G09002581002,缆芯外径,6.6,7.0,True,6.85,6.91801420876291,0.06801420876291076,True
A2HT24100630-10,D2G09002571005,缆芯外径,7.3,7.7,True,7.65,7.629012692107732,0.020987307892267992,True
A2HT2410148-10,D9G10000341002,缆芯外径,4.55,4.95,True,4.8,4.7931344016597315,0.006865598340268342,True
A2HT24083034-10,D1G08002131112,缆芯外径,5.2,5.6,True,5.6,5.469607171031336,0.130392828968664,True
A2HT24092021-10,D2G09001361077,缆芯外径,5.1,5.5,True,5.35,5.37324540827196,0.02324540827196042,True
A2HT2409123-10,D1G09001041040,缆芯外径,6.6,7.0,True,6.75,6.791452351155652,0.04145235115565171,True
A2HT2410215-10,D2G10001301020,缆芯外径,4.4,4.8,True,4.7,4.680589535664763,0.01941046433523752,True
A2HT24091935-10,D1G09001443110,缆芯外径,4.5,4.9,True,4.75,4.741177265492469,0.008822734507530683,True
A2HT24100920-10,D2G09002421028,缆芯外径,5.5,5.9,True,5.73,5.758733387397931,0.02873338739793052,True
A2HT2410211-10,D6G10000711003,缆芯外径,5.3,5.7,True,5.55,5.564049499290268,0.014049499290267775,True
A2HT24090530-10,D0G09000281001,缆芯外径,4.55,4.95,True,4.8,4.865050793650782,0.06505079365078181,True
A2HT2409201-10,D1Z24090017012,缆芯外径,12.2,12.6,True,12.43,12.460718015715162,0.03071801571516275,True
A2HT24092322-10,D0G09001762013,缆芯外径,4.85,5.25,False,4.52,4.687315077446154,0.1673150774461547,False
A2HT24092611-10,D1G09001956001,缆芯外径,6.9,7.3,True,7.13,7.274010345268165,0.14401034526816492,True
A2HT24100912-10,D2G10000054009,缆芯外径,6.5,6.9,True,6.8,6.776061340242319,0.023938659757680725,True
A2HT2409308-10,A2HT2409308100001,缆芯外径,6.6,7.0,True,7.0,5.368524266103863,1.6314757338961368,False
A2HT24101115-10,D2G10000262044,缆芯外径,4.4,4.8,True,4.63,4.6578398211510805,0.027839821151080635,True
A2HT2409249-10,D2G09001482045,缆芯外径,4.4,4.8,True,4.75,4.661557816778004,0.08844218322199637,True
A2HT24092853-10,D2G09002001142,缆芯外径,4.4,4.8,True,4.75,4.672320406350341,0.07767959364965904,True
A2HT24092015-10,D1G09001443190,缆芯外径,4.5,4.9,True,4.8,4.760280715266314,0.039719284733686244,True
A2HT24083034-10,D1G08002131125,缆芯外径,5.2,5.6,True,5.43,5.469607171031336,0.03960717103133593,True
A2HT24090632-10,D0G09000373001,缆芯外径,4.55,4.95,True,4.8,4.865050793650782,0.06505079365078181,True
A2HT24100911-10,D2G10000051062,缆芯外径,4.75,5.15,True,5.1,5.030958268252944,0.0690417317470553,True
A2HT24100615-10,D6G09000865019,缆芯外径,6.2,6.6,True,6.43,6.460514643298563,0.030514643298563016,True
A2HT24101827-10,D1G10001101036,缆芯外径,6.6,7.0,True,6.85,6.839924170684987,0.010075829315012719,True
A2HT2409133-10,D0G09000271045,缆芯外径,7.6,7.8,True,7.75,7.721953200387626,0.02804679961237433,True
A2HT24092013-10,D2G09001361015,缆芯外径,5.1,5.5,True,5.4,5.379303467673893,0.020696532326107686,True
A2HT24090413-10,D6G08001991020,缆芯外径,4.85,5.25,True,5.1,5.10593614359847,0.005936143598470167,True
A2HT24092010-10,D6G09000861034,缆芯外径,6.2,6.6,True,6.43,6.46999973263912,0.039999732639119934,True
A2HT24090410-10,D2G09000123015,缆芯外径,5.4,5.8,True,5.7,5.690268953191482,0.009731046808518329,True
A2HT24092828-10,D2G09002111045,缆芯外径,4.4,4.8,True,4.63,4.658727164745929,0.028727164745928846,True
A2HT24092019-10,D1G09001041062,缆芯外径,6.6,7.0,True,6.84,6.829866937149081,0.010133062850918861,True
A2HT24101216-10,D2G10000402005,缆芯外径,7.2,7.6,True,7.43,7.467737133610178,0.03773713361017794,True
A2HT24101116-10,D2G10000263023,缆芯外径,5.1,5.5,True,5.35,5.368707773555831,0.018707773555830975,True
A2HT24100611-10,D1G09002261024,缆芯外径,12.2,12.6,True,12.45,12.449495379455893,0.0005046205441061602,True
A2HT24091935-10,D1G09001443025,缆芯外径,4.5,4.9,True,4.73,4.741177265492469,0.01117726549246889,True
A2HT24082313-10,D2G08001862026,缆芯外径,5.4,5.8,True,5.63,5.639849100323577,0.009849100323576998,True
A2HT24082924-10,D1G080032021,缆芯外径,5.3,5.7,True,5.55,5.566136071577061,0.016136071577061095,True
A2HT24082810-10,D1G080031015,缆芯外径,4.9,5.3,True,5.12,5.125071438297767,0.005071438297767017,True
A2HT24082313-10,D2G08001862009,缆芯外径,5.4,5.8,True,5.63,5.639849100323577,0.009849100323576998,True
A2HT24091935-10,D1G09001443063,缆芯外径,4.5,4.9,True,4.73,4.741177265492469,0.01117726549246889,True
A2HT2409184-10,D2G09001262041,缆芯外径,4.4,4.8,True,4.7,4.661009630835502,0.03899036916449816,True
A2HT24101513-10,D6G09002493003,缆芯外径,7.1,7.5,True,7.45,7.369399413241246,0.08060058675875403,True
A2HT24100912-10,D2G10000054016,缆芯外径,6.5,6.9,True,6.73,6.776061340242319,0.04606134024231867,True
A2HT24092618-10,D1G09002024001,缆芯外径,12.2,12.6,True,12.55,12.361947312028894,0.18805268797110664,True
A2HT24091414-10,D2G09001262019,缆芯外径,4.4,4.8,True,4.63,4.661009630835502,0.031009630835502122,True
A2HT24092615-10,D1G09002081113,缆芯外径,4.5,4.9,True,4.68,4.739761589110488,0.059761589110488345,True
A2HT24091413-10,D2G09001261020,缆芯外径,4.4,4.8,True,4.7,4.6579979838740515,0.04200201612594867,True
A2HT24101115-10,D2G10000262031,缆芯外径,4.4,4.8,True,4.63,4.6578398211510805,0.027839821151080635,True
A2HT24101618-10,D2G10000871068,缆芯外径,4.75,5.15,True,5.15,5.04838045874736,0.10161954125264039,True
A2HT24090416-10,D6G08002411002,缆芯外径,4.85,5.25,False,5.6,5.685705010981665,0.08570501098166527,False
A2HT24083067-10,D2G08002424040,缆芯外径,4.4,4.8,True,4.63,4.65288534266402,0.022885342664020314,True
A2HT24082929-10,D2G08002422020,缆芯外径,4.4,4.8,True,4.7,4.653530956733342,0.046469043266657906,True
A2HT24090412-10,D1G08002501011,缆芯外径,11.6,12.0,True,12.0,11.891315543633917,0.10868445636608293,True
A2HT24092419-10,D2G09001441006,缆芯外径,5.1,5.5,True,5.4,5.397415007215011,0.0025849927849890264,True
A2HT2409186-10,D6G09000867005,缆芯外径,6.2,6.6,True,6.5,6.459245177307038,0.04075482269296238,True
A2HT24100924-10,D1G09002502037,缆芯外径,4.5,4.9,True,4.8,4.750080299733924,0.049919700266075395,True
A2HT2409152-10,D9G09000412001,缆芯外径,12.6,13.0,True,12.83,12.91983960816211,0.08983960816211045,True
A2HT2409133-10,D0G09000271019,缆芯外径,7.6,7.8,True,7.75,7.721953200387626,0.02804679961237433,True
A2HT24101241-10,D0G10000161002,缆芯外径,8.9,9.3,True,9.2,9.148116489100687,0.05188351089931231,True
A2HT24101413-10,D2G10000762016,缆芯外径,12.1,12.5,True,12.33,12.328680757829698,0.001319242170302104,True
A2HT24101827-10,D1G10001101002,缆芯外径,6.6,7.0,True,6.8,6.839924170684987,0.039924170684987104,True
A2HT24091225-10,D2G09001171046,缆芯外径,4.4,4.8,True,4.63,4.641701761619126,0.011701761619126394,True
A2HT24083069-10,D6G08002401001,缆芯外径,2.3,2.7,True,2.6,4.076594183652562,1.4765941836525616,False
A2HT24082314-10,A2HT24082314100008,缆芯外径,5.4,5.8,True,5.63,5.704931285204806,0.07493128520480585,True
A2HT24082311-10,D2G08001861028,缆芯外径,5.4,5.8,True,5.7,5.666208879028358,0.033791120971642385,True
A2HT24101827-10,D1G10001101034,缆芯外径,6.6,7.0,True,6.9,6.839924170684987,0.06007582931501343,True
A2HT24091414-10,D2G09001262038,缆芯外径,4.4,4.8,True,4.7,4.661009630835502,0.03899036916449816,True
A2HT24083034-10,D1G08002131082,缆芯外径,5.2,5.6,True,5.43,5.469607171031336,0.03960717103133593,True
A2HT24090212-10,D1G08002554050,缆芯外径,6.6,7.0,True,6.84,6.824047042274354,0.015952957725645867,True
A2HT24083035-10,A2HT24083035100014,缆芯外径,5.2,5.6,True,5.42,5.489958282788404,0.06995828278840399,True
A2HT24082311-10,D2G08001861034,缆芯外径,5.4,5.8,True,5.65,5.666208879028358,0.016208879028357437,True
A2HT24092521-10,D2G09002051038,缆芯外径,4.4,4.8,True,4.7,4.666962289703424,0.03303771029657643,True
A2HT24091225-10,D2G09001171004,缆芯外径,4.4,4.8,True,4.6,4.641701761619126,0.04170176161912664,True
A2HT24091215-10,D1G09001041072,缆芯外径,6.6,7.0,True,6.83,6.829866937149081,0.00013306285091907455,True
A2HT24083066-10,D2G08002426014,缆芯外径,4.4,4.8,True,4.63,4.64631276548253,0.016312765482529912,True
A2HT24091033-10,D2G09000721003,缆芯外径,7.3,7.7,True,7.6,7.543581269105759,0.05641873089424099,True
A2HT24090633-10,D2G09000462001,缆芯外径,8.9,9.3,True,9.2,7.164429293189437,2.035570706810562,False
A2HT24092047-10,D2G09001462002,缆芯外径,8.9,9.3,True,9.3,8.964243221918984,0.33575677808101645,True
A2HT2409204-10,A2HT2409204100011,缆芯外径,5.1,5.5,True,5.35,5.3963491534066215,0.046349153406621824,True
A2HT24101524-10,D9G09000865001,缆芯外径,7.1,7.5,True,7.45,6.567657614833808,0.8823423851661918,False
A2HT24082930-10,D2G08002424020,缆芯外径,4.4,4.8,True,4.63,4.64750099237571,0.01750099237570968,True
A2HT24092510-10,D1G09001953013,缆芯外径,4.9,5.3,True,5.2,5.180240857566337,0.019759142433663612,True
A2HT24091225-10,D2G09001171050,缆芯外径,4.4,4.8,True,4.63,4.641701761619126,0.011701761619126394,True
A2HT2410123-10,D2G10000401025,缆芯外径,5.4,5.8,True,5.63,5.682094020067966,0.05209402006796626,True
A2HT24102544-10,D1G10001722007,缆芯外径,12.7,13.1,True,12.94,12.929471327861913,0.010528672138086392,True
A2HT24091416-10,A2HT24091416100001,缆芯外径,6.4,6.8,True,6.7,6.628713988618594,0.07128601138140578,True
A2HT24092024-10,D6G0900086A004,缆芯外径,8.2,8.6,True,8.43,8.398497431156816,0.03150256884318381,True
A2HT24090413-10,D6G08001991024,缆芯外径,4.85,5.25,True,5.1,5.10593614359847,0.005936143598470167,True
A2HT24083074-10,D1G08002551002,缆芯外径,5.1,5.5,True,5.4,5.376715494459246,0.023284505540754452,True
A2HT24100911-10,D2G10000051066,缆芯外径,4.75,5.15,True,5.1,5.030958268252944,0.0690417317470553,True
A2HT2409252-10,D2G09001362010,缆芯外径,5.5,5.9,True,5.73,5.785903660734993,0.055903660734992755,True
A2HT24091935-10,D1G09001443111,缆芯外径,4.5,4.9,True,4.8,4.741177265492469,0.058822734507530505,True
A2HT24082930-10,D2G08002424033,缆芯外径,4.4,4.8,True,4.63,4.64750099237571,0.01750099237570968,True
A2HT2410227-10,D2G09000401002,缆芯外径,12.1,12.5,True,12.33,12.391884449494482,0.061884449494481686,True
A2HT24083022-10,D0G07002702111,缆芯外径,5.4,5.8,True,5.6,5.626336738109596,0.026336738109596247,True
A2HT24091123-10,D2G09000756001,缆芯外径,12.1,12.5,True,12.5,12.390114870417527,0.10988512958247298,True
A2HT24101618-10,D2G10000871072,缆芯外径,4.75,5.15,True,4.97,5.04838045874736,0.07838045874736022,True
A2HT24092015-10,D1G09001443192,缆芯外径,4.5,4.9,True,4.8,4.760280715266314,0.039719284733686244,True
A2HT24100625-10,D2G09002372003,缆芯外径,4.4,4.8,True,4.7,4.649523762630362,0.050476237369638355,True
A2HT24100920-10,D2G09002421025,缆芯外径,5.5,5.9,True,5.73,5.758733387397931,0.02873338739793052,True
A2HT24101115-10,D2G10000262027,缆芯外径,4.4,4.8,True,4.63,4.6578398211510805,0.027839821151080635,True
A2HT24092419-10,D2G09001441007,缆芯外径,5.1,5.5,True,5.4,5.397415007215011,0.0025849927849890264,True
A2HT24100616-10,D2G09002371019,缆芯外径,6.5,6.9,True,6.73,6.757052204900529,0.027052204900528842,True
A2HT24083034-10,D1G08002131124,缆芯外径,5.2,5.6,True,5.5,5.469607171031336,0.030392828968664354,True
A2HT24082929-10,D2G08002422028,缆芯外径,4.4,4.8,True,4.63,4.653530956733342,0.02353095673334238,True
A2HT2409095-10,D5G09000011003,缆芯外径,15.1,15.5,True,15.33,15.295331200396838,0.03466879960316227,True
A2HT24102217-10,A2HT24102217100010,缆芯外径,7.9,8.3,False,5.43,6.031911487516328,0.6019114875163281,False
A2HT2409123-10,D1G09001041054,缆芯外径,6.6,7.0,True,6.8,6.791452351155652,0.00854764884434811,True
A2HT24083036-10,D6G08001661003,缆芯外径,5.45,5.85,True,5.8,5.704475562036957,0.09552443796304289,True
A2HT24092828-10,D2G09002111021,缆芯外径,4.4,4.8,True,4.63,4.658727164745929,0.028727164745928846,True
A2HT24083075-10,D1G08002553002,缆芯外径,6.9,7.3,True,7.13,7.081539724627247,0.04846027537275255,True
A2HT24091119-10,D2G09000752046,缆芯外径,4.4,4.8,True,4.6,4.639726299376921,0.0397262993769214,True
A2HT2410215-10,D2G10001301011,缆芯外径,4.4,4.8,True,4.75,4.680589535664763,0.06941046433523734,True
A2HT24092837-10,D1G09002023005,缆芯外径,12.2,12.6,True,12.5,12.46557317994244,0.03442682005755948,True
A2HT24101216-10,D2G10000402040,缆芯外径,7.2,7.6,True,7.5,7.467737133610178,0.03226286638982234,True
A2HT24101216-10,D2G10000402027,缆芯外径,7.2,7.6,True,7.43,7.467737133610178,0.03773713361017794,True
A2HT2409184-10,D2G09001262105,缆芯外径,4.4,4.8,True,4.7,4.661009630835502,0.03899036916449816,True
A2HT24100912-10,D2G10000054005,缆芯外径,6.5,6.9,True,6.75,6.776061340242319,0.026061340242319098,True
A2HT2409252-10,D2G09001362017,缆芯外径,5.5,5.9,True,5.8,5.785903660734993,0.014096339265006641,True
A2HT24091019-10,D2G09000481003,缆芯外径,11.7,12.1,True,12.0,12.027427662037036,0.02742766203703617,True
A2HT2410167-10,D2G10000871004,缆芯外径,4.75,5.15,True,5.0,5.04838045874736,0.04838045874735997,True
A2HT24091430-10,A2HT24091430100011,缆芯外径,7.5,7.9,True,7.73,7.760336093983637,0.030336093983637014,True
A2HT24101411-10,D2G10000761009,缆芯外径,6.5,6.9,True,6.8,6.778576376366574,0.021423623633426203,True
A2HT24100924-10,D1G09002502039,缆芯外径,4.5,4.9,True,4.73,4.750080299733924,0.020080299733924,True
A2HT24090413-10,D6G08001991006,缆芯外径,4.85,5.25,True,5.05,5.10593614359847,0.05593614359846999,True
A2HT24092015-10,D1G09001443168,缆芯外径,4.5,4.9,True,4.85,4.760280715266314,0.08971928473368607,True
A2HT24091119-10,D2G09000752007,缆芯外径,4.4,4.8,True,4.7,4.639726299376921,0.06027370062307913,True
A2HT24102316-10,D0Z24100011013,缆芯外径,4.75,5.15,True,5.1,5.083814315892445,0.01618568410755472,True
A2HT24101117-10,D2G10000265007,缆芯外径,4.75,5.15,True,5.1,5.054045503323678,0.045954496676321455,True
A2HT24101827-10,D1G10001101004,缆芯外径,6.6,7.0,True,6.85,6.839924170684987,0.010075829315012719,True
A2HT24100611-10,D1G09002261004,缆芯外径,12.2,12.6,True,12.43,12.449495379455893,0.019495379455893413,True
A2HT24091225-10,D2G09001171036,缆芯外径,4.4,4.8,True,4.6,4.641701761619126,0.04170176161912664,True
A2HT24090212-10,D1G08002554006,缆芯外径,6.6,7.0,True,6.75,6.824047042274354,0.07404704227435399,True
A2FX2409019-10,D2G0800194102701,缆芯外径,4.4,4.8,True,4.7,6.003294134275746,1.3032941342757463,False
A2HT24092031-10,A2HT24092031100001,缆芯外径,7.9,8.3,False,5.6,5.70178532236872,0.10178532236872062,False
A2HT24091413-10,D2G09001261026,缆芯外径,4.4,4.8,True,4.7,4.6579979838740515,0.04200201612594867,True
A2HT24082924-10,D1G080032009,缆芯外径,5.3,5.7,True,5.53,5.566136071577061,0.03613607157706067,True
A2HT24101115-10,D2G10000262038,缆芯外径,4.4,4.8,True,4.63,4.6578398211510805,0.027839821151080635,True
A2HT2409027-10,D1G08002552010,缆芯外径,4.9,5.3,True,5.2,5.1459856267804,0.054014373219600564,True
A2HT24091414-10,D2G09001262002,缆芯外径,4.4,4.8,True,4.7,4.661009630835502,0.03899036916449816,True
A2HT2409204-10,A2HT2409204100002,缆芯外径,5.1,5.5,True,5.4,5.3963491534066215,0.003650846593378887,True
A2HT24083067-10,D2G08002424037,缆芯外径,4.4,4.8,True,4.63,4.65288534266402,0.022885342664020314,True
A2HT24101833-10,D0G10000202001,缆芯外径,15.6,16.0,True,15.83,14.418074931386691,1.411925068613309,False
A2HT24092324-10,D2G09001484036,缆芯外径,4.75,5.15,True,5.1,5.009235673803096,0.09076432619690333,True
A2HT24102314-10,D2G10001551003,缆芯外径,6.85,7.25,True,7.06,7.053791523489286,0.006208476510713545,True
A2HT24100648-10,D6G09000863027,缆芯外径,6.2,6.6,True,6.43,6.483062211161661,0.05306221116166121,True
A2HT24090313-10,D1G08002501008,缆芯外径,11.6,12.0,True,12.0,11.467357771786332,0.5326422282136676,False
A2HT24100625-10,D2G09002372004,缆芯外径,4.4,4.8,True,4.7,4.649523762630362,0.050476237369638355,True
A2HT2410217-10,D2G10001303006,缆芯外径,4.75,5.15,True,4.97,4.99773922413579,0.02773922413579033,True
A2HT24091935-10,D1G09001443038,缆芯外径,4.5,4.9,True,4.7,4.741177265492469,0.04117726549246914,True
A2HT24100912-10,D2G10000054002,缆芯外径,6.5,6.9,True,6.8,6.776061340242319,0.023938659757680725,True
A2HT24091120-10,D2G09000758007,缆芯外径,6.6,7.0,True,6.84,6.796547680298815,0.043452319701184905,True
A2HT24102313-10,D1G10001612049,缆芯外径,4.5,4.9,True,4.73,4.747961733489607,0.0179617334896065,True
A2HT24101618-10,D2G10000871071,缆芯外径,4.75,5.15,True,4.97,5.04838045874736,0.07838045874736022,True
A2HT24091036-10,D2G09000762032,缆芯外径,6.5,6.9,True,6.8,6.758368949171951,0.041631050828049077,True
A2HT24101513-10,D6G09002493004,缆芯外径,7.1,7.5,True,7.45,7.369399413241246,0.08060058675875403,True
A2HT24100816-10,D0G09002591002,缆芯外径,6.6,7.0,True,6.86,6.8926590263752425,0.032659026375242206,True
A2HT24092036-10,D0G09001551003,缆芯外径,7.1,7.5,True,7.33,7.3714897952741705,0.041489795274170405,True
A2HT24101721-10,D9G10000361004,缆芯外径,6.6,7.0,True,6.85,6.80956012146481,0.0404398785351896,True
A2HT24092717-10,D2G09002001035,缆芯外径,4.4,4.8,True,4.7,4.688901952059379,0.011098047940620859,True
A2HT24092510-10,D1G09001953003,缆芯外径,4.9,5.3,True,5.12,5.180240857566337,0.06024085756633646,True
A2HT24092850-10,D2G09002001087,缆芯外径,4.4,4.8,True,4.7,4.689669923512577,0.010330076487423234,True
A2HT24092717-10,D2G09002001002,缆芯外径,4.4,4.8,True,4.7,4.688901952059379,0.011098047940620859,True
A2HT24091121-10,D2G09000754010,缆芯外径,8.8,9.2,True,9.03,9.031149463492078,0.0011494634920783398,True
A2HT24100917-10,D0G09002581012,缆芯外径,6.6,7.0,True,7.0,6.91801420876291,0.0819857912370896,True
A2HT24090629-10,D2G09000452001,缆芯外径,7.3,7.7,True,7.53,7.543581269105759,0.013581269105758409,True
A2HT24091441-10,D2G09001261044,缆芯外径,4.4,4.8,True,4.6,4.645834684462994,0.04583468446299399,True
A2HT2410215-10,D2G10001301010,缆芯外径,4.4,4.8,True,4.7,4.680589535664763,0.01941046433523752,True
A2HT2409133-10,D0G09000271024,缆芯外径,7.6,7.8,True,7.72,7.721953200387626,0.0019532003876259196,True
A2HT24092850-10,D2G09002001169,缆芯外径,4.4,4.8,True,4.7,4.689669923512577,0.010330076487423234,True
A2HT2409184-10,D2G09001262073,缆芯外径,4.4,4.8,True,4.63,4.661009630835502,0.031009630835502122,True
A2HT24091413-10,D2G09001261004,缆芯外径,4.4,4.8,True,4.7,4.6579979838740515,0.04200201612594867,True
A2HT2409201-10,D1Z24090017002,缆芯外径,12.2,12.6,True,12.55,12.460718015715162,0.08928198428483825,True
A2HT24092015-10,D1G09001443160,缆芯外径,4.5,4.9,True,4.8,4.760280715266314,0.039719284733686244,True
A2HT24092015-10,D1G09001443156,缆芯外径,4.5,4.9,True,4.73,4.760280715266314,0.030280715266313152,True
A2FX2409061-10,D2G030017610320101,缆芯外径,4.4,4.8,True,4.6,4.966539021164023,0.3665390211640229,False
A2HT24092853-10,D2G09002001101,缆芯外径,4.4,4.8,True,4.63,4.672320406350341,0.04232040635034107,True
A2HT24091036-10,D2G09000762013,缆芯外径,6.5,6.9,True,6.73,6.758368949171951,0.02836894917195032,True
A2HT24102426-10,D0G10001673001,缆芯外径,6.7,7.1,True,6.93,6.665264441011648,0.26473555898835155,False
A2HT24083035-10,A2HT24083035100021,缆芯外径,5.2,5.6,True,5.6,5.489958282788404,0.11004171721159572,True
A2HT24092828-10,D2G09002111016,缆芯外径,4.4,4.8,True,4.65,4.658727164745929,0.008727164745928384,True
A2HT24090210-10,D1G08002502003,缆芯外径,12.7,13.1,True,13.0,12.973354332445878,0.026645667554122454,True
A2HT2410215-10,D2G10001301017,缆芯外径,4.4,4.8,True,4.65,4.680589535664763,0.030589535664762302,True
A2HT24083034-10,D1G08002131077,缆芯外径,5.2,5.6,True,5.43,5.469607171031336,0.03960717103133593,True
A2HT24082930-10,D2G08002424002,缆芯外径,4.4,4.8,True,4.63,4.64750099237571,0.01750099237570968,True
A2HT24092855-10,D9G09000781016,缆芯外径,18.1,18.5,True,18.5,18.45001443253488,0.049985567465121505,True
A2HT24091035-10,D2G09000761004,缆芯外径,6.9,7.3,True,7.12,7.13328685515877,0.013286855158769484,True
A2HT24100415-10,A2HT24100415100001,缆芯外径,5.2,5.6,True,5.45,5.565515716121266,0.11551571612126565,True
A2HT24100626-10,D2G09002373012,缆芯外径,4.75,5.15,True,5.0,5.030958268252944,0.030958268252944343,True
A2HT24092829-10,D6G09000869002,缆芯外径,4.85,5.25,False,7.5,7.6020307332778,0.10203073327780032,False
A2HT24090628-10,D2G09000441030,缆芯外径,5.1,5.5,True,5.35,5.350702327794761,0.000702327794761537,True
A2HT24091036-10,D2G09000762034,缆芯外径,6.5,6.9,True,6.75,6.758368949171951,0.008368949171950746,True
A2HT24083022-10,D0G07002702116,缆芯外径,5.4,5.8,True,5.65,5.626336738109596,0.023663261890404463,True
A2HT24083021-10,D1G08002335023,缆芯外径,6.6,7.0,True,6.84,6.805915241101649,0.034084758898351275,True
A2HT2409199-10,D6G09000867030,缆芯外径,6.2,6.6,True,6.43,6.397445000800186,0.03255499919981375,True
A2HT24083034-10,D1G08002131076,缆芯外径,5.2,5.6,True,5.43,5.469607171031336,0.03960717103133593,True
A2HT24083067-10,D2G08002424065,缆芯外径,4.4,4.8,True,4.7,4.65288534266402,0.04711465733597997,True
A2HT24082314-10,A2HT24082314100003,缆芯外径,5.4,5.8,True,5.7,5.704931285204806,0.004931285204805569,True
A2HT24091430-10,A2HT24091430100004,缆芯外径,7.5,7.9,True,7.8,7.760336093983637,0.03966390601636238,True
A2HT24092013-10,D2G09001361054,缆芯外径,5.1,5.5,True,5.35,5.379303467673893,0.029303467673893024,True
A2HT24082629-10,D0G08002031023,缆芯外径,12.6,13.0,True,13.0,12.880413266988846,0.11958673301115397,True
A2HT24083063-10,D2G08002421002,缆芯外径,5.1,5.5,True,5.35,5.35307861780899,0.003078617808990103,True
A2HT24083010-10,D1G08002337016,缆芯外径,9.0,9.4,True,9.23,9.257720072055248,0.027720072055247513,True
A2HT24091121-10,D2G09000754016,缆芯外径,8.8,9.2,True,9.1,9.031149463492078,0.06885053650792194,True
A2HT24101616-10,D0G10000412001,缆芯外径,4.75,5.15,True,5.1,5.134670232122013,0.03467023212201337,True
A2HT2410164-10,D1G09002501005,缆芯外径,5.1,5.5,True,5.4,5.603119112204837,0.20311911220483658,False
A2HT24091935-10,D1G09001443064,缆芯外径,4.5,4.9,True,4.73,4.741177265492469,0.01117726549246889,True
A2HT2409257-10,D1G09001951002,缆芯外径,4.5,4.9,True,4.73,4.788711945364581,0.05871194536458013,True
A2HT24091441-10,D2G09001261058,缆芯外径,4.4,4.8,True,4.7,4.645834684462994,0.05416531553700654,True
A2HT24102313-10,D1G10001612046,缆芯外径,4.5,4.9,True,4.8,4.747961733489607,0.052038266510392894,True
A2HT24083066-10,D2G08002426015,缆芯外径,4.4,4.8,True,4.63,4.64631276548253,0.016312765482529912,True
A2HT2409131-10,D2G09001171084,缆芯外径,4.4,4.8,True,4.63,4.6318782529017835,0.0018782529017835614,True
A2HT24102546-10,D1G10001612080,缆芯外径,4.5,4.9,True,4.73,4.738980811006579,0.008980811006578548,True
A2HT24083067-10,D2G08002424028,缆芯外径,4.4,4.8,True,4.63,4.65288534266402,0.022885342664020314,True
A2HT24092850-10,D2G09002001069,缆芯外径,4.4,4.8,True,4.63,4.689669923512577,0.05966992351257705,True
A2HT24092521-10,D2G09002051020,缆芯外径,4.4,4.8,True,4.63,4.666962289703424,0.036962289703423856,True
A2HT2410211-10,D6G10000711002,缆芯外径,5.3,5.7,True,5.6,5.564049499290268,0.03595050070973205,True
A2HT24083025-10,D1G08002339007,缆芯外径,12.2,12.6,True,12.43,12.4454289455304,0.01542894553040064,True
A2HT24083034-10,D1G08002131068,缆芯外径,5.2,5.6,True,5.6,5.469607171031336,0.130392828968664,True
A2HT24100616-10,D2G09002371013,缆芯外径,6.5,6.9,True,6.73,6.757052204900529,0.027052204900528842,True
A2HT24092027-10,D2G09001101003,缆芯外径,4.0,4.4,True,4.3,4.334062136705887,0.03406213670588709,True
A2HT24100625-10,D2G09002372029,缆芯外径,4.4,4.8,True,4.63,4.649523762630362,0.01952376263036193,True
A2HT24091120-10,D2G09000758018,缆芯外径,6.6,7.0,True,6.8,6.796547680298815,0.0034523197011848694,True
A2HT2410088-10,D1G09002081153,缆芯外径,4.5,4.9,True,4.6,4.817872820091682,0.2178728200916824,True
A2HT2409123-10,D1G09001041010,缆芯外径,6.6,7.0,True,6.75,6.791452351155652,0.04145235115565171,True
A2HT24092324-10,D2G09001484015,缆芯外径,4.75,5.15,True,5.1,5.009235673803096,0.09076432619690333,True
A2HT24091036-10,D2G09000762021,缆芯外径,6.5,6.9,True,6.8,6.758368949171951,0.041631050828049077,True
A2HT24091429-10,D0G09000271050,缆芯外径,7.6,7.8,True,7.73,7.721953200387626,0.008046799612374755,True
A2HT24090411-10,A2HT24090411100005,缆芯外径,5.4,5.8,True,5.63,5.775978968253986,0.14597896825398582,True
A2HT24082810-10,D1G080031011,缆芯外径,4.9,5.3,True,5.12,5.125071438297767,0.005071438297767017,True
A2HT2409123-10,D1G09001041059,缆芯外径,6.6,7.0,True,6.8,6.791452351155652,0.00854764884434811,True
A2HT24101413-10,D2G10000762009,缆芯外径,12.1,12.5,True,12.33,12.328680757829698,0.001319242170302104,True
A2HT2409184-10,D2G09001262046,缆芯外径,4.4,4.8,True,4.7,4.661009630835502,0.03899036916449816,True
A2HT24091935-10,D1G09001443021,缆芯外径,4.5,4.9,True,4.73,4.741177265492469,0.01117726549246889,True
A2HT2409199-10,D6G09000867027,缆芯外径,6.2,6.6,True,6.2,6.397445000800186,0.1974450008001858,True
A2HT24092015-10,D1G09001443145,缆芯外径,4.5,4.9,True,4.72,4.760280715266314,0.04028071526631383,True
A2HT24092853-10,D2G09002001105,缆芯外径,4.4,4.8,True,4.63,4.672320406350341,0.04232040635034107,True
A2HT24101828-10,D1G10001111004,缆芯外径,12.2,12.6,True,12.55,12.459478600253771,0.09052139974622975,True
A2HT24092828-10,D2G09002111037,缆芯外径,4.4,4.8,True,4.63,4.658727164745929,0.028727164745928846,True
A2HT24090314-10,D1G08002491001,缆芯外径,12.7,13.1,True,12.93,12.973354332445878,0.04335433244587783,True
A2HT24083051-10,D1G08002484002,缆芯外径,5.1,5.5,True,5.4,5.376715494459246,0.023284505540754452,True
A2HT24091935-10,D1G09001443122,缆芯外径,4.5,4.9,True,4.73,4.741177265492469,0.01117726549246889,True
A2HT24092020-10,D6G09000867038,缆芯外径,6.2,6.6,True,6.4,6.3740565459543115,0.025943454045688874,True
A2HT24082710-10,D6G08001952001,缆芯外径,2.3,2.7,True,2.5,3.3442189926739934,0.8442189926739934,False
A2HT24092730-10,D0G09000801001,缆芯外径,6.3,6.7,True,6.53,6.184734001068376,0.345265998931624,False
A2HT24101618-10,D2G10000871077,缆芯外径,4.75,5.15,True,4.97,5.04838045874736,0.07838045874736022,True
A2HT24102546-10,D1G10001612062,缆芯外径,4.5,4.9,True,4.73,4.738980811006579,0.008980811006578548,True
A2HT24092015-10,D1G09001443135,缆芯外径,4.5,4.9,True,4.73,4.760280715266314,0.030280715266313152,True
A2HT2409252-10,D2G09001362028,缆芯外径,5.5,5.9,True,5.8,5.785903660734993,0.014096339265006641,True
A2HT2409184-10,D2G09001262096,缆芯外径,4.4,4.8,True,4.7,4.661009630835502,0.03899036916449816,True
A2HT24082311-10,D2G08001861016,缆芯外径,5.4,5.8,True,5.7,5.666208879028358,0.033791120971642385,True
A2HT24091016-10,D2G09000311001,缆芯外径,12.7,13.1,True,13.0,12.960269408484658,0.039730591515342084,True
A2HT24082923-10,D1G08002333029,缆芯外径,4.9,5.3,True,5.1,5.125071438297767,0.02507143829776748,True
A2HT2409184-10,D2G09001262054,缆芯外径,4.4,4.8,True,4.6,4.661009630835502,0.06100963083550237,True
A2HT24090229-10,D2G08002523002,缆芯外径,5.1,5.5,True,5.4,5.390616860569987,0.00938313943001301,True
A2HT24092615-10,D1G09002081080,缆芯外径,4.5,4.9,True,4.7,4.739761589110488,0.03976158911048788,True
A2HT24090627-10,D2G08002424069,缆芯外径,4.4,4.8,True,4.7,4.6695054645771785,0.030494535422821656,True
A2HT24092023-10,D6G09000868002,缆芯外径,6.8,7.2,True,7.12,7.051281743459382,0.0687182565406177,True
A2HT24090212-10,D1G08002554068,缆芯外径,6.6,7.0,True,6.84,6.824047042274354,0.015952957725645867,True
A2HT24091441-10,D2G09001261078,缆芯外径,4.4,4.8,True,4.63,4.645834684462994,0.015834684462993742,True
A2HT24091935-10,D1G09001443181,缆芯外径,4.5,4.9,True,4.8,4.741177265492469,0.058822734507530505,True
A2HT24101846-10,A2HT24101846100001,缆芯外径,5.1,5.5,True,5.4,5.744630016950053,0.34463001695005246,False
A2FX2410081-10,D1G0900208100201,缆芯外径,4.5,4.9,True,4.8,4.844518551791997,0.04451855179199704,True
A2HT24091226-10,D0G09000271001,缆芯外径,7.6,7.8,True,7.75,7.702669800100326,0.04733019989967424,True
A2HT24083035-10,A2HT24083035100024,缆芯外径,5.2,5.6,True,5.6,5.489958282788404,0.11004171721159572,True
A2HT24082810-10,D1G080031018,缆芯外径,4.9,5.3,True,5.12,5.125071438297767,0.005071438297767017,True
A2HT2409108-10,D2G09000661001,缆芯外径,12.7,13.1,True,13.0,10.794630456349202,2.2053695436507983,False
A2HT24102215-10,D2G10001504014,缆芯外径,4.75,5.15,True,5.0,5.029351026765837,0.029351026765836785,True
A2HT24092615-10,D1G09002081141,缆芯外径,4.5,4.9,True,4.7,4.739761589110488,0.03976158911048788,True
A2HT24092060-10,D2G09001483006,缆芯外径,5.1,5.5,True,5.35,5.396154105038479,0.04615410503847972,True
A2HT24091413-10,D2G09001261030,缆芯外径,4.4,4.8,True,4.7,4.6579979838740515,0.04200201612594867,True
A2HT24101715-10,D9G10000271001,缆芯外径,6.0,6.4,True,6.23,6.2147666287344725,0.015233371265527929,True
A2HT24091225-10,D2G09001171098,缆芯外径,4.4,4.8,True,4.7,4.641701761619126,0.05829823838087389,True
A2HT24091935-10,D1G09001443029,缆芯外径,4.5,4.9,True,4.73,4.741177265492469,0.01117726549246889,True
A2HT24102317-10,D0Z24100012001,缆芯外径,6.6,7.0,True,6.8,6.846593657306048,0.046593657306048364,True
A2HT2409132-10,D2G09001172004,缆芯外径,4.75,5.15,True,5.0,5.011565681411765,0.011565681411765283,True
A2HT24092310-10,D6G09000863007,缆芯外径,6.2,6.6,True,6.42,6.476254313569968,0.05625431356996824,True
A2HT2408305-10,D9G07001091001,缆芯外径,4.55,4.95,True,4.8,5.004053343567825,0.2040533435678249,False
A2HT2410211-10,D6G10000711004,缆芯外径,5.3,5.7,True,5.6,5.564049499290268,0.03595050070973205,True
A2HT24092837-10,D1G09002023008,缆芯外径,12.2,12.6,True,12.5,12.46557317994244,0.03442682005755948,True
A2HT24091225-10,D2G09001171051,缆芯外径,4.4,4.8,True,4.63,4.641701761619126,0.011701761619126394,True
A2HT24100924-10,D1G09002502008,缆芯外径,4.5,4.9,True,4.7,4.750080299733924,0.05008029973392425,True
A2HT2410215-10,D2G10001301016,缆芯外径,4.4,4.8,True,4.7,4.680589535664763,0.01941046433523752,True
A2HT24091813-10,D9G09000441003,缆芯外径,4.85,5.25,True,5.0,5.0309989129723975,0.03099891297239754,True
A2FX2409012-10,D1G03003300802,缆芯外径,5.1,5.5,True,5.4,5.048198502442078,0.351801497557922,False
A2HT2409123-10,D1G09001041034,缆芯外径,6.6,7.0,True,6.8,6.791452351155652,0.00854764884434811,True
A2HT24091935-10,D1G09001443079,缆芯外径,4.5,4.9,True,4.8,4.741177265492469,0.058822734507530505,True
A2HT24100919-10,D0G09002583001,缆芯外径,6.6,7.0,True,7.0,6.7943235038382115,0.2056764961617885,True
A2HT24091935-10,D1G09001443019,缆芯外径,4.5,4.9,True,4.73,4.741177265492469,0.01117726549246889,True
A2HT24100626-10,D2G09002373008,缆芯外径,4.75,5.15,True,4.95,5.030958268252944,0.08095826825294417,True
A2HT24091119-10,D2G09000752014,缆芯外径,4.4,4.8,True,4.63,4.639726299376921,0.009726299376921155,True
A2HT24092615-10,D1G09002081059,缆芯外径,4.5,4.9,True,4.75,4.739761589110488,0.01023841088951194,True
A2HT24083066-10,D2G08002426001,缆芯外径,4.4,4.8,True,4.6,4.64631276548253,0.04631276548253016,True
A2HT24092013-10,D2G09001361028,缆芯外径,5.1,5.5,True,5.45,5.379303467673893,0.07069653232610751,True
A2HT24083034-10,D1G08002131053,缆芯外径,5.2,5.6,True,5.6,5.469607171031336,0.130392828968664,True
A2HT2409198-10,D6G09000861023,缆芯外径,6.2,6.6,True,6.43,6.453413837995763,0.02341383799576313,True
A2HT24090628-10,D2G09000441002,缆芯外径,5.1,5.5,True,5.35,5.350702327794761,0.000702327794761537,True
A2HT24082810-10,D1G080031001,缆芯外径,4.9,5.3,True,5.12,5.125071438297767,0.005071438297767017,True
A2HT24092045-10,D2G09001463001,缆芯外径,12.2,12.6,True,12.43,10.900177508568492,1.5298224914315082,False
A2HT2409306-10,D2G09002374016,缆芯外径,6.5,6.9,True,6.73,6.748870772165516,0.01887077216551525,True
A2HT24102316-10,D0Z24100011002,缆芯外径,4.75,5.15,True,4.95,5.083814315892445,0.13381431589244475,True
A2HT24092850-10,D2G09002001060,缆芯外径,4.4,4.8,True,4.63,4.689669923512577,0.05966992351257705,True
A2HT24091413-10,D2G09001261015,缆芯外径,4.4,4.8,True,4.7,4.6579979838740515,0.04200201612594867,True
A2HT24102555-10,D0G10001101005,缆芯外径,5.0,5.4,True,5.23,5.269627160948398,0.03962716094839713,True
A2HT24092015-10,D1G09001443136,缆芯外径,4.5,4.9,True,4.73,4.760280715266314,0.030280715266313152,True
A2HT24101825-10,D2G10001041001,缆芯外径,12.7,13.1,True,13.0,12.819565352276008,0.18043464772399176,True
A2HT24091429-10,D0G09000271043,缆芯外径,7.6,7.8,True,7.7,7.721953200387626,0.021953200387625493,True
A2HT24092017-10,D1Z24090017039,缆芯外径,12.2,12.6,True,12.5,12.460718015715162,0.039281984284837534,True
A2HT24083025-10,D1G08002339008,缆芯外径,12.2,12.6,True,12.43,12.4454289455304,0.01542894553040064,True
A2HT24092322-10,D0G09001762027,缆芯外径,4.85,5.25,False,4.52,4.687315077446154,0.1673150774461547,False
A2HT24082924-10,D1G080032020,缆芯外径,5.3,5.7,True,5.6,5.566136071577061,0.03386392842293873,True
A2HT24101225-10,D2G10000281001,缆芯外径,3.6,4.0,True,3.7,5.069504952339328,1.3695049523393275,False
A2HT24102313-10,D1G10001612017,缆芯外径,4.5,4.9,True,4.73,4.747961733489607,0.0179617334896065,True
A2HT24102422-10,D9G10000841002,缆芯外径,6.4,6.8,True,6.75,6.761476191913963,0.011476191913962985,True
A2HT24083034-10,D1G08002131096,缆芯外径,5.2,5.6,True,5.43,5.469607171031336,0.03960717103133593,True
A2FX2410083-10,D6G0900086704401,缆芯外径,6.2,6.6,True,6.4,6.182875626555999,0.21712437344400115,False
A2HT24082925-10,D1G080033009,缆芯外径,6.6,7.0,True,6.8,6.805915241101649,0.0059152411016487605,True
A2HT24091424-10,A2HT24091424100001,缆芯外径,5.2,5.6,True,5.5,6.776137831034526,1.276137831034526,False
A2HT24090212-10,D1G08002554010,缆芯外径,6.6,7.0,True,6.8,6.824047042274354,0.02404704227435417,True
A2HT2410215-10,D2G10001301009,缆芯外径,4.4,4.8,True,4.7,4.680589535664763,0.01941046433523752,True
A2HT24102429-10,D0G10000845024,缆芯外径,4.75,5.15,True,5.0,5.057131713006574,0.057131713006573825,True
A2HT24101827-10,D1G10001101057,缆芯外径,6.6,7.0,True,6.8,6.839924170684987,0.039924170684987104,True
A2HT24083035-10,A2HT24083035100003,缆芯外径,5.2,5.6,True,5.43,5.489958282788404,0.059958282788404205,True
A2HT24101827-10,D1G10001101042,缆芯外径,6.6,7.0,True,6.84,6.839924170684987,7.582931501293189e-05,True
A2HT24082923-10,D1G08002333017,缆芯外径,4.9,5.3,True,5.12,5.125071438297767,0.005071438297767017,True
A2HT2409306-10,D2G09002374007,缆芯外径,6.5,6.9,True,6.8,6.748870772165516,0.05112922783448415,True
A2HT24091120-10,D2G09000758010,缆芯外径,6.6,7.0,True,6.75,6.796547680298815,0.04654768029881495,True
A2FX2409018-10,D0G0800203101901,缆芯外径,12.6,13.0,True,12.84,12.542534654581537,0.2974653454184626,False
A2HT2410239-10,D2G09000401020,缆芯外径,12.1,12.5,True,12.45,12.391884449494482,0.05811555050551753,True
A2HT24091429-10,D0G09000271054,缆芯外径,7.6,7.8,True,7.73,7.721953200387626,0.008046799612374755,True
A2HT24100625-10,D2G09002372010,缆芯外径,4.4,4.8,True,4.63,4.649523762630362,0.01952376263036193,True
A2HT2410169-10,D6G09002493016,缆芯外径,7.1,7.5,True,7.32,7.369399413241246,0.04939941324124586,True
A2HT24101116-10,D2G10000263009,缆芯外径,5.1,5.5,True,5.35,5.368707773555831,0.018707773555830975,True
A2HT24083016-10,D2G08002301001,缆芯外径,12.7,13.1,True,12.93,12.966598217123394,0.036598217123394505,True
A2HT2409186-10,D6G09000867006,缆芯外径,6.2,6.6,True,6.5,6.459245177307038,0.04075482269296238,True
A2HT24090414-10,D6G08001992009,缆芯外径,5.45,5.85,True,5.7,5.720137330162938,0.02013733016293795,True
A2HT24100630-10,D2G09002571006,缆芯外径,7.3,7.7,True,7.6,7.629012692107732,0.029012692107732718,True
A2HT24102322-10,D2G10001541003,缆芯外径,12.7,13.1,True,12.93,12.913977238542858,0.01602276145714221,True
A2HT2410216-10,D2G10001302007,缆芯外径,4.4,4.8,True,4.63,4.665448581973578,0.035448581973578364,True
A2HT24102429-10,D0G10000845020,缆芯外径,4.75,5.15,True,5.12,5.057131713006574,0.06286828699342628,True
A2HT2410123-10,D2G10000401038,缆芯外径,5.4,5.8,True,5.7,5.682094020067966,0.017905979932034022,True
A2HT2410124-10,A2HT2410124100008,缆芯外径,5.4,5.8,True,5.63,5.665147658606264,0.03514765860626401,True
A2HT2409123-10,D1G09001041036,缆芯外径,6.6,7.0,True,6.8,6.791452351155652,0.00854764884434811,True
A2HT2409252-10,D2G09001362029,缆芯外径,5.5,5.9,True,5.8,5.785903660734993,0.014096339265006641,True
A2HT2409184-10,D2G09001262097,缆芯外径,4.4,4.8,True,4.7,4.661009630835502,0.03899036916449816,True
A2HT24101827-10,D1G10001101001,缆芯外径,6.6,7.0,True,6.8,6.839924170684987,0.039924170684987104,True
A2HT24100615-10,D6G09000865015,缆芯外径,6.2,6.6,True,6.45,6.460514643298563,0.010514643298562554,True
A2HT24100911-10,D2G10000051068,缆芯外径,4.75,5.15,True,5.1,5.030958268252944,0.0690417317470553,True
A2HT24082311-10,D2G08001861008,缆芯外径,5.4,5.8,True,5.63,5.666208879028358,0.0362088790283579,True
A2HT24092850-10,D2G09002001054,缆芯外径,4.4,4.8,True,4.63,4.689669923512577,0.05966992351257705,True
A2HT24101618-10,D2G10000871034,缆芯外径,4.75,5.15,True,5.12,5.04838045874736,0.07161954125264014,True
A2HT24090414-10,D6G08001992015,缆芯外径,5.45,5.85,True,5.67,5.720137330162938,0.0501373301629382,True
A2HT24083067-10,D2G08002424042,缆芯外径,4.4,4.8,True,4.7,4.65288534266402,0.04711465733597997,True
A2HT24092521-10,D2G09002051047,缆芯外径,4.4,4.8,True,4.75,4.666962289703424,0.08303771029657625,True
A2HT24090620-10,A2HT24090620100001,缆芯外径,5.9,6.3,True,6.2,6.725338782793362,0.5253387827933622,False
A2HT24101720-10,D6G09002491005,缆芯外径,5.3,5.7,True,5.53,5.503505103258232,0.026494896741768414,True
A2HT24102216-10,D0G10001471011,缆芯外径,5.2,5.6,True,5.43,5.471199466469725,0.04119946646972572,True
A2HT24090425-10,D1G08002482002,缆芯外径,5.1,5.5,True,5.35,5.6739362684768935,0.32393626847689383,False
A2HT24100630-10,D2G09002571004,缆芯外径,7.3,7.7,True,7.6,7.629012692107732,0.029012692107732718,True
A2HT24101726-10,D9G10000153001,缆芯外径,7.7,8.1,True,8.0,9.060762799564268,1.0607627995642677,False
A2HT24090628-10,D2G09000441063,缆芯外径,5.1,5.5,True,5.35,5.350702327794761,0.000702327794761537,True
A2HT24092012-10,D6G09000867016,缆芯外径,6.2,6.6,True,6.4,6.397445000800186,0.0025549991998143895,True
A2HT24090221-10,D0G08002031041,缆芯外径,12.6,13.0,True,12.9,12.9053860600298,0.0053860600297994665,True
A2HT24092615-10,D1G09002081067,缆芯外径,4.5,4.9,True,4.73,4.739761589110488,0.009761589110487634,True
A2HT24083063-10,D2G08002421003,缆芯外径,5.1,5.5,True,5.35,5.35307861780899,0.003078617808990103,True
A2HT24092322-10,D0G09001762016,缆芯外径,4.85,5.25,False,4.52,4.687315077446154,0.1673150774461547,False
A2HT24101411-10,D2G10000761013,缆芯外径,6.5,6.9,True,6.8,6.778576376366574,0.021423623633426203,True
A2HT24092013-10,D2G09001361048,缆芯外径,5.1,5.5,True,5.4,5.379303467673893,0.020696532326107686,True
A2HT24092521-10,D2G09002051029,缆芯外径,4.4,4.8,True,4.7,4.666962289703424,0.03303771029657643,True
A2HT24083034-10,D1G08002131118,缆芯外径,5.2,5.6,True,5.5,5.469607171031336,0.030392828968664354,True
A2HT24083034-10,D1G08002131026,缆芯外径,5.2,5.6,True,5.43,5.469607171031336,0.03960717103133593,True
A2HT24092615-10,D1G09002081086,缆芯外径,4.5,4.9,True,4.75,4.739761589110488,0.01023841088951194,True
A2HT24091036-10,D2G09000762044,缆芯外径,6.5,6.9,True,6.75,6.758368949171951,0.008368949171950746,True
A2HT2409184-10,D2G09001262071,缆芯外径,4.4,4.8,True,4.63,4.661009630835502,0.031009630835502122,True
A2HT24100911-10,D2G10000051061,缆芯外径,4.75,5.15,True,5.1,5.030958268252944,0.0690417317470553,True
A2HT24091225-10,D2G09001171039,缆芯外径,4.4,4.8,True,4.7,4.641701761619126,0.05829823838087389,True
A2HT24090628-10,D2G09000441049,缆芯外径,5.1,5.5,True,5.35,5.350702327794761,0.000702327794761537,True
A2HT24091313-10,D9G09000251001,缆芯外径,12.7,13.1,True,12.96,12.938068111511292,0.02193188848870875,True
A2HT24101236-10,D2G10000671003,缆芯外径,6.5,6.9,True,6.8,6.799048587655873,0.0009514123441265454,True
A2HT24102118-10,D0G10000421001,缆芯外径,6.4,6.8,True,6.7,8.78266063473863,2.0826606347386294,False
A2HT2410124-10,A2HT2410124100007,缆芯外径,5.4,5.8,True,5.7,5.665147658606264,0.034852341393736275,True
A2HT24091121-10,D2G09000754017,缆芯外径,8.8,9.2,True,9.1,9.031149463492078,0.06885053650792194,True
A2HT24101115-10,D2G10000262036,缆芯外径,4.4,4.8,True,4.63,4.6578398211510805,0.027839821151080635,True
A2HT24102313-10,D1G10001612040,缆芯外径,4.5,4.9,True,4.8,4.747961733489607,0.052038266510392894,True
A2HT24091123-10,D2G09000756003,缆芯外径,12.1,12.5,True,12.5,12.390114870417527,0.10988512958247298,True
A2HT24092615-10,D1G09002081118,缆芯外径,4.5,4.9,True,4.68,4.739761589110488,0.059761589110488345,True
A2HT24091226-10,D0G09000271012,缆芯外径,7.6,7.8,True,7.73,7.702669800100326,0.027330199899674668,True
A2HT24102316-10,D0Z24100011012,缆芯外径,4.75,5.15,True,5.0,5.083814315892445,0.08381431589244492,True
A2HT24083052-10,D1G08002483001,缆芯外径,4.9,5.3,True,5.2,5.103252958239571,0.09674704176042948,True
A2HT24092324-10,D2G09001484006,缆芯外径,4.75,5.15,True,4.97,5.009235673803096,0.03923567380309656,True
A2HT24091134-10,D9G09000281001,缆芯外径,7.3,7.7,True,7.6,9.786623801044636,2.186623801044636,False
A2HT24091917-10,D2G09001441002,缆芯外径,5.1,5.5,True,5.35,5.501342449762545,0.15134244976254507,False
A2HT24090212-10,D1G08002554017,缆芯外径,6.6,7.0,True,6.8,6.824047042274354,0.02404704227435417,True
A2HT24090411-10,A2HT24090411100003,缆芯外径,5.4,5.8,True,5.63,5.775978968253986,0.14597896825398582,True
A2HT24090229-10,D2G08002523003,缆芯外径,5.1,5.5,True,5.4,5.390616860569987,0.00938313943001301,True
A2HT2409045-10,D2G09000112008,缆芯外径,6.6,7.0,True,6.84,6.817719475115395,0.022280524884604525,True
A2HT24101525-10,D9G09000866001,缆芯外径,7.1,7.5,False,7.6,6.922321574849885,0.6776784251501144,False
A2HT24100625-10,D2G09002372014,缆芯外径,4.4,4.8,True,4.63,4.649523762630362,0.01952376263036193,True
A2HT24092828-10,D2G09002111044,缆芯外径,4.4,4.8,True,4.63,4.658727164745929,0.028727164745928846,True
A2HT24083067-10,D2G08002424039,缆芯外径,4.4,4.8,True,4.63,4.65288534266402,0.022885342664020314,True
A2HT24092324-10,D2G09001484030,缆芯外径,4.75,5.15,True,5.1,5.009235673803096,0.09076432619690333,True
A2HT24090414-10,D6G08001992010,缆芯外径,5.45,5.85,True,5.7,5.720137330162938,0.02013733016293795,True
A2HT2410216-10,D2G10001302006,缆芯外径,4.4,4.8,True,4.63,4.665448581973578,0.035448581973578364,True
A2HT24083022-10,D0G07002702144,缆芯外径,5.4,5.8,True,5.63,5.626336738109596,0.0036632618904040015,True
A2HT24100632-10,D2G09002421003,缆芯外径,5.5,5.9,True,5.8,5.758733387397931,0.041266612602068875,True
A2HT2409184-10,D2G09001262052,缆芯外径,4.4,4.8,True,4.7,4.661009630835502,0.03899036916449816,True
A2HT24090421-10,D9G09000041001,缆芯外径,4.55,4.95,True,4.9,4.7944037567433595,0.10559624325664085,True
A2HT24092717-10,D2G09002001013,缆芯外径,4.4,4.8,True,4.7,4.688901952059379,0.011098047940620859,True
A2HT24092812-10,D9G09000831003,缆芯外径,12.7,13.1,True,12.93,12.936515654851654,0.0065156548516540624,True
A2HT24092717-10,D2G09002001014,缆芯外径,4.4,4.8,True,4.63,4.688901952059379,0.058901952059379425,True
A2HT2409131-10,D2G09001171095,缆芯外径,4.4,4.8,True,4.63,4.6318782529017835,0.0018782529017835614,True
A2HT24092615-10,D1G09002081046,缆芯外径,4.5,4.9,True,4.73,4.739761589110488,0.009761589110487634,True
A2HT24101115-10,D2G10000262017,缆芯外径,4.4,4.8,True,4.65,4.6578398211510805,0.007839821151080173,True
A2HT24090313-10,D1G08002501007,缆芯外径,11.6,12.0,True,12.0,11.467357771786332,0.5326422282136676,False
A2HT24083021-10,D1G08002335042,缆芯外径,6.6,7.0,True,6.84,6.805915241101649,0.034084758898351275,True
A2HT24102316-10,D0Z24100011001,缆芯外径,4.75,5.15,True,5.1,5.083814315892445,0.01618568410755472,True
A2HT24100625-10,D2G09002372012,缆芯外径,4.4,4.8,True,4.63,4.649523762630362,0.01952376263036193,True
A2HT24092012-10,D6G09000867022,缆芯外径,6.2,6.6,True,6.6,6.397445000800186,0.20255499919981368,True
A2HT24092019-10,D1G09001041061,缆芯外径,6.6,7.0,True,6.8,6.829866937149081,0.029866937149081174,True
A2HT24092855-10,D9G09000781010,缆芯外径,18.1,18.5,True,18.45,18.45001443253488,1.443253487920515e-05,True
A2HT24092615-10,D1G09002081143,缆芯外径,4.5,4.9,True,4.8,4.739761589110488,0.06023841088951176,True
A2HT24091013-10,D2G09000531002,缆芯外径,11.7,12.1,True,12.0,12.027427662037036,0.02742766203703617,True
A2HT24091020-10,D2G09000091004,缆芯外径,12.7,13.1,True,12.93,12.960269408484658,0.0302694084846582,True
A2HT2408309-10,D1G08002331001,缆芯外径,4.5,4.9,True,4.73,4.693026255944928,0.036973744055072366,True
A2HT24092615-10,D1G09002081092,缆芯外径,4.5,4.9,True,4.8,4.739761589110488,0.06023841088951176,True
A2HT24092850-10,D2G09002001039,缆芯外径,4.4,4.8,True,4.65,4.689669923512577,0.03966992351257659,True
A2HT24101115-10,D2G10000262020,缆芯外径,4.4,4.8,True,4.65,4.6578398211510805,0.007839821151080173,True
A2HT24090932-10,D2G09000542001,缆芯外径,6.6,7.0,True,6.8,6.828528792564872,0.028528792564872063,True
A2HT24083052-10,D1G08002483005,缆芯外径,4.9,5.3,True,4.95,5.103252958239571,0.15325295823957052,True
A2FX2409032-10,D2G0800242204201,缆芯外径,4.4,4.8,True,4.6,4.771692326772683,0.17169232677268376,True
A2HT24101827-10,D1G10001101015,缆芯外径,6.6,7.0,True,6.8,6.839924170684987,0.039924170684987104,True
A2HT2409131-10,D2G09001171064,缆芯外径,4.4,4.8,True,4.63,4.6318782529017835,0.0018782529017835614,True
A2HT24102511-10,D2G10001531007,缆芯外径,5.5,5.9,True,5.8,5.780896331246035,0.01910366875396452,True
A2HT24102122-10,D6G10000881002,缆芯外径,10.0,10.4,True,10.23,10.648955267662625,0.4189552676626249,False
A2HT24101524-10,D9G09000865002,缆芯外径,7.1,7.5,True,7.5,6.567657614833808,0.9323423851661916,False
A2HT24090927-10,D2G09000581002,缆芯外径,8.8,9.2,True,9.1,9.109157500674256,0.009157500674255914,True
A2HT24090212-10,D1G08002554015,缆芯外径,6.6,7.0,True,6.8,6.824047042274354,0.02404704227435417,True
A2HT24101115-10,D2G10000262022,缆芯外径,4.4,4.8,True,4.65,4.6578398211510805,0.007839821151080173,True
A2HT2409184-10,D2G09001262077,缆芯外径,4.4,4.8,True,4.63,4.661009630835502,0.031009630835502122,True
A2HT24100914-10,D0G09000912001,缆芯外径,4.35,4.75,True,4.65,4.757567952097515,0.10756795209751502,False
A2HT24102429-10,D0G10000845028,缆芯外径,4.75,5.15,True,5.0,5.057131713006574,0.057131713006573825,True
A2HT24091036-10,D2G09000762018,缆芯外径,6.5,6.9,True,6.73,6.758368949171951,0.02836894917195032,True
A2HT24101226-10,D2G10000282001,缆芯外径,4.0,4.4,True,4.23,6.182161491680133,1.9521614916801324,False
A2HT24101835-10,D0G10000203001,缆芯外径,12.0,12.4,True,12.22,11.964524177000605,0.2554758229993954,False
A2HT24100616-10,D2G09002371020,缆芯外径,6.5,6.9,True,6.73,6.757052204900529,0.027052204900528842,True
A2HT2409249-10,D2G09001482009,缆芯外径,4.4,4.8,True,4.63,4.661557816778004,0.03155781677800373,True
A2HT24082929-10,D2G08002422047,缆芯外径,4.4,4.8,True,4.7,4.653530956733342,0.046469043266657906,True
A2HT24101115-10,D2G10000262035,缆芯外径,4.4,4.8,True,4.63,4.6578398211510805,0.027839821151080635,True
A2HT24091226-10,D0G09000271010,缆芯外径,7.6,7.8,True,7.73,7.702669800100326,0.027330199899674668,True
A2HT24092013-10,D2G09001361038,缆芯外径,5.1,5.5,True,5.35,5.379303467673893,0.029303467673893024,True
A2HT24083021-10,D1G08002335019,缆芯外径,6.6,7.0,True,6.8,6.805915241101649,0.0059152411016487605,True
A2HT24101117-10,D2G10000265013,缆芯外径,4.75,5.15,True,5.1,5.054045503323678,0.045954496676321455,True
A2HT24083035-10,A2HT24083035100020,缆芯外径,5.2,5.6,True,5.43,5.489958282788404,0.059958282788404205,True
A2HT24092616-10,D1G09002022002,缆芯外径,4.85,5.25,False,9.3,9.28984239019083,0.010157609809171575,False
A2HT24091935-10,D1G09001443118,缆芯外径,4.5,4.9,True,4.73,4.741177265492469,0.01117726549246889,True
A2HT24102546-10,D1G10001612085,缆芯外径,4.5,4.9,True,4.85,4.738980811006579,0.11101918899342067,True
A2HT24101411-10,D2G10000761007,缆芯外径,6.5,6.9,True,6.8,6.778576376366574,0.021423623633426203,True
A2HT24083043-10,D1G08002489004,缆芯外径,12.2,12.6,True,12.43,12.4454289455304,0.01542894553040064,True
A2HT24092013-10,D2G09001361043,缆芯外径,5.1,5.5,True,5.38,5.379303467673893,0.0006965323261072243,True
A2HT24083053-10,D1G08002481010,缆芯外径,4.5,4.9,True,4.8,4.750929477385004,0.049070522614996115,True
A2HT24092024-10,D6G0900086A005,缆芯外径,8.2,8.6,True,8.43,8.398497431156816,0.03150256884318381,True
A2HT24092521-10,D2G09002051001,缆芯外径,4.4,4.8,True,4.63,4.666962289703424,0.036962289703423856,True
A2HT24101724-10,D9G10000151001,缆芯外径,7.1,7.5,True,7.45,7.286061061733414,0.16393893826658612,True
A2HT24092310-10,D6G09000863006,缆芯外径,6.2,6.6,True,6.42,6.476254313569968,0.05625431356996824,True
A2HT24091430-10,A2HT24091430100006,缆芯外径,7.5,7.9,True,7.8,7.760336093983637,0.03966390601636238,True
A2HT24090422-10,D2G09000111004,缆芯外径,6.9,7.3,True,7.13,7.255357911706352,0.12535791170635235,True
A2HT24090212-10,D1G08002554054,缆芯外径,6.6,7.0,True,6.84,6.824047042274354,0.015952957725645867,True
A2HT24092510-10,D1G09001953006,缆芯外径,4.9,5.3,True,5.12,5.180240857566337,0.06024085756633646,True
A2HT2409249-10,D2G09001482028,缆芯外径,4.4,4.8,True,4.63,4.661557816778004,0.03155781677800373,True
A2HT24101114-10,D2G10000261016,缆芯外径,4.4,4.8,True,4.65,4.694641451366967,0.0446414513669664,True
A2HT2409132-10,D2G09001172009,缆芯外径,4.75,5.15,True,5.0,5.011565681411765,0.011565681411765283,True
A2HT24100512-10,D6G09000867046,缆芯外径,6.2,6.6,True,6.4,6.397445000800186,0.0025549991998143895,True
A2HT24102316-10,D0Z24100011009,缆芯外径,4.75,5.15,True,5.0,5.083814315892445,0.08381431589244492,True
A2HT2409062-10,D2G09000312003,缆芯外径,6.85,7.25,True,7.07,7.090278936688306,0.020278936688305826,True
A2HT24092320-10,D0G09001761003,缆芯外径,5.2,5.6,True,5.43,5.491629165014947,0.06162916501494742,True
A2HT24100911-10,D2G10000051009,缆芯外径,4.75,5.15,True,5.0,5.030958268252944,0.030958268252944343,True
A2HT24091813-10,D9G09000441008,缆芯外径,4.85,5.25,False,4.52,5.0309989129723975,0.510998912972398,True
A2HT24083027-10,D6G08001931004,缆芯外径,4.85,5.25,True,5.17,5.178803166085311,0.008803166085311176,True
A2HT24092322-10,D0G09001762011,缆芯外径,4.85,5.25,False,4.52,4.687315077446154,0.1673150774461547,False
A2HT2410167-10,D2G10000871013,缆芯外径,4.75,5.15,True,4.97,5.04838045874736,0.07838045874736022,True
A2HT24100620-10,D0G09002481001,缆芯外径,6.4,6.8,True,6.7,6.264677082061462,0.43532291793853783,False
A2HT24090212-10,D1G08002554045,缆芯外径,6.6,7.0,True,6.84,6.824047042274354,0.015952957725645867,True
A2HT24100626-10,D2G09002373028,缆芯外径,4.75,5.15,True,4.97,5.030958268252944,0.06095826825294459,True
A2HT24092615-10,D1G09002081083,缆芯外径,4.5,4.9,True,4.75,4.739761589110488,0.01023841088951194,True
A2HT24091935-10,D1G09001443098,缆芯外径,4.5,4.9,True,4.65,4.741177265492469,0.09117726549246896,True
A2HT24100622-10,D6G09000865038,缆芯外径,6.2,6.6,True,6.43,6.466847558583626,0.036847558583626316,True
A2HT24090412-10,D1G08002501004,缆芯外径,11.6,12.0,True,11.83,11.891315543633917,0.061315543633917,True
A2HT24091222-10,D0G09001013001,缆芯外径,6.4,6.8,True,6.63,6.88603271225495,0.2560327122549504,False
A2HT24082629-10,D0G08002031024,缆芯外径,12.6,13.0,True,12.9,12.880413266988846,0.019586733011154323,True
A2HT24082929-10,D2G08002422039,缆芯外径,4.4,4.8,True,4.7,4.653530956733342,0.046469043266657906,True
A2HT24092850-10,D2G09002001092,缆芯外径,4.4,4.8,True,4.7,4.689669923512577,0.010330076487423234,True
A2HT24102546-10,D1G10001612058,缆芯外径,4.5,4.9,True,4.73,4.738980811006579,0.008980811006578548,True
A2HT24082923-10,D1G08002333001,缆芯外径,4.9,5.3,True,5.2,5.125071438297767,0.07492856170223305,True
A2HT2410211-10,D6G10000711012,缆芯外径,5.3,5.7,True,5.53,5.564049499290268,0.03404949929026735,True
A2HT24091812-10,D9G09000431001,缆芯外径,4.85,5.25,True,5.0,5.0309989129723975,0.03099891297239754,True
A2HT2409252-10,D2G09001362037,缆芯外径,5.5,5.9,True,5.8,5.785903660734993,0.014096339265006641,True
A2HT24090413-10,D6G08001991007,缆芯外径,4.85,5.25,True,5.06,5.10593614359847,0.0459361435984702,True
A2HT24083025-10,D1G08002339011,缆芯外径,12.2,12.6,True,12.5,12.4454289455304,0.054571054469599645,True
A2FX2410048-10,D0G0800203102401,缆芯外径,12.6,13.0,True,13.0,9.991998077649859,3.0080019223501413,False
A2HT24091225-10,D2G09001171014,缆芯外径,4.4,4.8,True,4.6,4.641701761619126,0.04170176161912664,True
A2HT24092028-10,D2G09001102005,缆芯外径,5.5,5.9,True,5.73,5.760001850001266,0.030001850001265318,True
A2HT2409131-10,D2G09001171094,缆芯外径,4.4,4.8,True,4.63,4.6318782529017835,0.0018782529017835614,True
A2HT24082810-10,D1G080031020,缆芯外径,4.9,5.3,True,5.12,5.125071438297767,0.005071438297767017,True
A2HT24083034-10,D1G08002131067,缆芯外径,5.2,5.6,True,5.5,5.469607171031336,0.030392828968664354,True
A2HT24100611-10,D1G09002261003,缆芯外径,12.2,12.6,True,12.43,12.449495379455893,0.019495379455893413,True
A2HT24092828-10,D2G09002111041,缆芯外径,4.4,4.8,True,4.63,4.658727164745929,0.028727164745928846,True
A2HT24102424-10,D0G10001671001,缆芯外径,4.55,4.95,True,4.8,4.858865093749347,0.0588650937493469,True
A2HT24092721-10,D9G09000181002,缆芯外径,7.9,8.3,True,8.13,8.244418338316787,0.11441833831678672,True
A2HT24092850-10,D2G09002001062,缆芯外径,4.4,4.8,True,4.63,4.689669923512577,0.05966992351257705,True
A2HT24101216-10,D2G10000402047,缆芯外径,7.2,7.6,True,7.5,7.467737133610178,0.03226286638982234,True
A2HT24101216-10,D2G10000402004,缆芯外径,7.2,7.6,True,7.43,7.467737133610178,0.03773713361017794,True
A2HT24090416-10,D6G08002411007,缆芯外径,4.85,5.25,False,5.65,5.685705010981665,0.035705010981664564,False
A2HT24090432-10,D9G09000051004,缆芯外径,11.6,12.0,True,11.83,11.777766605745796,0.0522333942542037,True
A2HT24082929-10,D2G08002422004,缆芯外径,4.4,4.8,True,4.6,4.653530956733342,0.05353095673334263,True
A2HT24092828-10,D2G09002111026,缆芯外径,4.4,4.8,True,4.63,4.658727164745929,0.028727164745928846,True
A2HT24090215-10,D9G08001261002,缆芯外径,8.2,8.6,True,8.43,7.804789351851851,0.6252106481481485,False
A2HT24092511-10,D1G09001955002,缆芯外径,6.6,7.0,True,6.84,6.852790948009596,0.012790948009596015,True
A2HT24091413-10,D2G09001261016,缆芯外径,4.4,4.8,True,4.7,4.6579979838740515,0.04200201612594867,True
A2HT24092830-10,D1G09001959002,缆芯外径,13.3,13.7,True,13.55,13.647461177248674,0.09746117724867354,True
A2HT24090918-10,D2G09000681008,缆芯外径,6.6,7.0,True,6.84,6.828528792564872,0.011471207435127972,True
A2HT2409203-10,D2G09001361022,缆芯外径,5.1,5.5,True,5.35,5.379303467673893,0.029303467673893024,True
A2HT24083055-10,D2G08002472003,缆芯外径,12.7,13.1,True,13.0,12.966598217123394,0.03340178287660578,True
A2HT24090413-10,D6G08001991019,缆芯外径,4.85,5.25,True,5.2,5.10593614359847,0.09406385640153037,True
A2HT24100924-10,D1G09002502012,缆芯外径,4.5,4.9,True,4.8,4.750080299733924,0.049919700266075395,True
A2HT2409205-10,D1Z24090017018,缆芯外径,12.2,12.6,True,12.5,12.460718015715162,0.039281984284837534,True
A2HT24092510-10,D1G09001953026,缆芯外径,4.9,5.3,True,4.95,5.180240857566337,0.2302408575663364,True
A2HT24101026-10,D6G09002531007,缆芯外径,3.4,3.8,True,3.7,3.869202166005292,0.16920216600529203,False
A2HT24100611-10,D1G09002261015,缆芯外径,12.2,12.6,True,12.43,12.449495379455893,0.019495379455893413,True
A2HT24091135-10,A2HT24091135100001,缆芯外径,7.3,7.7,True,7.6,6.582964401102575,1.017035598897425,False
A2HT24100415-10,A2HT24100415100002,缆芯外径,5.2,5.6,True,5.5,5.565515716121266,0.06551571612126583,True
A2HT24102422-10,D9G10000841004,缆芯外径,6.4,6.8,True,6.7,6.761476191913963,0.06147619191396281,True
A2HT24092828-10,D2G09002111011,缆芯外径,4.4,4.8,True,4.65,4.658727164745929,0.008727164745928384,True
A2HT24090919-10,D2G09000671014,钢铝带搭边宽度,5.0,,True,5.5,5.108359697356464,0.3916403026435358,True
A2HT2409123-10,D1G09001041016,钢铝带搭边宽度,4.3,,True,4.65,4.69838416403742,0.04838416403741963,True
A2HT24101717-10,D2G10000264064,钢铝带搭边宽度,1.6,,True,1.78,1.7578898153560332,0.022110184643966857,True
A2HT24101411-10,D2G10000761020,钢铝带搭边宽度,4.2,,True,4.85,4.809629834802512,0.04037016519748793,True
A2HT24083057-10,D2G08002462003,钢铝带搭边宽度,5.0,,True,5.75,6.219734992205416,0.46973499220541637,True
A2HT24101411-10,D2G10000761004,钢铝带搭边宽度,4.2,,True,4.75,4.809629834802512,0.059629834802511716,True
A2HT2409123-10,D1G09001041032,钢铝带搭边宽度,4.3,,True,4.7,4.69838416403742,0.0016158359625801921,True
A2HT24082311-10,D2G08001861008,钢铝带搭边宽度,5.1,,True,5.1,4.687670193890872,0.4123298061091276,False
A2HT24092510-10,D1G09001953004,钢铝带搭边宽度,3.2,,True,3.23,3.234263384466441,0.004263384466440812,True
A2HT2409266-10,D1G09001443206,钢铝带搭边宽度,2.9,,True,3.03,3.072743936296859,0.04274393629685935,True
A2HT24101727-10,D2G10000941008,钢铝带搭边宽度,5.0,,True,6.4,5.9829938396672775,0.41700616033272286,True
A2HT24083025-10,D1G08002339001,钢铝带搭边宽度,5.0,,True,5.21,5.190508957910498,0.01949104208950203,True
A2HT24101115-10,D2G10000262018,钢铝带搭边宽度,2.9,,True,3.02,3.0702203072417493,0.05022030724174931,True
A2HT24102313-10,D1G10001612015,钢铝带搭边宽度,2.9,,True,3.12,3.0796944392641827,0.04030556073581737,True
A2HT24090529-10,D2G09000271001,钢铝带搭边宽度,5.0,,True,6.1,5.9528513057818175,0.1471486942181821,True
A2HT2409306-10,D2G09002374018,钢铝带搭边宽度,4.2,,True,4.54,4.467488315251468,0.07251168474853209,True
A2HT24082311-10,D2G08001861037,钢铝带搭边宽度,5.1,,False,4.32,4.687670193890872,0.36767019389087174,False
A2HT2409197-10,D6G09000866006,钢铝带搭边宽度,4.0,,True,4.0,3.996485069444444,0.003514930555556184,False
A2HT24090411-10,A2HT24090411100002,钢铝带搭边宽度,3.5,,True,4.0,3.8380419147291334,0.16195808527086664,True
A2HT24101827-10,D1G10001101042,钢铝带搭边宽度,4.3,,True,4.53,4.736638017165602,0.20663801716560215,True
A2HT24092812-10,D9G09000831002,钢铝带搭边宽度,5.1,,True,6.5,6.301880042989414,0.1981199570105856,True
A2HT2409131-10,D2G09001171096,钢铝带搭边宽度,2.9,,True,3.0,3.106057703338485,0.10605770333848508,True
A2HT24083021-10,D1G08002335061,钢铝带搭边宽度,4.3,,True,4.6,4.596458637450521,0.003541362549478677,True
A2HT2409184-10,D2G09001262086,钢铝带搭边宽度,2.9,,True,3.05,3.083043755312088,0.03304375531208814,True
A2HT24101114-10,D2G10000261033,钢铝带搭边宽度,2.9,,True,3.06,3.0250546775040537,0.034945322495946396,True
A2HT24091011-10,D2G09000603001,钢铝带搭边宽度,5.1,,True,5.61,5.94511247895623,0.33511247895622986,True
A2HT24102546-10,D1G10001612051,钢铝带搭边宽度,2.9,,True,3.12,3.1059805949286803,0.014019405071319824,True
A2HT24090212-10,D1G08002554003,钢铝带搭边宽度,4.3,,True,4.53,4.64507114023721,0.11507114023720977,True
A2FX2409262-10,D0G0900034100801,钢铝带搭边宽度,1.7,,True,1.87,1.852064819949933,0.017935180050067112,True
A2HT24083034-10,D1G08002131066,钢铝带搭边宽度,5.0,,True,5.35,5.365838395739107,0.015838395739107725,True
A2HT24102313-10,D1G10001612001,钢铝带搭边宽度,2.9,,True,3.02,3.0796944392641827,0.05969443926418272,True
A2HT24100924-10,D1G09002502012,钢铝带搭边宽度,2.9,,True,3.05,3.0587273986875396,0.0087273986875398,True
A2HT24100920-10,D2G09002421035,钢铝带搭边宽度,3.6,,True,3.6,3.6205465527299348,0.020546552729934664,True
A2HT2409288-10,D2G09002211001,钢铝带搭边宽度,4.1,,True,4.3,4.8018196331724035,0.5018196331724036,True
A2HT24100626-10,D2G09002373035,钢铝带搭边宽度,3.1,,True,3.12,3.1313218927519917,0.01132189275199158,True
A2HT24101827-10,D1G10001101050,钢铝带搭边宽度,4.3,,True,4.53,4.736638017165602,0.20663801716560215,True
A2FX2410048-10,D0G0800203102401,钢铝带搭边宽度,5.0,,True,5.7,5.4934752467439925,0.20652475325600772,True
A2HT24083034-10,D1G08002131106,钢铝带搭边宽度,5.0,,True,5.7,5.365838395739107,0.3341616042608928,True
A2HT2409123-10,D1G09001041035,钢铝带搭边宽度,4.3,,True,4.55,4.69838416403742,0.14838416403742016,True
A2HT2409131-10,D2G09001171092,钢铝带搭边宽度,2.9,,True,3.12,3.106057703338485,0.01394229666151503,True
A2HT24102313-10,D1G10001612028,钢铝带搭边宽度,2.9,,True,3.12,3.0796944392641827,0.04030556073581737,True
A2HT2410167-10,D2G10000871004,钢铝带搭边宽度,3.1,,True,3.12,3.134234760681577,0.014234760681576919,True
A2HT2410168-10,D2G10000264005,钢铝带搭边宽度,1.6,,True,1.76,1.8021804247594784,0.04218042475947836,True
A2HT24092015-10,D1G09001443147,钢铝带搭边宽度,2.9,,True,3.12,3.088840814706094,0.031159185293906155,True
A2HT24082924-10,D1G080032004,钢铝带搭边宽度,3.5,,True,3.61,3.544398472355341,0.0656015276446591,True
A2HT24083021-10,D1G08002335036,钢铝带搭边宽度,4.3,,True,4.54,4.596458637450521,0.05645863745052093,True
A2HT24082930-10,D2G08002424019,钢铝带搭边宽度,2.9,,True,3.12,3.0771879382336915,0.042812061766308585,True
A2HT2409201-10,D1Z24090017013,钢铝带搭边宽度,5.0,,True,5.95,5.7888767624139295,0.16112323758607072,True
A2HT24083021-10,D1G08002335022,钢铝带搭边宽度,4.3,,True,4.62,4.596458637450521,0.02354136254947914,True
A2HT24101618-10,D2G10000871070,钢铝带搭边宽度,3.1,,True,3.15,3.134234760681577,0.015765239318422886,True
A2HT24100823-10,D0G09002381001,钢铝带搭边宽度,4.5,,True,5.0,4.499101298701301,0.5008987012986994,False
A2HT24101026-10,D6G09002531001,钢铝带搭边宽度,4.5,,True,4.75,4.721029120821312,0.028970879178688236,True
A2HT24083022-10,D0G07002702112,钢铝带搭边宽度,3.5,,True,3.55,3.566161309229724,0.016161309229724363,True
A2HT24090212-10,D1G08002554033,钢铝带搭边宽度,4.3,,True,4.53,4.64507114023721,0.11507114023720977,True
A2HT24082929-10,D2G08002422022,钢铝带搭边宽度,2.9,,True,3.0,3.035652825820979,0.03565282582097895,True
A2HT24083041-10,D1G0800248A001,钢铝带搭边宽度,5.0,,True,6.8,5.297680556072853,1.5023194439271466,True
A2HT24090944-10,D2G09000564001,钢铝带搭边宽度,3.1,,True,3.12,3.1298694747960343,0.009869474796034172,True
A2HT24092615-10,D1G09002081126,钢铝带搭边宽度,2.9,,True,3.08,3.08004368918245,4.3689182450012964e-05,True
A2HT24091225-10,D2G09001171100,钢铝带搭边宽度,2.9,,True,3.0,3.0658958553161124,0.06589585531611242,True
A2HT2409306-10,D2G09002374012,钢铝带搭边宽度,4.2,,True,4.6,4.467488315251468,0.1325116847485317,True
A2HT24083066-10,D2G08002426019,钢铝带搭边宽度,3.1,,True,3.14,3.131907051727773,0.008092948272226952,True
A2HT24083034-10,D1G08002131149,钢铝带搭边宽度,5.0,,True,5.45,5.365838395739107,0.08416160426089281,True
A2HT24092721-10,D9G09000181002,钢铝带搭边宽度,5.0,,False,0.0,0.0,0.0,False
A2HT24092820-10,D0G09002071002,钢铝带搭边宽度,4.2,,True,5.0,4.574958077150803,0.4250419228491973,True
A2HT24091935-10,D1G09001443094,钢铝带搭边宽度,2.9,,True,3.05,3.084653717903025,0.03465371790302507,True
A2HT24101114-10,D2G10000261002,钢铝带搭边宽度,2.9,,True,3.02,3.0250546775040537,0.00505467750405364,True
A2HT24092615-10,D1G09002081038,钢铝带搭边宽度,2.9,,True,3.12,3.08004368918245,0.03995631081755002,True
A2HT24100616-10,D2G09002371009,钢铝带搭边宽度,5.0,,True,5.05,5.20634602619197,0.15634602619197047,True
A2HT24101721-10,D9G10000361003,钢铝带搭边宽度,4.3,,True,4.32,4.485710360405033,0.16571036040503273,True
A2HT2409189-10,D1G09001041051,钢铝带搭边宽度,4.3,,True,4.53,4.683006367532629,0.15300636753262875,True
A2HT24082810-10,D1G080031019,钢铝带搭边宽度,3.2,,True,3.23,3.233407391107138,0.003407391107137947,True
A2HT24091019-10,D2G09000481001,钢铝带搭边宽度,5.1,,True,6.02,5.955156890331893,0.06484310966810636,True
A2HT24092828-10,D2G09002111016,钢铝带搭边宽度,2.9,,True,3.05,3.0907749974841825,0.04077499748418267,True
A2HT2409132-10,D2G09001172004,钢铝带搭边宽度,3.1,,True,3.15,3.152737920779288,0.002737920779288139,True
A2HT24092614-10,D1G09002082002,钢铝带搭边宽度,3.4,,True,4.0,3.9777603670634907,0.022239632936509324,True
A2HT24092615-10,D1G09002081099,钢铝带搭边宽度,2.9,,True,3.06,3.08004368918245,0.02004368918245003,True
A2HT24092322-10,D0G09001762010,钢铝带搭边宽度,5.0,,False,3.12,3.101294936184366,0.018705063815634304,False
A2HT24101717-10,D2G10000264031,钢铝带搭边宽度,1.6,,True,1.78,1.7578898153560332,0.022110184643966857,True
A2HT24091225-10,D2G09001171039,钢铝带搭边宽度,2.9,,True,3.0,3.0658958553161124,0.06589585531611242,True
A2HT24083043-10,D1G08002489004,钢铝带搭边宽度,5.0,,True,5.22,5.190508957910498,0.029491042089501818,True
A2HT24092320-10,D0G09001761001,钢铝带搭边宽度,5.0,,True,5.33,5.210965466804004,0.11903453319599588,True
A2HT24091413-10,D2G09001261040,钢铝带搭边宽度,2.9,,True,3.14,3.065388643535705,0.07461135646429495,True
A2HT2409131-10,D2G09001171077,钢铝带搭边宽度,2.9,,True,3.12,3.106057703338485,0.01394229666151503,True
A2HT2409131-10,D2G09001171095,钢铝带搭边宽度,2.9,,True,3.12,3.106057703338485,0.01394229666151503,True
A2HT24091441-10,D2G09001261095,钢铝带搭边宽度,2.9,,True,3.12,3.0864268077737007,0.0335731922262994,True
A2HT24090530-10,D0G09000281004,钢铝带搭边宽度,3.0,,True,3.05,2.9910920965608487,0.05890790343915109,False
A2HT2410215-10,D2G10001301018,钢铝带搭边宽度,2.9,,True,3.05,3.04504153327543,0.004958466724569899,True
A2HT24090225-10,D2G08002521008,钢铝带搭边宽度,4.9,,True,5.0,4.975276524457017,0.024723475542982598,True
A2HT24100924-10,D1G09002502013,钢铝带搭边宽度,2.9,,True,3.06,3.0587273986875396,0.0012726013124604307,True
A2HT24090516-10,D2G09000092003,钢铝带搭边宽度,4.9,,True,5.0,4.967366082480976,0.032633917519024,True
A2HT2410215-10,D2G10001301002,钢铝带搭边宽度,2.9,,True,3.0,3.04504153327543,0.045041533275429924,True
A2HT24083052-10,D1G08002483004,钢铝带搭边宽度,3.2,,True,3.22,3.2290758525350736,0.00907585253507337,True
A2HT24092521-10,D2G09002051022,钢铝带搭边宽度,2.9,,True,3.12,3.106328111608605,0.013671888391395104,True
A2HT24091935-10,D1G09001443012,钢铝带搭边宽度,2.9,,True,3.12,3.084653717903025,0.03534628209697521,True
A2HT24091134-10,D9G09000281001,钢铝带搭边宽度,5.0,,True,5.4,4.83895482804233,0.5610451719576703,False
A2HT24083064-10,D2G08002423009,钢铝带搭边宽度,3.4,,True,3.74,3.717882231310357,0.022117768689643214,True
A2HT24092828-10,D2G09002111014,钢铝带搭边宽度,2.9,,True,3.06,3.0907749974841825,0.030774997484182443,True
A2HT24102413-10,D0G10000801002,钢铝带搭边宽度,5.0,,True,5.0,5.098664897907159,0.09866489790715871,True
A2HT24090229-10,D2G08002523007,钢铝带搭边宽度,3.4,,True,3.62,3.9230139257732985,0.30301392577329844,True
A2HT24091119-10,D2G09000752001,钢铝带搭边宽度,2.9,,True,3.12,3.0719710950360417,0.048028904963958396,True
A2HT2409045-10,D2G09000112014,钢铝带搭边宽度,5.0,,False,4.9,5.117939621191028,0.21793962119102783,True
A2HT24090519-10,D9G09000053004,钢铝带搭边宽度,5.0,,True,7.5,7.138581234287979,0.36141876571202136,True
A2HT24082929-10,D2G08002422017,钢铝带搭边宽度,2.9,,True,3.02,3.035652825820979,0.015652825820978933,True
A2FX2409234-10,D0G0800203103801,钢铝带搭边宽度,5.0,,True,5.75,3.1071130604953394,2.6428869395046606,False
A2HT2409255-10,D1Z24090017077,钢铝带搭边宽度,5.0,,True,5.25,5.826527683857821,0.5765276838578206,True
A2HT2410168-10,D2G10000264007,钢铝带搭边宽度,1.6,,True,1.78,1.8021804247594784,0.022180424759478345,True
A2HT2409252-10,D2G09001362017,钢铝带搭边宽度,3.6,,False,3.15,3.5978590101632477,0.4478590101632478,False
A2HT24102552-10,D0G06001401002,钢铝带搭边宽度,5.0,,False,3.05,3.158190652888804,0.10819065288880436,False
A2HT24092015-10,D1G09001443179,钢铝带搭边宽度,2.9,,True,3.06,3.088840814706094,0.028840814706093898,True
A2HT2410124-10,A2HT2410124100008,钢铝带搭边宽度,3.5,,True,3.62,3.653988978496388,0.03398897849638782,True
A2HT24083034-10,D1G08002131011,钢铝带搭边宽度,5.0,,True,5.33,5.365838395739107,0.0358383957391073,True
A2HT24102546-10,D1G10001612065,钢铝带搭边宽度,2.9,,True,3.12,3.1059805949286803,0.014019405071319824,True
A2HT24090226-10,D2G08002525001,钢铝带搭边宽度,3.8,,True,3.92,3.8888859864536296,0.031114013546370334,True
A2HT2408311-10,D2G06000282008,钢铝带搭边宽度,5.0,,True,6.45,6.2003386225288555,0.2496613774711447,True
A2HT24090419-10,A2HT24090419100001,钢铝带搭边宽度,5.0,,False,4.9,4.346909019150482,0.5530909808495181,False
A2HT24091814-10,D0D06000091013,钢铝带搭边宽度,5.0,,True,5.25,4.880748568492339,0.36925143150766093,False
A2HT24091414-10,D2G09001262044,钢铝带搭边宽度,2.9,,True,3.05,3.083043755312088,0.03304375531208814,True
A2HT24102216-10,D0G10001471017,钢铝带搭边宽度,5.0,,True,5.23,5.3227666022344335,0.09276660223443312,True
A2HT24083021-10,D1G08002335032,钢铝带搭边宽度,4.3,,True,4.53,4.596458637450521,0.06645863745052072,True
A2HT24090628-10,D2G09000441025,钢铝带搭边宽度,3.3,,True,3.57,3.572701914853872,0.002701914853872278,True
A2HT2410218-10,D2G10001304004,钢铝带搭边宽度,5.0,,False,4.95,5.39363094721792,0.44363094721791985,True
A2HT2409283-10,D9G09000841002,钢铝带搭边宽度,5.0,,True,5.35,5.532243561451571,0.18224356145157117,True
A2HT2409028-10,D2G08002453001,钢铝带搭边宽度,5.1,,True,6.15,6.121141534820058,0.028858465179942172,True
A2HT2409257-10,D1G09001951004,钢铝带搭边宽度,2.9,,True,3.05,3.072743936296859,0.022743936296859335,True
A2HT2409194-10,D2G09000991020,钢铝带搭边宽度,1.6,,True,1.73,1.7258779177390404,0.004122082260959559,True
A2HT24091215-10,D1G09001041071,钢铝带搭边宽度,4.3,,True,4.53,4.644524952511721,0.11452495251172046,True
A2HT24083059-10,D2G08002451004,钢铝带搭边宽度,5.0,,True,5.0,5.243543672250342,0.24354367225034235,True
A2HT24082624-10,D1G080022045,钢铝带搭边宽度,4.3,,True,4.62,4.623518102614972,0.0035181026149722072,True
A2HT24102516-10,D1G10001714015,钢铝带搭边宽度,5.0,,True,5.7,5.359190534799762,0.34080946520023847,True
A2HT24090212-10,D1G08002554085,钢铝带搭边宽度,4.3,,True,4.53,4.64507114023721,0.11507114023720977,True
A2HT24083021-10,D1G08002335003,钢铝带搭边宽度,4.3,,True,4.7,4.596458637450521,0.10354136254947921,True
A2HT24090913-10,D2G09000461005,钢铝带搭边宽度,4.1,,True,4.3,4.743406447121758,0.4434064471217578,True
A2HT2409027-10,D1G08002552010,钢铝带搭边宽度,3.2,,True,3.22,3.232876905426291,0.012876905426290719,True
A2HT24083010-10,D1G08002337012,钢铝带搭边宽度,5.0,,True,5.38,5.309097538760401,0.07090246123959876,True
A2HT24083052-10,D1G08002483007,钢铝带搭边宽度,3.2,,True,3.22,3.2290758525350736,0.00907585253507337,True
A2HT24101717-10,D2G10000264032,钢铝带搭边宽度,1.6,,True,1.8,1.7578898153560332,0.042110184643966875,True
A2HT24101827-10,D1G10001101066,钢铝带搭边宽度,4.3,,True,4.8,4.736638017165602,0.06336198283439742,True
A2HT2409201-10,D1Z24090017008,钢铝带搭边宽度,5.0,,True,5.95,5.7888767624139295,0.16112323758607072,True
A2HT24092417-10,D2G09001362024,钢铝带搭边宽度,3.6,,False,3.32,3.4486550660642794,0.12865506606427957,False
A2HT24083021-10,D1G08002335028,钢铝带搭边宽度,4.3,,True,4.53,4.596458637450521,0.06645863745052072,True
A2HT24101031-10,A2HT24101031100001,钢铝带搭边宽度,5.0,,False,0.0,0.25695729166666664,0.25695729166666664,False
A2HT24092828-10,D2G09002111025,钢铝带搭边宽度,2.9,,True,3.12,3.0907749974841825,0.02922500251581761,True
A2HT24100911-10,D2G10000051050,钢铝带搭边宽度,3.1,,True,3.11,3.1313218927519917,0.02132189275199181,True
A2HT24091223-10,A2HT24091223100001,钢铝带搭边宽度,0.0,,True,0.0,4.078140394096644,4.078140394096644,True
A2HT24090212-10,D1G08002554087,钢铝带搭边宽度,4.3,,True,4.53,4.64507114023721,0.11507114023720977,True
A2HT24091225-10,D2G09001171024,钢铝带搭边宽度,2.9,,True,3.0,3.0658958553161124,0.06589585531611242,True
A2HT2409205-10,D1Z24090017017,钢铝带搭边宽度,5.0,,True,5.75,5.7888767624139295,0.038876762413929455,True
A2HT24100611-10,D1G09002261016,钢铝带搭边宽度,5.0,,True,5.4,5.4629567817371925,0.0629567817371921,True
A2HT24102216-10,D0G10001471007,钢铝带搭边宽度,5.0,,True,5.6,5.3227666022344335,0.2772333977655661,True
A2HT2409123-10,D1G09001041047,钢铝带搭边宽度,4.3,,True,4.9,4.69838416403742,0.20161583596258037,True
A2HT2410239-10,D2G09000401009,钢铝带搭边宽度,5.0,,True,6.05,5.831152543376547,0.21884745662345306,True
A2HT24090311-10,D2G08002601001,钢铝带搭边宽度,5.0,,True,6.7,4.272075245591475,2.427924754408525,False
A2HT24091123-10,D2G09000756003,钢铝带搭边宽度,5.0,,True,5.25,5.479806178731252,0.22980617873125198,True
A2HT24092313-10,D1Z24090017053,钢铝带搭边宽度,5.0,,True,6.0,5.826527683857821,0.1734723161421794,True
A2HT24101216-10,D2G10000402004,钢铝带搭边宽度,5.0,,True,5.12,5.1473371304674655,0.027337130467465443,True
A2HT24101216-10,D2G10000402055,钢铝带搭边宽度,5.0,,True,5.15,5.1473371304674655,0.002662869532534806,True
A2HT2409123-10,D1G09001041018,钢铝带搭边宽度,4.3,,True,4.55,4.69838416403742,0.14838416403742016,True
A2HT24101410-10,D2G10000266036,钢铝带搭边宽度,2.8,,True,2.85,2.979438954112369,0.12943895411236905,True
A2HT24091413-10,D2G09001261006,钢铝带搭边宽度,2.9,,True,3.1,3.065388643535705,0.03461135646429492,True
A2HT24092511-10,D1G09001955019,钢铝带搭边宽度,4.3,,True,4.54,4.5312085742302575,0.008791425769742567,True
A2HT2408272-10,D6G08001951006,钢铝带搭边宽度,4.5,,True,5.12,5.1491455829772095,0.029145582977209372,True
A2FX2410243-10,D2G0900144100701,钢铝带搭边宽度,3.4,,True,3.9,3.890964600344274,0.009035399655725751,True
A2HT24101618-10,D2G10000871090,钢铝带搭边宽度,3.1,,True,3.15,3.134234760681577,0.015765239318422886,True
A2HT24091018-10,D2G09000314001,钢铝带搭边宽度,5.1,,True,6.2,5.94511247895623,0.25488752104377,True
A2HT24083034-10,D1G08002131084,钢铝带搭边宽度,5.0,,True,5.28,5.365838395739107,0.08583839573910712,True
A2HT24083053-10,D1G08002481011,钢铝带搭边宽度,2.9,,True,3.02,3.041778005770767,0.02177800577076683,True
A2HT24090940-10,D2G09000612001,钢铝带搭边宽度,5.0,,True,5.3,5.108359697356464,0.1916403026435356,True
A2HT2409131-10,D2G09001171012,钢铝带搭边宽度,2.9,,True,3.0,3.106057703338485,0.10605770333848508,True
A2HT2408306-10,D9G07001092001,钢铝带搭边宽度,5.0,,False,3.1,3.059550356621861,0.040449643378138944,False
A2HT24100911-10,D2G10000051011,钢铝带搭边宽度,3.1,,True,3.16,3.1313218927519917,0.028678107248008455,True
A2HT24091110-10,D9G09000202003,钢铝带搭边宽度,5.0,,True,5.45,5.502013891548269,0.05201389154826863,True
A2HT2410213-10,D1G10001121004,钢铝带搭边宽度,5.0,,True,5.7,5.836943573295442,0.13694357329544182,True
A2HT24092853-10,D2G09002001104,钢铝带搭边宽度,2.9,,True,3.12,3.07627668193983,0.04372331806017016,True
A2HT24091441-10,D2G09001261063,钢铝带搭边宽度,2.9,,True,3.05,3.0864268077737007,0.03642680777370089,True
A2HT24100911-10,D2G10000051023,钢铝带搭边宽度,3.1,,True,3.12,3.1313218927519917,0.01132189275199158,True
A2HT2410158-10,D2G10000266045,钢铝带搭边宽度,2.8,,True,3.06,2.979438954112369,0.08056104588763091,True
A2HT24092717-10,D2G09002001018,钢铝带搭边宽度,2.9,,True,3.12,3.0659571846953027,0.054042815304697456,True
A2HT24102544-10,D1G10001722008,钢铝带搭边宽度,5.0,,True,5.32,5.194669267511495,0.12533073248850535,True
A2HT24101115-10,D2G10000262003,钢铝带搭边宽度,2.9,,True,3.02,3.0702203072417493,0.05022030724174931,True
A2HT2410123-10,D2G10000401012,钢铝带搭边宽度,5.1,,True,5.15,5.098165937282279,0.051834062717721174,False
A2HT24082929-10,D2G08002422015,钢铝带搭边宽度,2.9,,True,3.02,3.035652825820979,0.015652825820978933,True
A2HT24091935-10,D1G09001443107,钢铝带搭边宽度,2.9,,True,3.05,3.084653717903025,0.03465371790302507,True
A2HT24090212-10,D1G08002554068,钢铝带搭边宽度,4.3,,True,4.53,4.64507114023721,0.11507114023720977,True
A2HT2409135-10,D2G09000841004,钢铝带搭边宽度,5.1,,True,5.8,5.856201324254452,0.056201324254452345,True
A2HT24092615-10,D1G09002081061,钢铝带搭边宽度,2.9,,True,3.08,3.08004368918245,4.3689182450012964e-05,True
A2HT24091225-10,D2G09001171099,钢铝带搭边宽度,2.9,,True,3.02,3.0658958553161124,0.0458958553161124,True
A2HT24090627-10,D2G08002424069,钢铝带搭边宽度,2.9,,True,3.02,3.088101248792691,0.06810124879269086,True
A2HT24082923-10,D1G08002333027,钢铝带搭边宽度,3.2,,True,3.22,3.233407391107138,0.013407391107137734,True
A2HT24092850-10,D2G09002001061,钢铝带搭边宽度,2.9,,True,3.12,3.0763198138398193,0.04368018616018077,True
A2HT24091935-10,D1G09001443101,钢铝带搭边宽度,2.9,,True,3.05,3.084653717903025,0.03465371790302507,True
A2HT24083034-10,D1G08002131023,钢铝带搭边宽度,5.0,,True,5.41,5.365838395739107,0.04416160426089277,True
A2HT24082311-10,D2G08001861021,钢铝带搭边宽度,5.1,,False,4.25,4.687670193890872,0.43767019389087203,False
A2HT24092615-10,D1G09002081083,钢铝带搭边宽度,2.9,,True,3.06,3.08004368918245,0.02004368918245003,True
A2HT24101413-10,D2G10000762013,钢铝带搭边宽度,5.0,,True,5.45,5.523714489163777,0.07371448916377688,True
A2HT24102313-10,D1G10001612042,钢铝带搭边宽度,2.9,,True,3.05,3.0796944392641827,0.029694439264182915,True
A2HT24101727-10,D2G10000941001,钢铝带搭边宽度,5.0,,True,6.0,5.9829938396672775,0.01700616033272251,True
A2HT2410123-10,D2G10000401028,钢铝带搭边宽度,5.1,,False,5.0,5.098165937282279,0.09816593728227918,False
A2HT24102556-10,A2HT24102556100001,钢铝带搭边宽度,3.3,,True,3.6,3.679155488377363,0.07915548837736308,True
A2HT24091935-10,D1G09001443080,钢铝带搭边宽度,2.9,,True,3.08,3.084653717903025,0.004653717903024823,True
A2HT24092615-10,D1G09002081163,钢铝带搭边宽度,2.9,,True,3.05,3.08004368918245,0.03004368918245026,True
A2HT24092828-10,D2G09002111041,钢铝带搭边宽度,2.9,,True,3.12,3.0907749974841825,0.02922500251581761,True
A2HT24083022-10,D0G07002702117,钢铝带搭边宽度,3.5,,True,3.55,3.566161309229724,0.016161309229724363,True
A2HT24082313-10,D2G08001862013,钢铝带搭边宽度,5.1,,True,5.1,4.953926690117649,0.14607330988235034,False
A2HT24101611-10,D0G10000171001,钢铝带搭边宽度,5.0,,False,3.1,3.1086703697868368,0.008670369786836662,False
A2HT2409062-10,D2G09000312003,钢铝带搭边宽度,4.7,,True,5.0,5.083248549993901,0.0832485499939013,True
A2HT24092014-10,A2HT24092014100003,钢铝带搭边宽度,3.3,,True,3.6,3.5490110953881744,0.0509889046118257,True
A2HT2409204-10,A2HT2409204100002,钢铝带搭边宽度,3.3,,True,3.5,3.5490110953881744,0.049011095388174386,True
A2HT24090212-10,D1G08002554056,钢铝带搭边宽度,4.3,,True,4.53,4.64507114023721,0.11507114023720977,True
A2HT24102516-10,D1G10001714014,钢铝带搭边宽度,5.0,,True,5.21,5.359190534799762,0.14919053479976174,True
A2HT24092322-10,D0G09001762009,钢铝带搭边宽度,5.0,,False,3.1,3.101294936184366,0.0012949361843657137,False
A2HT2410215-10,D2G10001301014,钢铝带搭边宽度,2.9,,True,3.05,3.04504153327543,0.004958466724569899,True
A2HT24083022-10,D0G07002702139,钢铝带搭边宽度,3.5,,True,3.61,3.566161309229724,0.04383869077027569,True
A2HT2410091-10,D2G09002111053,钢铝带搭边宽度,2.9,,True,3.06,3.0944412984177565,0.03444129841775645,True
A2HT2409204-10,A2HT2409204100004,钢铝带搭边宽度,3.3,,True,3.45,3.5490110953881744,0.09901109538817421,True
A2HT24083025-10,D1G08002339003,钢铝带搭边宽度,5.0,,True,5.25,5.190508957910498,0.059491042089502066,True
A2HT24082923-10,D1G08002333030,钢铝带搭边宽度,3.2,,True,3.25,3.233407391107138,0.01659260889286207,True
A2HT24092828-10,D2G09002111044,钢铝带搭边宽度,2.9,,True,3.12,3.0907749974841825,0.02922500251581761,True
A2HT24092015-10,D1G09001443156,钢铝带搭边宽度,2.9,,True,3.12,3.088840814706094,0.031159185293906155,True
A2HT24082929-10,D2G08002422001,钢铝带搭边宽度,2.9,,True,3.0,3.035652825820979,0.03565282582097895,True
A2HT24083034-10,D1G08002131029,钢铝带搭边宽度,5.0,,True,5.33,5.365838395739107,0.0358383957391073,True
A2HT24101827-10,D1G10001101054,钢铝带搭边宽度,4.3,,True,5.0,4.736638017165602,0.2633619828343976,True
A2HT24092324-10,D2G09001484019,钢铝带搭边宽度,3.1,,True,3.11,3.160188093537955,0.05018809353795506,True
A2HT24083021-10,D1G08002335016,钢铝带搭边宽度,4.3,,True,4.6,4.596458637450521,0.003541362549478677,True
A2HT24082312-10,A2HT24082312100008,钢铝带搭边宽度,3.5,,True,3.62,3.5966943820068855,0.02330561799311459,True
A2HT24091935-10,D1G09001443115,钢铝带搭边宽度,2.9,,True,3.05,3.084653717903025,0.03465371790302507,True
A2HT24101115-10,D2G10000262013,钢铝带搭边宽度,2.9,,True,3.02,3.0702203072417493,0.05022030724174931,True
A2HT24102313-10,D1G10001612030,钢铝带搭边宽度,2.9,,True,3.12,3.0796944392641827,0.04030556073581737,True
A2HT24091935-10,D1G09001443092,钢铝带搭边宽度,2.9,,True,3.02,3.084653717903025,0.06465371790302488,True
A2HT24101217-10,A2HT24101217100007,钢铝带搭边宽度,5.0,,False,3.62,3.6061047925220797,0.01389520747792039,False
A2HT24091019-10,D2G09000481003,钢铝带搭边宽度,5.1,,True,6.0,5.955156890331893,0.044843109668106784,True
A2HT2409027-10,D1G08002552011,钢铝带搭边宽度,3.2,,True,3.25,3.232876905426291,0.017123094573709086,True
A2HT24101114-10,D2G10000261013,钢铝带搭边宽度,2.9,,True,3.0,3.0250546775040537,0.025054677504053657,True
A2HT24082924-10,D1G080032002,钢铝带搭边宽度,3.5,,True,3.6,3.544398472355341,0.05560152764465931,True
A2HT24101618-10,D2G10000871066,钢铝带搭边宽度,3.1,,True,3.12,3.134234760681577,0.014234760681576919,True
A2HT24090212-10,D1G08002554053,钢铝带搭边宽度,4.3,,True,4.53,4.64507114023721,0.11507114023720977,True
A2HT2410216-10,D2G10001302007,钢铝带搭边宽度,2.9,,True,3.12,3.0810454193954215,0.03895458060457857,True
A2FX2409262-10,D0G0900034100201,钢铝带搭边宽度,1.7,,True,1.87,1.852064819949933,0.017935180050067112,True
A2HT2409045-10,D2G09000112012,钢铝带搭边宽度,5.0,,True,5.1,5.117939621191028,0.017939621191028543,True
A2HT24090924-10,D2G09000591001,钢铝带搭边宽度,5.0,,False,4.5,5.0787646173271135,0.5787646173271135,True
A2HT24102429-10,D0G10000845047,钢铝带搭边宽度,3.1,,True,3.14,3.165561501024922,0.025561501024921718,True
A2HT24092911-10,D6G09000864007,钢铝带搭边宽度,4.0,,False,3.56,4.114862436026197,0.5548624360261969,True
A2HT2409027-10,D1G08002552012,钢铝带搭边宽度,3.2,,True,3.25,3.232876905426291,0.017123094573709086,True
A2HT24083022-10,D0G07002702140,钢铝带搭边宽度,3.5,,True,3.61,3.566161309229724,0.04383869077027569,True
A2HT24100616-10,D2G09002371004,钢铝带搭边宽度,5.0,,True,5.1,5.20634602619197,0.10634602619197064,True
A2HT24092041-10,D0G09000342003,钢铝带搭边宽度,1.7,,True,1.85,2.2679655874796514,0.4179655874796513,True
A2HT24092024-10,D6G0900086A005,钢铝带搭边宽度,5.0,,True,5.0,4.9333640136483865,0.0666359863516135,False
A2HT24102313-10,D1G10001612004,钢铝带搭边宽度,2.9,,True,3.05,3.0796944392641827,0.029694439264182915,True
A2HT24092615-10,D1G09002081067,钢铝带搭边宽度,2.9,,True,3.12,3.08004368918245,0.03995631081755002,True
A2FX2409063-10,D2G030017610320102,钢铝带搭边宽度,2.9,,True,3.0,3.508931530505846,0.5089315305058459,True
A2HT24092040-10,D0G09000341008,钢铝带搭边宽度,1.7,,True,1.88,1.866433490234289,0.013566509765710943,True
A2HT24083022-10,D0G07002702113,钢铝带搭边宽度,3.5,,True,3.55,3.566161309229724,0.016161309229724363,True
A2HT24092850-10,D2G09002001092,钢铝带搭边宽度,2.9,,True,3.06,3.0763198138398193,0.016319813839819286,True
A2HT24100616-10,D2G09002371036,钢铝带搭边宽度,5.0,,True,5.1,5.20634602619197,0.10634602619197064,True
A2HT24101117-10,D2G10000265001,钢铝带搭边宽度,3.1,,True,3.14,3.1254695487361506,0.014530451263849553,True
A2HT24091414-10,D2G09001262007,钢铝带搭边宽度,2.9,,True,3.12,3.083043755312088,0.03695624468791214,True
A2HT24092615-10,D1G09002081088,钢铝带搭边宽度,2.9,,True,3.06,3.08004368918245,0.02004368918245003,True
A2HT2410143-10,D2G10000732001,钢铝带搭边宽度,5.0,,True,5.22,5.082548404672675,0.13745159532732476,True
A2HT24091020-10,D2G09000091005,钢铝带搭边宽度,5.1,,True,6.6,6.121141534820058,0.47885846517994146,True
A2HT24092017-10,D1Z24090017037,钢铝带搭边宽度,5.0,,True,6.2,5.7888767624139295,0.4111232375860707,True
A2HT24092521-10,D2G09002051041,钢铝带搭边宽度,2.9,,True,3.05,3.106328111608605,0.05632811160860518,True
A2HT24100911-10,D2G10000051040,钢铝带搭边宽度,3.1,,True,3.12,3.1313218927519917,0.01132189275199158,True
A2HT24091441-10,D2G09001261054,钢铝带搭边宽度,2.9,,True,3.02,3.0864268077737007,0.06642680777370069,True
A2HT24082929-10,D2G08002422010,钢铝带搭边宽度,2.9,,True,3.0,3.035652825820979,0.03565282582097895,True
A2HT24091121-10,D2G09000754001,钢铝带搭边宽度,5.0,,True,5.23,5.211821115061951,0.018178884938049755,True
A2FX2410247-10,D1G0800255203001,钢铝带搭边宽度,3.2,,True,3.22,3.695928196072063,0.4759281960720627,True
A2HT24101813-10,D9G10000491001,钢铝带搭边宽度,5.0,,False,0.0,0.0,0.0,False
A2HT24083055-10,D2G08002472001,钢铝带搭边宽度,5.0,,True,6.1,6.174014312966452,0.07401431296645278,True
A2HT24090215-10,D9G08001261003,钢铝带搭边宽度,5.0,,True,5.0,0.037343749999999995,4.96265625,False
A2HT24100911-10,D2G10000051036,钢铝带搭边宽度,3.1,,True,3.12,3.1313218927519917,0.01132189275199158,True
A2HT24101114-10,D2G10000261019,钢铝带搭边宽度,2.9,,True,3.0,3.0250546775040537,0.025054677504053657,True
A2HT24092853-10,D2G09002001105,钢铝带搭边宽度,2.9,,True,3.12,3.07627668193983,0.04372331806017016,True
A2HT2409194-10,D2G09000991019,钢铝带搭边宽度,1.6,,True,1.73,1.7258779177390404,0.004122082260959559,True
A2HT24092850-10,D2G09002001087,钢铝带搭边宽度,2.9,,True,3.06,3.0763198138398193,0.016319813839819286,True
A2HT24082925-10,D1G080033023,钢铝带搭边宽度,4.3,,True,4.53,4.596458637450521,0.06645863745052072,True
A2HT24092615-10,D1G09002081049,钢铝带搭边宽度,2.9,,True,3.05,3.08004368918245,0.03004368918245026,True
A2HT24092850-10,D2G09002001091,钢铝带搭边宽度,2.9,,True,3.06,3.0763198138398193,0.016319813839819286,True
A2HT24102429-10,D0G10000845007,钢铝带搭边宽度,3.1,,True,3.12,3.165561501024922,0.045561501024921736,True
A2HT24090529-10,D2G09000271005,钢铝带搭边宽度,5.0,,True,5.9,5.9528513057818175,0.05285130578181718,True
A2HT24100626-10,D2G09002373023,钢铝带搭边宽度,3.1,,True,3.12,3.1313218927519917,0.01132189275199158,True
A2HT24092828-10,D2G09002111029,钢铝带搭边宽度,2.9,,True,3.12,3.0907749974841825,0.02922500251581761,True
A2HT24083021-10,D1G08002335017,钢铝带搭边宽度,4.3,,True,4.62,4.596458637450521,0.02354136254947914,True
A2HT24082313-10,D2G08001862020,钢铝带搭边宽度,5.1,,True,5.15,4.953926690117649,0.19607330988235105,False
A2HT24091413-10,D2G09001261002,钢铝带搭边宽度,2.9,,True,3.2,3.065388643535705,0.134611356464295,True
A2HT24082924-10,D1G080032016,钢铝带搭边宽度,3.5,,True,3.52,3.544398472355341,0.02439847235534076,True
A2HT24090628-10,D2G09000441067,钢铝带搭边宽度,3.3,,True,3.54,3.572701914853872,0.03270191485387208,True
A2HT24092853-10,D2G09002001127,钢铝带搭边宽度,2.9,,True,3.06,3.07627668193983,0.016276681939829896,True
A2HT24082924-10,D1G080032011,钢铝带搭边宽度,3.5,,True,3.61,3.544398472355341,0.0656015276446591,True
A2HT24092815-10,D1G09002191003,钢铝带搭边宽度,5.0,,True,5.75,4.836495214996941,0.9135047850030587,False
A2HT24092322-10,D0G09001762024,钢铝带搭边宽度,5.0,,False,3.12,3.101294936184366,0.018705063815634304,False
A2HT24101618-10,D2G10000871065,钢铝带搭边宽度,3.1,,True,3.15,3.134234760681577,0.015765239318422886,True
A2HT24102217-10,A2HT24102217100004,钢铝带搭边宽度,3.4,,True,3.55,3.5538133945711143,0.0038133945711145145,True
A2HT2409252-10,D2G09001362015,钢铝带搭边宽度,3.6,,True,3.6,3.5978590101632477,0.0021409898367523716,False
A2HT24083071-10,D2G08002541002,钢铝带搭边宽度,3.8,,True,3.9,3.8888859864536296,0.011114013546370316,True
A2HT24082930-10,D2G08002424054,钢铝带搭边宽度,2.9,,True,3.0,3.0771879382336915,0.07718793823369152,True
A2HT2409103-10,D6G09000651001,钢铝带搭边宽度,2.0,,True,2.05,2.014970253436226,0.03502974656377367,True
A2HT24083034-10,D1G08002131079,钢铝带搭边宽度,5.0,,True,5.3,5.365838395739107,0.06583839573910755,True
A2HT24092828-10,D2G09002111004,钢铝带搭边宽度,2.9,,True,3.02,3.0907749974841825,0.07077499748418248,True
A2HT24093011-10,D2G09002233015,钢铝带搭边宽度,3.1,,True,3.15,3.1370771073552564,0.012922892644743555,True
A2HT24101411-10,D2G10000761012,钢铝带搭边宽度,4.2,,True,4.52,4.809629834802512,0.28962983480251214,True
A2HT24090212-10,D1G08002554043,钢铝带搭边宽度,4.3,,True,4.53,4.64507114023721,0.11507114023720977,True
A2HT24090628-10,D2G09000441035,钢铝带搭边宽度,3.3,,True,3.56,3.572701914853872,0.012701914853872065,True
A2HT24091423-10,D0G09001211001,钢铝带搭边宽度,4.8,,False,4.3,4.100259533290784,0.19974046670921553,False
A2HT24091935-10,D1G09001443089,钢铝带搭边宽度,2.9,,True,3.08,3.084653717903025,0.004653717903024823,True
A2HT24101116-10,D2G10000263002,钢铝带搭边宽度,3.3,,True,4.02,3.693783320525402,0.32621667947459754,True
A2HT24091033-10,D2G09000721013,钢铝带搭边宽度,5.0,,True,5.1,5.080100615925682,0.019899384074317794,True
A2HT24090937-10,D2G09000664001,钢铝带搭边宽度,5.0,,False,4.8,5.108359697356464,0.3083596973564644,True
A2HT24092047-10,D2G09001462005,钢铝带搭边宽度,5.0,,False,4.35,4.49674409421597,0.14674409421597012,False
A2HT24101413-10,D2G10000762021,钢铝带搭边宽度,5.0,,True,5.46,5.523714489163777,0.06371448916377709,True
A2HT24100912-10,D2G10000054017,钢铝带搭边宽度,5.0,,True,5.25,5.1571101316545755,0.09288986834542445,True
A2HT24083065-10,D2G08002425004,钢铝带搭边宽度,5.0,,True,5.61,4.082739632936507,1.5272603670634934,False
A2HT2409095-10,D5G09000011003,钢铝带搭边宽度,5.0,,True,6.6,6.415034152537276,0.18496584746272404,True
A2HT24090922-10,D2G09000511001,钢铝带搭边宽度,4.7,,True,5.1,5.083248549993901,0.016751450006098345,True
A2HT24102544-10,D1G10001722001,钢铝带搭边宽度,5.0,,True,5.0,5.194669267511495,0.19466926751149494,True
A2HT24100630-10,D2G09002571001,钢铝带搭边宽度,5.0,,False,4.7,4.708802809123285,0.008802809123285016,False
A2HT24091120-10,D2G09000758013,钢铝带搭边宽度,5.0,,False,4.98,5.076582712181513,0.0965827121815126,True
A2HT2409132-10,D2G09001172016,钢铝带搭边宽度,3.1,,True,3.14,3.152737920779288,0.012737920779287926,True
A2HT24101413-10,D2G10000762006,钢铝带搭边宽度,5.0,,True,5.48,5.523714489163777,0.043714489163776626,True
A2HT24090410-10,D2G09000123015,钢铝带搭边宽度,5.1,,False,5.0,5.031939551780023,0.031939551780022946,False
A2HT24101115-10,D2G10000262045,钢铝带搭边宽度,2.9,,True,3.12,3.0702203072417493,0.04977969275825078,True
A2HT2409131-10,D2G09001171088,钢铝带搭边宽度,2.9,,True,3.12,3.106057703338485,0.01394229666151503,True
A2HT24092015-10,D1G09001443177,钢铝带搭边宽度,2.9,,True,3.08,3.088840814706094,0.00884081470609388,True
A2HT2409132-10,D2G09001172014,钢铝带搭边宽度,3.1,,True,3.2,3.152737920779288,0.04726207922071213,True
A2HT24091917-10,D2G09001441002,钢铝带搭边宽度,3.4,,True,3.65,3.5769950969169693,0.07300490308303065,True
A2HT24092911-10,D6G09000864005,钢铝带搭边宽度,4.0,,True,4.0,4.114862436026197,0.11486243602619695,True
A2HT24092320-10,D0G09001761002,钢铝带搭边宽度,5.0,,True,5.2,5.210965466804004,0.01096546680400401,True
A2HT24082928-10,D2G08002261001,钢铝带搭边宽度,5.0,,True,6.42,6.046219482022605,0.3737805179773952,True
A2HT2410123-10,D2G10000401027,钢铝带搭边宽度,5.1,,True,5.15,5.098165937282279,0.051834062717721174,False
A2HT2409194-10,D2G09000991002,钢铝带搭边宽度,1.6,,True,1.72,1.7258779177390404,0.00587791773904045,True
A2HT24092061-10,D9G09000511001,钢铝带搭边宽度,5.0,,True,6.8,5.759834072226037,1.0401659277739626,True
A2HT2409131-10,D2G09001171080,钢铝带搭边宽度,2.9,,True,3.12,3.106057703338485,0.01394229666151503,True
A2HT2410123-10,D2G10000401052,钢铝带搭边宽度,5.1,,False,5.0,5.098165937282279,0.09816593728227918,False
A2HT24083074-10,D1G08002551003,钢铝带搭边宽度,3.4,,True,3.62,3.6576896637049585,0.03768966370495841,True
A2HT24083066-10,D2G08002426008,钢铝带搭边宽度,3.1,,True,3.15,3.131907051727773,0.01809294827222674,True
A2HT24092322-10,D0G09001762018,钢铝带搭边宽度,5.0,,False,3.1,3.101294936184366,0.0012949361843657137,False
A2HT2409255-10,D1Z24090017074,钢铝带搭边宽度,5.0,,True,5.3,5.826527683857821,0.5265276838578208,True
A2HT24091935-10,D1G09001443004,钢铝带搭边宽度,2.9,,True,3.12,3.084653717903025,0.03534628209697521,True
A2HT2409123-10,D1G09001041055,钢铝带搭边宽度,4.3,,True,5.15,4.69838416403742,0.45161583596258037,True
A2HT24092615-10,D1G09002081011,钢铝带搭边宽度,2.9,,True,3.06,3.08004368918245,0.02004368918245003,True
A2HT2409267-10,D1Z24090017087,钢铝带搭边宽度,5.0,,True,5.95,5.7888767624139295,0.16112323758607072,True
A2HT24083025-10,D1G08002339009,钢铝带搭边宽度,5.0,,True,5.1,5.190508957910498,0.09050895791049829,True
A2HT2409194-10,D2G09000991004,钢铝带搭边宽度,1.6,,True,1.76,1.7258779177390404,0.034122082260959585,True
A2HT2409131-10,D2G09001171020,钢铝带搭边宽度,2.9,,True,3.02,3.106057703338485,0.08605770333848506,True
A2HT24092015-10,D1G09001443145,钢铝带搭边宽度,2.9,,True,3.11,3.088840814706094,0.021159185293905924,True
A2FX2410084-10,D1G0900208108801,钢铝带搭边宽度,2.9,,True,3.06,4.322115533742873,1.262115533742873,True
A2HT24092061-10,D9G09000511002,钢铝带搭边宽度,5.0,,True,6.25,5.759834072226037,0.49016592777396273,True
A2HT24082925-10,D1G080033008,钢铝带搭边宽度,4.3,,True,4.65,4.596458637450521,0.05354136254947939,True
A2HT24100911-10,D2G10000051026,钢铝带搭边宽度,3.1,,True,5.12,3.1313218927519917,1.9886781072480084,True
A2HT24102313-10,D1G10001612031,钢铝带搭边宽度,2.9,,True,3.12,3.0796944392641827,0.04030556073581737,True
A2HT2410213-10,D1G10001121003,钢铝带搭边宽度,5.0,,True,5.7,5.836943573295442,0.13694357329544182,True
A2HT24093011-10,D2G09002233012,钢铝带搭边宽度,3.1,,True,3.15,3.1370771073552564,0.012922892644743555,True
A2HT24091935-10,D1G09001443117,钢铝带搭边宽度,2.9,,True,3.08,3.084653717903025,0.004653717903024823,True
A2HT24101218-10,D2G10000266009,钢铝带搭边宽度,2.8,,True,3.05,2.979438954112369,0.07056104588763068,True
A2HT24101611-10,D0G10000171002,钢铝带搭边宽度,5.0,,False,3.2,3.1086703697868368,0.09132963021316343,False
A2HT24082925-10,D1G080033006,钢铝带搭边宽度,4.3,,True,4.6,4.596458637450521,0.003541362549478677,True
A2HT24083016-10,D2G08002301003,钢铝带搭边宽度,5.0,,True,6.45,6.174014312966452,0.27598568703354776,True
A2HT24083022-10,D0G07002702121,钢铝带搭边宽度,3.5,,True,3.52,3.566161309229724,0.04616130922972417,True
A2HT24092015-10,D1G09001443134,钢铝带搭边宽度,2.9,,True,3.12,3.088840814706094,0.031159185293906155,True
A2HT24090410-10,D2G09000123001,钢铝带搭边宽度,5.1,,True,5.23,5.031939551780023,0.19806044821997748,False
A2HT24100616-10,D2G09002371020,钢铝带搭边宽度,5.0,,True,5.35,5.20634602619197,0.14365397380802936,True
A2HT24100910-10,D2G10000031002,钢铝带搭边宽度,4.9,,True,5.0,5.00410919161857,0.0041091916185695965,True
A2HT24101224-10,A2HT24101224100001,钢铝带搭边宽度,5.0,,False,0.0,1.7800817219871732,1.7800817219871732,False
A2HT24100611-10,D1G09002261010,钢铝带搭边宽度,5.0,,True,5.61,5.4629567817371925,0.14704321826280786,True
A2HT24092023-10,D6G09000868005,钢铝带搭边宽度,4.4,,True,4.4,4.483399122982055,0.08339912298205476,True
A2HT2410215-10,D2G10001301006,钢铝带搭边宽度,2.9,,True,3.02,3.04504153327543,0.025041533275429906,True
A2HT24082924-10,D1G080032015,钢铝带搭边宽度,3.5,,True,3.52,3.544398472355341,0.02439847235534076,True
A2HT2410123-10,D2G10000401022,钢铝带搭边宽度,5.1,,True,5.16,5.098165937282279,0.06183406271772096,False
A2HT2409191-10,D0G09000261002,钢铝带搭边宽度,4.6,,False,0.0,0.2579311507936508,0.2579311507936508,False
A2HT24102546-10,D1G10001612081,钢铝带搭边宽度,2.9,,True,3.12,3.1059805949286803,0.014019405071319824,True
A2HT24083034-10,D1G08002131048,钢铝带搭边宽度,5.0,,True,5.25,5.365838395739107,0.11583839573910737,True
A2HT2410142-10,D2G10000731001,钢铝带搭边宽度,4.9,,True,4.92,4.958363543169799,0.038363543169799286,True
A2HT2410167-10,D2G10000871010,钢铝带搭边宽度,3.1,,True,3.12,3.134234760681577,0.014234760681576919,True
A2HT24101827-10,D1G10001101018,钢铝带搭边宽度,4.3,,True,4.85,4.736638017165602,0.11336198283439725,True
A2HT24083067-10,D2G08002424032,钢铝带搭边宽度,2.9,,True,3.12,3.075036372978717,0.04496362702128298,True
A2HT2410168-10,D2G10000264003,钢铝带搭边宽度,1.6,,True,1.9,1.8021804247594784,0.09781957524052154,True
A2HT24083034-10,D1G08002131143,钢铝带搭边宽度,5.0,,True,5.21,5.365838395739107,0.1558383957391074,True
A2HT24091441-10,D2G09001261042,钢铝带搭边宽度,2.9,,True,3.12,3.0864268077737007,0.0335731922262994,True
A2HT2409306-10,D2G09002374002,钢铝带搭边宽度,4.2,,True,4.35,4.467488315251468,0.1174883152514683,True
A2HT24091441-10,D2G09001261055,钢铝带搭边宽度,2.9,,True,3.05,3.0864268077737007,0.03642680777370089,True
A2HT2410123-10,D2G10000401030,钢铝带搭边宽度,5.1,,False,5.0,5.098165937282279,0.09816593728227918,False
A2HT24102516-10,D1G10001714009,钢铝带搭边宽度,5.0,,True,5.21,5.359190534799762,0.14919053479976174,True
A2HT2410123-10,D2G10000401041,钢铝带搭边宽度,5.1,,True,5.13,5.098165937282279,0.03183406271772071,False
A2HT24102217-10,A2HT24102217100009,钢铝带搭边宽度,3.4,,True,3.56,3.5538133945711143,0.006186605428885716,True
A2HT24092615-10,D1G09002081040,钢铝带搭边宽度,2.9,,True,3.12,3.08004368918245,0.03995631081755002,True
A2HT24092828-10,D2G09002111013,钢铝带搭边宽度,2.9,,True,3.05,3.0907749974841825,0.04077499748418267,True
A2HT24092610-10,D1G09001954003,钢铝带搭边宽度,3.4,,True,3.61,4.008174239417988,0.39817423941798813,True
A2HT2409184-10,D2G09001262052,钢铝带搭边宽度,2.9,,True,3.05,3.083043755312088,0.03304375531208814,True
A2HT24100616-10,D2G09002371015,钢铝带搭边宽度,5.0,,True,5.33,5.20634602619197,0.12365397380802978,True
A2HT24101618-10,D2G10000871087,钢铝带搭边宽度,3.1,,True,3.14,3.134234760681577,0.005765239318423099,True
A2HT24091033-10,D2G09000721001,钢铝带搭边宽度,5.0,,True,5.1,5.080100615925682,0.019899384074317794,True
A2HT24101618-10,D2G10000871041,钢铝带搭边宽度,3.1,,True,3.15,3.134234760681577,0.015765239318422886,True
A2HT24101116-10,D2G10000263019,钢铝带搭边宽度,3.3,,True,3.48,3.693783320525402,0.21378332052540205,True
A2HT24102516-10,D1G10001714005,钢铝带搭边宽度,5.0,,True,5.32,5.359190534799762,0.03919053479976142,True
A2HT24082810-10,D1G080031008,钢铝带搭边宽度,3.2,,True,3.23,3.233407391107138,0.003407391107137947,True
A2HT24083022-10,D0G07002702133,钢铝带搭边宽度,3.5,,True,3.6,3.566161309229724,0.0338386907702759,True
A2HT24101115-10,D2G10000262025,钢铝带搭边宽度,2.9,,True,3.02,3.0702203072417493,0.05022030724174931,True
A2HT24101115-10,D2G10000262035,钢铝带搭边宽度,2.9,,True,3.12,3.0702203072417493,0.04977969275825078,True
A2HT24090919-10,D2G09000671007,钢铝带搭边宽度,5.0,,True,5.0,5.108359697356464,0.10835969735646422,True
A2HT2410123-10,D2G10000401008,钢铝带搭边宽度,5.1,,True,5.15,5.098165937282279,0.051834062717721174,False
A2HT24092853-10,D2G09002001132,钢铝带搭边宽度,2.9,,True,3.05,3.07627668193983,0.026276681939830127,True
A2HT24091935-10,D1G09001443024,钢铝带搭边宽度,2.9,,True,3.12,3.084653717903025,0.03534628209697521,True
A2HT24092521-10,D2G09002051044,钢铝带搭边宽度,2.9,,True,3.08,3.106328111608605,0.02632811160860493,True
A2HT2409249-10,D2G09001482041,钢铝带搭边宽度,2.9,,True,3.05,3.09213346418929,0.042133464189290315,True
A2HT24082924-10,D1G080032007,钢铝带搭边宽度,3.5,,True,3.61,3.544398472355341,0.0656015276446591,True
A2HT24100626-10,D2G09002373004,钢铝带搭边宽度,3.1,,True,3.15,3.1313218927519917,0.018678107248008224,True
A2HT24101117-10,D2G10000265008,钢铝带搭边宽度,3.1,,True,3.15,3.1254695487361506,0.02453045126384934,True
A2HT2409184-10,D2G09001262048,钢铝带搭边宽度,2.9,,True,3.02,3.083043755312088,0.06304375531208795,True
A2HT2409194-10,D2G09000991013,钢铝带搭边宽度,1.6,,True,1.71,1.7258779177390404,0.01587791773904046,True
A2HT24083022-10,D0G07002702142,钢铝带搭边宽度,3.5,,True,3.58,3.566161309229724,0.013838690770275885,True
A2HT24101245-10,D6G09002492003,钢铝带搭边宽度,5.0,,False,0.0,0.631981150793651,0.631981150793651,False
A2HT24091036-10,D2G09000762019,钢铝带搭边宽度,5.0,,False,4.5,4.737695583906833,0.23769558390683265,False
A2HT24101113-10,D0G10000211001,钢铝带搭边宽度,3.5,,True,3.5,3.614425071820244,0.1144250718202442,True
A2HT24101618-10,D2G10000871067,钢铝带搭边宽度,3.1,,True,3.15,3.134234760681577,0.015765239318422886,True
A2HT24101115-10,D2G10000262043,钢铝带搭边宽度,2.9,,True,3.12,3.0702203072417493,0.04977969275825078,True
A2HT24082624-10,D1G080022041,钢铝带搭边宽度,4.3,,True,4.62,4.623518102614972,0.0035181026149722072,True
A2HT24100911-10,D2G10000051035,钢铝带搭边宽度,3.1,,True,3.15,3.1313218927519917,0.018678107248008224,True
A2HT24102216-10,D0G10001471015,钢铝带搭边宽度,5.0,,True,5.21,5.3227666022344335,0.11276660223443358,True
A2HT2409196-10,D6G09000864004,钢铝带搭边宽度,4.0,,True,4.01,3.980988657407406,0.02901134259259397,False
A2HT24092324-10,D2G09001484039,钢铝带搭边宽度,3.1,,True,3.15,3.160188093537955,0.010188093537955023,True
A2HT24101618-10,D2G10000871088,钢铝带搭边宽度,3.1,,True,3.15,3.134234760681577,0.015765239318422886,True
A2HT2410167-10,D2G10000871036,钢铝带搭边宽度,3.1,,True,3.15,3.134234760681577,0.015765239318422886,True
A2HT24092615-10,D1G09002081109,钢铝带搭边宽度,2.9,,True,3.06,3.08004368918245,0.02004368918245003,True
A2HT2410168-10,D2G10000264006,钢铝带搭边宽度,1.6,,True,1.76,1.8021804247594784,0.04218042475947836,True
A2HT24101618-10,D2G10000871032,钢铝带搭边宽度,3.1,,True,3.12,3.134234760681577,0.014234760681576919,True
A2HT24083034-10,D1G08002131126,钢铝带搭边宽度,5.0,,True,5.22,5.365838395739107,0.14583839573910762,True
A2HT2410166-10,D2G10000262067,钢铝带搭边宽度,2.9,,True,3.12,3.096242410905241,0.023757589094759002,True
A2HT24090529-10,D2G09000271004,钢铝带搭边宽度,5.0,,True,5.85,5.9528513057818175,0.10285130578181789,True
A2HT24092015-10,D1G09001443191,钢铝带搭边宽度,2.9,,True,3.06,3.088840814706094,0.028840814706093898,True
A2HT24091121-10,D2G09000754006,钢铝带搭边宽度,5.0,,True,5.23,5.211821115061951,0.018178884938049755,True
A2HT24092615-10,D1G09002081009,钢铝带搭边宽度,2.9,,True,3.08,3.08004368918245,4.3689182450012964e-05,True
A2HT24082929-10,D2G08002422028,钢铝带搭边宽度,2.9,,True,3.12,3.035652825820979,0.08434717417902116,True
A2HT24102215-10,D2G10001504004,钢铝带搭边宽度,3.1,,True,3.12,3.1260406798001314,0.006040679800131343,True
A2HT24082925-10,D1G080033017,钢铝带搭边宽度,4.3,,True,4.8,4.596458637450521,0.20354136254947885,True
A2HT24100920-10,D2G09002421032,钢铝带搭边宽度,3.6,,True,3.65,3.6205465527299348,0.02945344727006516,True
A2HT24092015-10,D1G09001443151,钢铝带搭边宽度,2.9,,True,3.12,3.088840814706094,0.031159185293906155,True
A2HT24083067-10,D2G08002424061,钢铝带搭边宽度,2.9,,True,3.02,3.075036372978717,0.05503637297871711,True
A2HT2410123-10,D2G10000401018,钢铝带搭边宽度,5.1,,True,5.12,5.098165937282279,0.021834062717720926,False
A2HT2410091-10,D2G09002111051,钢铝带搭边宽度,2.9,,True,3.05,3.0944412984177565,0.04444129841775668,True
A2HT24092615-10,D1G09002081022,钢铝带搭边宽度,2.9,,True,3.06,3.08004368918245,0.02004368918245003,True
A2HT24083034-10,D1G08002131030,钢铝带搭边宽度,5.0,,True,5.36,5.365838395739107,0.0058383957391070496,True
A2HT24090628-10,D2G09000441002,钢铝带搭边宽度,3.3,,True,3.5,3.572701914853872,0.07270191485387212,True
A2HT24090918-10,D2G09000681007,钢铝带搭边宽度,5.0,,True,5.12,5.108359697356464,0.011640302643535883,True
A2HT24101410-10,D2G10000266037,钢铝带搭边宽度,2.8,,True,2.85,2.979438954112369,0.12943895411236905,True
A2HT2409184-10,D2G09001262070,钢铝带搭边宽度,2.9,,True,3.12,3.083043755312088,0.03695624468791214,True
A2HT24101838-10,D0G10000204001,钢铝带搭边宽度,5.0,,True,6.4,5.8631045770201995,0.5368954229798009,True
A2HT24083034-10,D1G08002131041,钢铝带搭边宽度,5.0,,True,5.28,5.365838395739107,0.08583839573910712,True
A2HT24092320-10,D0G09001761004,钢铝带搭边宽度,5.0,,True,5.33,5.210965466804004,0.11903453319599588,True
A2HT24100924-10,D1G09002502014,钢铝带搭边宽度,2.9,,True,3.06,3.0587273986875396,0.0012726013124604307,True
A2HT24092521-10,D2G09002051032,钢铝带搭边宽度,2.9,,True,3.11,3.106328111608605,0.003671888391394873,True
A2HT24102114-10,D2G10001342008,钢铝带搭边宽度,3.8,,True,4.5,4.3368694104030485,0.16313058959695148,True
A2FX2410251-10,D2G0900211102401,钢铝带搭边宽度,3.0,,True,3.1,3.612605306377292,0.5126053063772917,True
A2HT24082930-10,D2G08002424033,钢铝带搭边宽度,2.9,,True,3.12,3.0771879382336915,0.042812061766308585,True
A2HT2410227-10,D2G09000401016,钢铝带搭边宽度,5.0,,True,6.28,5.831152543376547,0.4488474566234535,True
A2HT24082313-10,D2G08001862010,钢铝带搭边宽度,5.1,,True,5.1,4.953926690117649,0.14607330988235034,False
A2HT2409194-10,D2G09000991010,钢铝带搭边宽度,1.6,,True,1.71,1.7258779177390404,0.01587791773904046,True
A2HT24091225-10,D2G09001171103,钢铝带搭边宽度,2.9,,True,3.02,3.0658958553161124,0.0458958553161124,True
A2HT2410215-10,D2G10001301011,钢铝带搭边宽度,2.9,,True,3.06,3.04504153327543,0.01495846672457013,True
A2HT24091036-10,D2G09000762034,钢铝带搭边宽度,5.0,,False,4.52,4.737695583906833,0.21769558390683308,False
A2HT24083021-10,D1G08002335002,钢铝带搭边宽度,4.3,,True,4.6,4.596458637450521,0.003541362549478677,True
A2HT24102114-10,D2G10001342001,钢铝带搭边宽度,3.8,,True,4.6,4.3368694104030485,0.2631305895969511,True
A2HT24083051-10,D1G08002484002,钢铝带搭边宽度,3.4,,True,3.6,3.6576896637049585,0.05768966370495843,True
A2HT24101827-10,D1G10001101035,钢铝带搭边宽度,4.3,,True,4.85,4.736638017165602,0.11336198283439725,True
A2HT24092615-10,D1G09002081045,钢铝带搭边宽度,2.9,,True,3.12,3.08004368918245,0.03995631081755002,True
A2HT24082624-10,D1G080022037,钢铝带搭边宽度,4.3,,True,4.65,4.623518102614972,0.02648189738502804,True
A2HT24082930-10,D2G08002424004,钢铝带搭边宽度,2.9,,True,3.12,3.0771879382336915,0.042812061766308585,True
A2HT24091935-10,D1G09001443037,钢铝带搭边宽度,2.9,,True,3.06,3.084653717903025,0.02465371790302484,True
A2HT24100920-10,D2G09002421029,钢铝带搭边宽度,3.6,,True,3.63,3.6205465527299348,0.00945344727006514,True
A2HT24101116-10,D2G10000263007,钢铝带搭边宽度,3.3,,True,3.68,3.693783320525402,0.013783320525401876,True
A2HT24092017-10,D1Z24090017048,钢铝带搭边宽度,5.0,,True,6.0,5.7888767624139295,0.21112323758607054,True
A2HT24083010-10,D1G08002337006,钢铝带搭边宽度,5.0,,True,5.35,5.309097538760401,0.04090246123959851,True
A2HT24100626-10,D2G09002373013,钢铝带搭边宽度,3.1,,True,3.15,3.1313218927519917,0.018678107248008224,True
A2HT24102313-10,D1G10001612020,钢铝带搭边宽度,2.9,,True,3.12,3.0796944392641827,0.04030556073581737,True
A2HT24092313-10,D1Z24090017054,钢铝带搭边宽度,5.0,,True,6.0,5.826527683857821,0.1734723161421794,True
A2HT24101115-10,D2G10000262026,钢铝带搭边宽度,2.9,,True,3.12,3.0702203072417493,0.04977969275825078,True
A2HT24091437-10,D2G09001282002,钢铝带搭边宽度,5.0,,True,5.5,5.590441238148659,0.09044123814865923,True
A2HT2409205-10,D1Z24090017028,钢铝带搭边宽度,5.0,,True,5.78,5.7888767624139295,0.008876762413929207,True
A2HT24101618-10,D2G10000871082,钢铝带搭边宽度,3.1,,True,3.14,3.134234760681577,0.005765239318423099,True
A2HT24092850-10,D2G09002001068,钢铝带搭边宽度,2.9,,True,3.12,3.0763198138398193,0.04368018616018077,True
A2HT2410217-10,D2G10001303003,钢铝带搭边宽度,3.1,,True,3.14,3.137277820470674,0.002722179529325963,True
A2HT2409287-10,D2G09002221005,钢铝带搭边宽度,4.9,,True,5.35,5.326499357818107,0.02350064218189285,True
A2HT24101116-10,D2G10000263023,钢铝带搭边宽度,3.3,,True,3.61,3.693783320525402,0.08378332052540216,True
A2HT24090423-10,D1G08002332002,钢铝带搭边宽度,3.4,,True,3.5,4.641686653739778,1.1416866537397778,True
A2HT24101115-10,D2G10000262055,钢铝带搭边宽度,2.9,,True,3.12,3.0702203072417493,0.04977969275825078,True
A2HT24092027-10,D2G09001101001,钢铝带搭边宽度,2.7,,True,3.35,3.4714544455544476,0.12145444555444751,True
A2HT24102313-10,D1G10001612027,钢铝带搭边宽度,2.9,,True,3.12,3.0796944392641827,0.04030556073581737,True
A2HT24090211-10,D2G08002581002,钢铝带搭边宽度,5.1,,True,6.22,6.121141534820058,0.09885846517994157,True
A2HT24090212-10,D1G08002554027,钢铝带搭边宽度,4.3,,True,4.53,4.64507114023721,0.11507114023720977,True
A2HT2409252-10,D2G09001362034,钢铝带搭边宽度,3.6,,True,3.6,3.5978590101632477,0.0021409898367523716,False
A2HT24090225-10,D2G08002521001,钢铝带搭边宽度,4.9,,True,5.0,4.975276524457017,0.024723475542982598,True
A2HT2410239-10,D2G09000401019,钢铝带搭边宽度,5.0,,True,5.1,5.831152543376547,0.7311525433765471,True
A2HT24082928-10,D2G08002261002,钢铝带搭边宽度,5.0,,True,6.4,6.046219482022605,0.3537805179773956,True
A2HT24092060-10,D2G09001483001,钢铝带搭边宽度,3.4,,True,4.2,4.137818676346799,0.06218132365320095,True
A2HT24090530-10,D0G09000281002,钢铝带搭边宽度,3.0,,True,3.11,2.9910920965608487,0.11890790343915114,False
A2HT24102316-10,D0Z24100011013,钢铝带搭边宽度,3.1,,True,3.15,3.131436422061849,0.018563577938151,True
A2HT24102516-10,D1G10001714003,钢铝带搭边宽度,5.0,,True,5.32,5.359190534799762,0.03919053479976142,True
A2HT24090212-10,D1G08002554064,钢铝带搭边宽度,4.3,,True,4.54,4.64507114023721,0.10507114023720998,True
A2HT24082313-10,D2G08001862026,钢铝带搭边宽度,5.1,,True,5.14,4.953926690117649,0.18607330988235038,False
A2HT24101218-10,D2G10000266016,钢铝带搭边宽度,2.8,,True,2.88,2.979438954112369,0.09943895411236925,True
A2HT24092521-10,D2G09002051047,钢铝带搭边宽度,2.9,,True,3.1,3.106328111608605,0.006328111608604914,True
A2HT24090423-10,D1G08002332001,钢铝带搭边宽度,3.4,,True,3.55,4.641686653739778,1.091686653739778,True
A2HT24090416-10,D6G08002411003,钢铝带搭边宽度,5.0,,True,5.12,5.072005273777151,0.04799472622284906,True
A2HT24092511-10,D1G09001955003,钢铝带搭边宽度,4.3,,True,4.53,4.5312085742302575,0.00120857423025722,True
A2HT24090225-10,D2G08002521010,钢铝带搭边宽度,4.9,,True,4.92,4.975276524457017,0.05527652445701747,True
A2HT24092015-10,D1G09001443163,钢铝带搭边宽度,2.9,,True,3.05,3.088840814706094,0.03884081470609413,True
A2HT24092828-10,D2G09002111007,钢铝带搭边宽度,2.9,,True,3.08,3.0907749974841825,0.010774997484182425,True
A2HT24092717-10,D2G09002001034,钢铝带搭边宽度,2.9,,True,3.08,3.0659571846953027,0.01404281530469742,True
A2HT24100911-10,D2G10000051031,钢铝带搭边宽度,3.1,,True,3.15,3.1313218927519917,0.018678107248008224,True
A2HT24082314-10,A2HT24082314100004,钢铝带搭边宽度,3.5,,True,3.52,3.5890463857901316,0.06904638579013156,True
A2HT24083022-10,D0G07002702126,钢铝带搭边宽度,3.5,,True,3.52,3.566161309229724,0.04616130922972417,True
A2HT24102313-10,D1G10001612007,钢铝带搭边宽度,2.9,,True,3.12,3.0796944392641827,0.04030556073581737,True
A2HT24090628-10,D2G09000441060,钢铝带搭边宽度,3.3,,True,3.56,3.572701914853872,0.012701914853872065,True
A2HT24082930-10,D2G08002424029,钢铝带搭边宽度,2.9,,True,3.11,3.0771879382336915,0.032812061766308354,True
A2HT24093011-10,D2G09002233014,钢铝带搭边宽度,3.1,,True,3.25,3.1370771073552564,0.11292289264474364,True
A2HT24083052-10,D1G08002483002,钢铝带搭边宽度,3.2,,True,3.25,3.2290758525350736,0.020924147464926435,True
A2HT24102423-10,A2HT24102423100002,钢铝带搭边宽度,4.1,,True,4.33,4.346923278754182,0.01692327875418176,True
A2HT24082924-10,D1G080032009,钢铝带搭边宽度,3.5,,True,3.61,3.544398472355341,0.0656015276446591,True
A2HT24091935-10,D1G09001443070,钢铝带搭边宽度,2.9,,True,3.12,3.084653717903025,0.03534628209697521,True
A2HT2409123-10,D1G09001041020,钢铝带搭边宽度,4.3,,True,4.65,4.69838416403742,0.04838416403741963,True
A2HT24092015-10,D1G09001443109,钢铝带搭边宽度,2.9,,True,3.05,3.088840814706094,0.03884081470609413,True
A2HT24090628-10,D2G09000441026,钢铝带搭边宽度,3.3,,True,3.56,3.572701914853872,0.012701914853872065,True
A2HT24092850-10,D2G09002001062,钢铝带搭边宽度,2.9,,True,3.12,3.0763198138398193,0.04368018616018077,True
A2HT2410051-10,D9G09000071001,钢铝带搭边宽度,5.0,,False,0.0,0.02761805555555556,0.02761805555555556,False
A2HT24101117-10,D2G10000265011,钢铝带搭边宽度,3.1,,True,3.12,3.1254695487361506,0.005469548736150465,True
A2HT24092615-10,D1G09002081058,钢铝带搭边宽度,2.9,,True,3.09,3.08004368918245,0.009956310817549774,True
A2HT24091036-10,D2G09000762009,钢铝带搭边宽度,5.0,,True,5.0,4.737695583906833,0.26230441609316735,False
A2HT24082625-10,D1G080023002,钢铝带搭边宽度,5.0,,True,6.12,5.999961156561435,0.1200388434385653,True
A2HT2409255-10,D1Z24090017076,钢铝带搭边宽度,5.0,,True,5.0,5.826527683857821,0.8265276838578206,True
A2HT24102316-10,D0Z24100011015,钢铝带搭边宽度,3.1,,True,3.12,3.131436422061849,0.011436422061848805,True
A2HT2410211-10,D6G10000711012,钢铝带搭边宽度,6.0,,True,6.14,6.059318654746024,0.08068134525397586,True
A2HT24090516-10,D2G09000092006,钢铝带搭边宽度,4.9,,True,5.0,4.967366082480976,0.032633917519024,True
A2HT24091036-10,D2G09000762024,钢铝带搭边宽度,5.0,,False,4.5,4.737695583906833,0.23769558390683265,False
A2HT24101618-10,D2G10000871046,钢铝带搭边宽度,3.1,,True,3.12,3.134234760681577,0.014234760681576919,True
A2HT24100911-10,D2G10000051030,钢铝带搭边宽度,3.1,,True,3.12,3.1313218927519917,0.01132189275199158,True
A2HT24101410-10,D2G10000266032,钢铝带搭边宽度,2.8,,True,2.85,2.979438954112369,0.12943895411236905,True
A2HT24102113-10,D2G10001322001,钢铝带搭边宽度,4.9,,True,5.0,5.068742852245057,0.06874285224505705,True
A2HT24091119-10,D2G09000752008,钢铝带搭边宽度,2.9,,True,3.05,3.0719710950360417,0.021971095036041888,True
A2HT24092853-10,D2G09002001143,钢铝带搭边宽度,2.9,,True,3.06,3.07627668193983,0.016276681939829896,True
A2HT24091121-10,D2G09000754013,钢铝带搭边宽度,5.0,,True,5.21,5.211821115061951,0.0018211150619507066,True
A2HT24092717-10,D2G09002001024,钢铝带搭边宽度,2.9,,True,3.06,3.0659571846953027,0.0059571846953025975,True
A2HT2410216-10,D2G10001302006,钢铝带搭边宽度,2.9,,True,3.12,3.0810454193954215,0.03895458060457857,True
A2HT24082313-10,D2G08001862015,钢铝带搭边宽度,5.1,,True,5.15,4.953926690117649,0.19607330988235105,False
A2HT24083034-10,D1G08002131020,钢铝带搭边宽度,5.0,,True,5.36,5.365838395739107,0.0058383957391070496,True
A2HT24100611-10,D1G09002261014,钢铝带搭边宽度,5.0,,True,5.56,5.4629567817371925,0.09704321826280715,True
A2HT24092828-10,D2G09002111010,钢铝带搭边宽度,2.9,,True,3.05,3.0907749974841825,0.04077499748418267,True
A2HT24101524-10,D9G09000865001,钢铝带搭边宽度,4.6,,True,5.8,5.150909200984202,0.6490907990157977,True
A2HT2409201-10,D1Z24090017003,钢铝带搭边宽度,5.0,,True,6.0,5.7888767624139295,0.21112323758607054,True
A2HT24092024-10,D6G0900086A003,钢铝带搭边宽度,5.0,,True,5.0,4.9333640136483865,0.0666359863516135,False
A2HT24100911-10,D2G10000051061,钢铝带搭边宽度,3.1,,True,3.12,3.1313218927519917,0.01132189275199158,True
A2HT24102312-10,D2G10001573001,钢铝带搭边宽度,5.1,,True,6.02,5.899072635318723,0.1209273646812763,True
A2HT24100632-10,D2G09002421015,钢铝带搭边宽度,3.6,,True,3.63,3.6205465527299348,0.00945344727006514,True
A2HT24101615-10,A2HT24101615100001,钢铝带搭边宽度,3.5,,True,3.63,3.6152254981671303,0.014774501832869547,True
A2HT24101618-10,D2G10000871084,钢铝带搭边宽度,3.1,,True,3.15,3.134234760681577,0.015765239318422886,True
A2HT24101410-10,D2G10000266028,钢铝带搭边宽度,2.8,,True,3.06,2.979438954112369,0.08056104588763091,True
A2HT24091441-10,D2G09001261059,钢铝带搭边宽度,2.9,,True,3.05,3.0864268077737007,0.03642680777370089,True
A2HT24082810-10,D1G080031026,钢铝带搭边宽度,3.2,,True,3.25,3.233407391107138,0.01659260889286207,True
A2HT2409306-10,D2G09002374009,钢铝带搭边宽度,4.2,,True,4.55,4.467488315251468,0.08251168474853188,True
A2HT24090212-10,D1G08002554073,钢铝带搭边宽度,4.3,,True,5.1,4.64507114023721,0.45492885976278963,True
A2HT24102544-10,D1G10001722012,钢铝带搭边宽度,5.0,,True,5.0,5.194669267511495,0.19466926751149494,True
A2HT24100915-10,D0G09000913002,钢铝带搭边宽度,3.2,,True,3.25,3.2171736972013787,0.03282630279862131,True
A2HT2410239-10,D2G09000401007,钢铝带搭边宽度,5.0,,True,5.68,5.831152543376547,0.15115254337654704,True
A2HT24092049-10,D2G09001464004,钢铝带搭边宽度,5.0,,True,5.95,5.477398726918363,0.47260127308163735,True
A2HT24082929-10,D2G08002422042,钢铝带搭边宽度,2.9,,True,3.05,3.035652825820979,0.014347174179020872,True
A2HT24101030-10,D6G10000081006,钢铝带搭边宽度,5.0,,True,5.4,5.2642340048840115,0.13576599511598886,True
A2HT24092410-10,D2G09001486001,钢铝带搭边宽度,5.0,,True,5.02,6.176003391169015,1.1560033911690155,True
A2HT24092015-10,D1G09001443188,钢铝带搭边宽度,2.9,,True,3.05,3.088840814706094,0.03884081470609413,True
A2HT24102429-10,D0G10000845012,钢铝带搭边宽度,3.1,,True,3.12,3.165561501024922,0.045561501024921736,True
A2HT24090212-10,D1G08002554055,钢铝带搭边宽度,4.3,,True,4.54,4.64507114023721,0.10507114023720998,True
A2HT24083023-10,D2G08002311003,钢铝带搭边宽度,5.0,,True,5.36,5.243543672250342,0.11645632774965797,True
A2HT2409045-10,D2G09000112011,钢铝带搭边宽度,5.0,,True,5.2,5.117939621191028,0.08206037880897199,True
A2HT24100625-10,D2G09002372014,钢铝带搭边宽度,2.9,,True,3.12,3.101561401340496,0.018438598659503924,True
A2HT24082311-10,D2G08001861035,钢铝带搭边宽度,5.1,,False,4.3,4.687670193890872,0.3876701938908722,False
A2HT24092853-10,D2G09002001135,钢铝带搭边宽度,2.9,,True,3.06,3.07627668193983,0.016276681939829896,True
A2HT24083034-10,D1G08002131147,钢铝带搭边宽度,5.0,,True,5.6,5.365838395739107,0.23416160426089228,True
A2HT24101216-10,D2G10000402044,钢铝带搭边宽度,5.0,,True,5.25,5.1473371304674655,0.10266286953253445,True
A2HT24100911-10,D2G10000051014,钢铝带搭边宽度,3.1,,True,3.12,3.1313218927519917,0.01132189275199158,True
A2HT24091441-10,D2G09001261092,钢铝带搭边宽度,2.9,,True,3.12,3.0864268077737007,0.0335731922262994,True
A2HT2408283-10,D2G08002161005,钢铝带搭边宽度,5.1,,True,5.45,5.744754673486487,0.2947546734864872,True
A2HT24100911-10,D2G10000051044,钢铝带搭边宽度,3.1,,True,3.15,3.1313218927519917,0.018678107248008224,True
A2HT24082929-10,D2G08002422023,钢铝带搭边宽度,2.9,,True,3.05,3.035652825820979,0.014347174179020872,True
A2HT24092322-10,D0G09001762022,钢铝带搭边宽度,5.0,,False,3.08,3.101294936184366,0.02129493618436573,False
A2HT24100416-10,D9G09000971002,钢铝带搭边宽度,5.0,,True,5.42,5.143300992063492,0.27669900793650815,True
A2HT24083034-10,D1G08002131083,钢铝带搭边宽度,5.0,,True,5.28,5.365838395739107,0.08583839573910712,True
A2HT24090633-10,D2G09000462001,钢铝带搭边宽度,5.0,,False,4.02,5.127641663626004,1.107641663626004,True
A2HT2410167-10,D2G10000871023,钢铝带搭边宽度,3.1,,True,3.15,3.134234760681577,0.015765239318422886,True
A2HT24082923-10,D1G08002333019,钢铝带搭边宽度,3.2,,True,3.22,3.233407391107138,0.013407391107137734,True
A2HT24090225-10,D2G08002521004,钢铝带搭边宽度,4.9,,True,5.0,4.975276524457017,0.024723475542982598,True
A2HT2410167-10,D2G10000871014,钢铝带搭边宽度,3.1,,True,3.14,3.134234760681577,0.005765239318423099,True
A2HT24083022-10,D0G07002702123,钢铝带搭边宽度,3.5,,True,3.52,3.566161309229724,0.04616130922972417,True
A2HT24092324-10,D2G09001484013,钢铝带搭边宽度,3.1,,True,3.12,3.160188093537955,0.04018809353795483,True
A2HT24092615-10,D1G09002081113,钢铝带搭边宽度,2.9,,True,3.06,3.08004368918245,0.02004368918245003,True
A2HT24090411-10,A2HT24090411100005,钢铝带搭边宽度,3.5,,True,3.65,3.8380419147291334,0.18804191472913345,True
A2HT24091935-10,D1G09001443054,钢铝带搭边宽度,2.9,,True,3.08,3.084653717903025,0.004653717903024823,True
A2HT24092041-10,D0G09000342004,钢铝带搭边宽度,1.7,,True,1.86,2.2679655874796514,0.4079655874796513,True
A2HT24091935-10,D1G09001443062,钢铝带搭边宽度,2.9,,True,3.12,3.084653717903025,0.03534628209697521,True
A2HT24090628-10,D2G09000441032,钢铝带搭边宽度,3.3,,True,3.56,3.572701914853872,0.012701914853872065,True
A2HT2410215-10,D2G10001301012,钢铝带搭边宽度,2.9,,True,3.02,3.04504153327543,0.025041533275429906,True
A2HT24101115-10,D2G10000262041,钢铝带搭边宽度,2.9,,True,3.12,3.0702203072417493,0.04977969275825078,True
A2HT24091119-10,D2G09000752029,钢铝带搭边宽度,2.9,,True,3.12,3.0719710950360417,0.048028904963958396,True
A2HT24092853-10,D2G09002001108,钢铝带搭边宽度,2.9,,True,3.12,3.07627668193983,0.04372331806017016,True
A2HT24092511-10,D1G09001955018,钢铝带搭边宽度,4.3,,True,4.53,4.5312085742302575,0.00120857423025722,True
A2HT24090212-10,D1G08002554005,钢铝带搭边宽度,4.3,,True,4.9,4.64507114023721,0.25492885976279034,True
A2HT2409194-10,D2G09000991003,钢铝带搭边宽度,1.6,,True,1.73,1.7258779177390404,0.004122082260959559,True
A2HT24101717-10,D2G10000264058,钢铝带搭边宽度,1.6,,True,1.75,1.7578898153560332,0.00788981535603317,True
A2HT24100820-10,D9G09000881001,钢铝带搭边宽度,5.0,,False,3.0,3.0962194659954347,0.09621946599543474,False
A2HT24101618-10,D2G10000871100,钢铝带搭边宽度,3.1,,True,3.15,3.134234760681577,0.015765239318422886,True
A2HT24092015-10,D1G09001443190,钢铝带搭边宽度,2.9,,True,3.08,3.088840814706094,0.00884081470609388,True
A2HT24092313-10,D1Z24090017063,钢铝带搭边宽度,5.0,,True,6.1,5.826527683857821,0.27347231614217904,True
A2HT24101828-10,D1G10001111006,钢铝带搭边宽度,5.0,,True,5.4,5.278908638647534,0.12109136135246601,True
A2HT24083022-10,D0G07002702102,钢铝带搭边宽度,3.5,,True,3.51,3.566161309229724,0.0561613092297244,True
A2HT24091413-10,D2G09001261028,钢铝带搭边宽度,2.9,,True,3.05,3.065388643535705,0.015388643535705349,True
A2HT24092850-10,D2G09002001074,钢铝带搭边宽度,2.9,,True,3.08,3.0763198138398193,0.0036801861601807317,True
A2HT2410148-10,D9G10000341002,钢铝带搭边宽度,3.0,,True,3.55,3.204610234932667,0.345389765067333,True
A2HT24100912-10,D2G10000054015,钢铝带搭边宽度,5.0,,True,5.25,5.1571101316545755,0.09288986834542445,True
A2HT24092014-10,A2HT24092014100007,钢铝带搭边宽度,3.3,,True,3.6,3.5490110953881744,0.0509889046118257,True
A2HT24091410-10,D0G09001321004,钢铝带搭边宽度,5.0,,False,3.02,3.0013671662215744,0.018632833778425617,False
A2HT24090212-10,D1G08002554046,钢铝带搭边宽度,4.3,,True,4.53,4.64507114023721,0.11507114023720977,True
A2HT24092828-10,D2G09002111020,钢铝带搭边宽度,2.9,,True,3.06,3.0907749974841825,0.030774997484182443,True
A2HT24083067-10,D2G08002424067,钢铝带搭边宽度,2.9,,True,3.05,3.075036372978717,0.025036372978717303,True
A2HT24083034-10,D1G08002131120,钢铝带搭边宽度,5.0,,True,5.4,5.365838395739107,0.034161604260892986,True
A2HT24091120-10,D2G09000758016,钢铝带搭边宽度,5.0,,False,4.95,5.076582712181513,0.12658271218151285,True
A2HT24100924-10,D1G09002502016,钢铝带搭边宽度,2.9,,True,3.2,3.0587273986875396,0.14127260131246056,True
A2HT24083066-10,D2G08002426012,钢铝带搭边宽度,3.1,,True,3.12,3.131907051727773,0.011907051727773066,True
A2HT24100912-10,D2G10000054004,钢铝带搭边宽度,5.0,,True,5.05,5.1571101316545755,0.10711013165457572,True
A2HT24101117-10,D2G10000265005,钢铝带搭边宽度,3.1,,True,3.12,3.1254695487361506,0.005469548736150465,True
A2HT24101722-10,D9G10000362003,钢铝带搭边宽度,3.6,,True,3.75,3.7216205387418335,0.028379461258166483,True
A2HT24100625-10,D2G09002372037,钢铝带搭边宽度,2.9,,True,3.06,3.101561401340496,0.04156140134049613,True
A2HT24092038-10,D0G09001552004,钢铝带搭边宽度,4.5,,True,4.5,4.395396735209235,0.10460326479076532,False
A2HT24082929-10,D2G08002422027,钢铝带搭边宽度,2.9,,True,3.12,3.035652825820979,0.08434717417902116,True
A2HT2409201-10,D1Z24090017005,钢铝带搭边宽度,5.0,,True,5.95,5.7888767624139295,0.16112323758607072,True
A2HT24092828-10,D2G09002111030,钢铝带搭边宽度,2.9,,True,3.12,3.0907749974841825,0.02922500251581761,True
A2HT24090212-10,D1G08002554013,钢铝带搭边宽度,4.3,,True,4.72,4.64507114023721,0.07492885976278973,True
A2HT2409196-10,D6G09000864001,钢铝带搭边宽度,4.0,,True,4.0,3.980988657407406,0.019011342592594183,False
A2HT24102216-10,D0G10001471013,钢铝带搭边宽度,5.0,,True,5.3,5.3227666022344335,0.02276660223443372,True
A2HT24091442-10,DACG090031001,钢铝带搭边宽度,5.0,,True,5.0,5.135139790463716,0.13513979046371638,True
A2HT24101811-10,D9G10000471001,钢铝带搭边宽度,5.0,,False,0.0,0.0,0.0,False
A2HT24101413-10,D2G10000762005,钢铝带搭边宽度,5.0,,True,5.75,5.523714489163777,0.22628551083622295,True
A2HT24092041-10,D0G09000342002,钢铝带搭边宽度,1.7,,True,1.87,2.2679655874796514,0.3979655874796513,True
A2HT24100920-10,D2G09002421024,钢铝带搭边宽度,3.6,,True,3.63,3.6205465527299348,0.00945344727006514,True
A2HT24091441-10,D2G09001261093,钢铝带搭边宽度,2.9,,True,3.12,3.0864268077737007,0.0335731922262994,True
A2HT2410146-10,D2G09002001171,钢铝带搭边宽度,2.9,,True,3.0,3.066532611509851,0.06653261150985079,True
A2HT24100911-10,D2G10000051024,钢铝带搭边宽度,3.1,,True,3.12,3.1313218927519917,0.01132189275199158,True
A2HT2409108-10,D2G09000661001,钢铝带搭边宽度,5.0,,True,6.2,4.882842294973546,1.317157705026454,False
A2HT24091030-10,D2G09000722002,钢铝带搭边宽度,3.3,,True,3.54,3.572701914853872,0.03270191485387208,True
A2HT24092712-10,D0G09000642001,钢铝带搭边宽度,5.0,,True,5.3,5.356398366885729,0.05639836688572952,True
A2HT24091037-10,DHHA2405001390004,钢铝带搭边宽度,2.6,,True,2.89,3.1014860758550475,0.21148607585504742,True
A2HT24100618-10,D0G09002512002,钢铝带搭边宽度,5.0,,False,3.02,3.587322518603401,0.567322518603401,False
A2HT24091225-10,D2G09001171049,钢铝带搭边宽度,2.9,,True,3.12,3.0658958553161124,0.05410414468388769,True
A2HT24101115-10,D2G10000262061,钢铝带搭边宽度,2.9,,True,3.02,3.0702203072417493,0.05022030724174931,True
A2HT24100611-10,D1G09002261008,钢铝带搭边宽度,5.0,,True,5.45,5.4629567817371925,0.01295678173719228,True
A2HT24082928-10,D2G08002261005,钢铝带搭边宽度,5.0,,True,6.25,6.046219482022605,0.20378051797739527,True
A2HT24091935-10,D1G09001443061,钢铝带搭边宽度,2.9,,True,3.12,3.084653717903025,0.03534628209697521,True
A2HT24091935-10,D1G09001443098,钢铝带搭边宽度,2.9,,True,3.05,3.084653717903025,0.03465371790302507,True
A2HT24082929-10,D2G08002422044,钢铝带搭边宽度,2.9,,True,3.0,3.035652825820979,0.03565282582097895,True
A2HT24091414-10,D2G09001262019,钢铝带搭边宽度,2.9,,True,3.14,3.083043755312088,0.05695624468791216,True
A2HT24100911-10,D2G10000051025,钢铝带搭边宽度,3.1,,True,3.15,3.1313218927519917,0.018678107248008224,True
A2HT2409048-10,D2G09000122003,钢铝带搭边宽度,5.0,,True,5.1,5.1068914368209395,0.006891436820939845,True
A2FX2410248-10,D1G0900195600201,钢铝带搭边宽度,4.3,,True,6.0,5.575061905484131,0.42493809451586895,True
A2HT24092615-10,D1G09002081158,钢铝带搭边宽度,2.9,,True,3.12,3.08004368918245,0.03995631081755002,True
A2HT24102516-10,D1G10001714019,钢铝带搭边宽度,5.0,,True,5.68,5.359190534799762,0.320809465200238,True
A2HT24091120-10,D2G09000758007,钢铝带搭边宽度,5.0,,True,5.12,5.076582712181513,0.04341728781848708,True
A2HT24100911-10,D2G10000051053,钢铝带搭边宽度,3.1,,True,3.12,3.1313218927519917,0.01132189275199158,True
A2HT24092615-10,D1G09002081075,钢铝带搭边宽度,2.9,,True,3.06,3.08004368918245,0.02004368918245003,True
A2HT24091413-10,D2G09001261010,钢铝带搭边宽度,2.9,,True,3.05,3.065388643535705,0.015388643535705349,True
A2HT24092038-10,D0G09001552002,钢铝带搭边宽度,4.5,,True,4.5,4.395396735209235,0.10460326479076532,False
A2HT24091225-10,D2G09001171098,钢铝带搭边宽度,2.9,,True,3.0,3.0658958553161124,0.06589585531611242,True
A2HT24090628-10,D2G09000441062,钢铝带搭边宽度,3.3,,True,3.56,3.572701914853872,0.012701914853872065,True
A2HT24090425-10,D1G08002482002,钢铝带搭边宽度,3.4,,True,3.68,4.228002562830686,0.5480025628306859,True
A2HT24100616-10,D2G09002371012,钢铝带搭边宽度,5.0,,True,5.3,5.20634602619197,0.09365397380802953,True
A2HT24092419-10,D2G09001441006,钢铝带搭边宽度,3.4,,True,4.1,3.9983604712417233,0.10163952875827631,True
A2HT2409193-10,A2HT2409193100001,钢铝带搭边宽度,4.6,,False,3.15,4.071185758801382,0.9211857588013816,False
A2HT24092029-10,D0G09001541001,钢铝带搭边宽度,5.0,,False,3.05,3.0669598999777627,0.016959899977762927,False
A2HT24101115-10,D2G10000262034,钢铝带搭边宽度,2.9,,True,3.12,3.0702203072417493,0.04977969275825078,True
A2HT24083034-10,D1G08002131087,钢铝带搭边宽度,5.0,,True,5.3,5.365838395739107,0.06583839573910755,True
A2HT24092049-10,D2G09001464003,钢铝带搭边宽度,5.0,,True,5.35,5.477398726918363,0.12739872691836318,True
A2HT24083075-10,D1G08002553002,钢铝带搭边宽度,4.5,,True,5.61,5.687942791236537,0.07794279123653691,True
A2HT24102546-10,D1G10001612074,钢铝带搭边宽度,2.9,,True,3.12,3.1059805949286803,0.014019405071319824,True
A2FX2410247-10,D1G0800255100101,钢铝带搭边宽度,3.2,,True,3.8,3.695928196072063,0.10407180392793691,True
A2HT24083034-10,D1G08002131100,钢铝带搭边宽度,5.0,,True,5.4,5.365838395739107,0.034161604260892986,True
A2HT24100911-10,D2G10000051001,钢铝带搭边宽度,3.1,,True,3.12,3.1313218927519917,0.01132189275199158,True
A2HT24100616-10,D2G09002371029,钢铝带搭边宽度,5.0,,True,5.1,5.20634602619197,0.10634602619197064,True
A2HT24100823-10,D0G09002381002,钢铝带搭边宽度,4.5,,True,5.0,4.499101298701301,0.5008987012986994,False
A2HT24090221-10,D0G08002031040,钢铝带搭边宽度,5.0,,True,6.1,5.7957900558271325,0.3042099441728672,True
A2HT2409132-10,D2G09001172031,钢铝带搭边宽度,3.1,,True,3.16,3.152737920779288,0.007262079220712092,True
A2HT24092321-10,A2HT24092321100001,钢铝带搭边宽度,3.4,,True,3.5,3.640180087736336,0.14018008773633595,True
A2FX2409104-10,D9G0800126100201,钢铝带搭边宽度,5.0,,False,0.0,2.4192520697584947,2.4192520697584947,False
A2HT24091225-10,D2G09001171035,钢铝带搭边宽度,2.9,,True,3.02,3.0658958553161124,0.0458958553161124,True
A2HT24092615-10,D1G09002081097,钢铝带搭边宽度,2.9,,True,3.08,3.08004368918245,4.3689182450012964e-05,True
A2HT24091119-10,D2G09000752039,钢铝带搭边宽度,2.9,,True,3.05,3.0719710950360417,0.021971095036041888,True
A2HT2409027-10,D1G08002552027,钢铝带搭边宽度,3.2,,True,3.25,3.232876905426291,0.017123094573709086,True
A2HT2410149-10,D6G10000341005,钢铝带搭边宽度,5.0,,False,3.41,3.7163783142307043,0.30637831423070416,False
A2HT24092510-10,D1G09001953019,钢铝带搭边宽度,3.2,,True,3.22,3.234263384466441,0.014263384466440598,True
A2HT24091413-10,D2G09001261030,钢铝带搭边宽度,2.9,,True,3.06,3.065388643535705,0.005388643535705118,True
A2HT24091814-10,D0D06000091009,钢铝带搭边宽度,5.0,,True,5.25,4.880748568492339,0.36925143150766093,False
A2HT24091413-10,D2G09001261039,钢铝带搭边宽度,2.9,,True,3.12,3.065388643535705,0.054611356464294936,True
A2HT24100616-10,D2G09002371018,钢铝带搭边宽度,5.0,,True,5.35,5.20634602619197,0.14365397380802936,True
A2HT24083022-10,D0G07002702128,钢铝带搭边宽度,3.5,,True,3.6,3.566161309229724,0.0338386907702759,True
A2HT24091119-10,D2G09000752021,钢铝带搭边宽度,2.9,,True,3.12,3.0719710950360417,0.048028904963958396,True
A2HT24083021-10,D1G08002335009,钢铝带搭边宽度,4.3,,True,4.6,4.596458637450521,0.003541362549478677,True
A2HT2409267-10,D1Z24090017091,钢铝带搭边宽度,5.0,,True,5.42,5.7888767624139295,0.3688767624139295,True
A2HT24092615-10,D1G09002081069,钢铝带搭边宽度,2.9,,True,3.12,3.08004368918245,0.03995631081755002,True
A2HT24091128-10,D2G09000755002,钢铝带搭边宽度,5.0,,True,8.0,6.535244606864429,1.4647553931355706,True
A2HT24102511-10,D2G10001531009,钢铝带搭边宽度,3.6,,True,3.62,3.6098602578353662,0.01013974216463387,True
A2HT24090212-10,D1G08002554086,钢铝带搭边宽度,4.3,,True,4.53,4.64507114023721,0.11507114023720977,True
A2HT24091119-10,D2G09000752046,钢铝带搭边宽度,2.9,,True,3.02,3.0719710950360417,0.05197109503604169,True
A2HT2410168-10,D2G10000264019,钢铝带搭边宽度,1.6,,True,1.78,1.8021804247594784,0.022180424759478345,True
A2HT24082924-10,D1G080032017,钢铝带搭边宽度,3.5,,True,3.52,3.544398472355341,0.02439847235534076,True
A2HT24100924-10,D1G09002502022,钢铝带搭边宽度,2.9,,True,3.12,3.0587273986875396,0.061272601312460484,True
A2HT24101727-10,D2G10000941002,钢铝带搭边宽度,5.0,,True,6.6,5.9829938396672775,0.6170061603327222,True
A2HT24083034-10,D1G08002131055,钢铝带搭边宽度,5.0,,True,5.4,5.365838395739107,0.034161604260892986,True
A2HT24101828-10,D1G10001111012,钢铝带搭边宽度,5.0,,True,5.15,5.278908638647534,0.128908638647534,True
A2HT2410211-10,D6G10000711015,钢铝带搭边宽度,6.0,,True,6.14,6.059318654746024,0.08068134525397586,True
A2HT24102115-10,D2G10001321001,钢铝带搭边宽度,4.9,,True,5.0,6.045081152857095,1.0450811528570947,True
A2HT24090212-10,D1G08002554040,钢铝带搭边宽度,4.3,,True,4.53,4.64507114023721,0.11507114023720977,True
A2HT2410213-10,D1G10001121002,钢铝带搭边宽度,5.0,,True,5.75,5.836943573295442,0.086943573295442,True
A2HT2409107-10,D2G09000512001,钢铝带搭边宽度,5.1,,True,6.0,6.121141534820058,0.12114153482005818,True
A2HT24091413-10,D2G09001261008,钢铝带搭边宽度,2.9,,True,3.05,3.065388643535705,0.015388643535705349,True
A2HT24083056-10,D2G08002464001,钢铝带搭边宽度,5.0,,True,6.7,6.174014312966452,0.5259856870335478,True
A2HT24083066-10,D2G08002426005,钢铝带搭边宽度,3.1,,True,3.12,3.131907051727773,0.011907051727773066,True
A2HT24083057-10,D2G08002462001,钢铝带搭边宽度,5.0,,True,5.7,6.219734992205416,0.5197349922054162,True
A2HT2409267-10,D1Z24090017095,钢铝带搭边宽度,5.0,,True,6.0,5.7888767624139295,0.21112323758607054,True
A2HT24083034-10,D1G08002131024,钢铝带搭边宽度,5.0,,True,5.31,5.365838395739107,0.05583839573910776,True
A2HT24100616-10,D2G09002371011,钢铝带搭边宽度,5.0,,True,5.31,5.20634602619197,0.10365397380802932,True
A2HT24092510-10,D1G09001953009,钢铝带搭边宽度,3.2,,True,3.26,3.234263384466441,0.025736615533558993,True
A2HT24092015-10,D1G09001443157,钢铝带搭边宽度,2.9,,True,3.08,3.088840814706094,0.00884081470609388,True
A2HT24083010-10,D1G08002337001,钢铝带搭边宽度,5.0,,True,6.2,5.309097538760401,0.890902461239599,True
A2HT24090628-10,D2G09000441015,钢铝带搭边宽度,3.3,,True,3.35,3.572701914853872,0.22270191485387203,True
A2HT2410168-10,D2G10000264025,钢铝带搭边宽度,1.6,,True,1.78,1.8021804247594784,0.022180424759478345,True
A2HT24090432-10,D9G09000051001,钢铝带搭边宽度,5.0,,True,5.45,5.494956971327281,0.044956971327280826,True
A2HT24100625-10,D2G09002372038,钢铝带搭边宽度,2.9,,True,3.05,3.101561401340496,0.05156140134049636,True
A2HT24092062-10,D9G09000512001,钢铝带搭边宽度,5.0,,True,6.15,5.759834072226037,0.3901659277739631,True
A2HT2409027-10,D1G08002552014,钢铝带搭边宽度,3.2,,True,3.23,3.232876905426291,0.002876905426290932,True
A2HT24090347-10,D9G09000032001,钢铝带搭边宽度,5.0,,True,5.47,5.494956971327281,0.024956971327281252,True
A2HT24100629-10,D2G09002561002,钢铝带搭边宽度,5.0,,True,6.0,6.091745192231965,0.09174519223196498,True
A2HT2409109-10,D2G09000662001,钢铝带搭边宽度,5.1,,True,6.33,5.94511247895623,0.3848875210437699,True
A2HT24082929-10,D2G08002422045,钢铝带搭边宽度,2.9,,True,3.02,3.035652825820979,0.015652825820978933,True
A2HT24092521-10,D2G09002051013,钢铝带搭边宽度,2.9,,True,3.12,3.106328111608605,0.013671888391395104,True
A2HT24082625-10,D1G080023001,钢铝带搭边宽度,5.0,,True,6.2,5.999961156561435,0.20003884343856537,True
A2HT2409252-10,D2G09001362031,钢铝带搭边宽度,3.6,,True,3.6,3.5978590101632477,0.0021409898367523716,False
A2HT2409257-10,D1G09001951013,钢铝带搭边宽度,2.9,,True,3.06,3.072743936296859,0.012743936296859104,True
A2HT24101115-10,D2G10000262023,钢铝带搭边宽度,2.9,,True,3.02,3.0702203072417493,0.05022030724174931,True
A2HT24082313-10,D2G08001862005,钢铝带搭边宽度,5.1,,False,4.35,4.953926690117649,0.6039266901176497,False
A2HT24082311-10,D2G08001861011,钢铝带搭边宽度,5.1,,True,5.1,4.687670193890872,0.4123298061091276,False
A2HT24101618-10,D2G10000871027,钢铝带搭边宽度,3.1,,True,3.15,3.134234760681577,0.015765239318422886,True
A2HT2410142-10,D2G10000731003,钢铝带搭边宽度,4.9,,True,4.95,4.958363543169799,0.008363543169799037,True
A2HT24101416-10,D2G10000791002,钢铝带搭边宽度,5.0,,True,5.46,4.949179824067779,0.5108201759322206,False
A2HT24092615-10,D1G09002081063,钢铝带搭边宽度,2.9,,True,3.06,3.08004368918245,0.02004368918245003,True
A2HT24092060-10,D2G09001483002,钢铝带搭边宽度,3.4,,True,4.15,4.137818676346799,0.012181323653201126,True
A2HT2409184-10,D2G09001262103,钢铝带搭边宽度,2.9,,True,3.05,3.083043755312088,0.03304375531208814,True
A2HT24091225-10,D2G09001171013,钢铝带搭边宽度,2.9,,True,3.02,3.0658958553161124,0.0458958553161124,True
A2HT24091119-10,D2G09000752033,钢铝带搭边宽度,2.9,,True,3.12,3.0719710950360417,0.048028904963958396,True
A2HT24090225-10,D2G08002521012,钢铝带搭边宽度,4.9,,True,4.95,4.975276524457017,0.025276524457017224,True
A2HT2409195-10,D6G09000862002,钢铝带搭边宽度,4.0,,True,4.0,3.943754216269843,0.05624578373015687,False
A2HT24091918-10,D2G09001351006,钢铝带搭边宽度,5.0,,True,5.0,5.214841564033083,0.2148415640330832,True
A2HT24091413-10,D2G09001261031,钢铝带搭边宽度,2.9,,True,3.12,3.065388643535705,0.054611356464294936,True
A2HT24102511-10,D2G10001531010,钢铝带搭边宽度,3.6,,True,3.62,3.6098602578353662,0.01013974216463387,True
A2HT24101619-10,D9G10000381001,钢铝带搭边宽度,1.7,,True,2.51,2.5735646935181538,0.06356469351815397,True
A2HT24092047-10,D2G09001462001,钢铝带搭边宽度,5.0,,False,4.42,4.49674409421597,0.07674409421596984,False
A2HT2410158-10,D2G10000266031,钢铝带搭边宽度,2.8,,True,3.08,2.979438954112369,0.10056104588763093,True
A2HT24083067-10,D2G08002424060,钢铝带搭边宽度,2.9,,True,3.0,3.075036372978717,0.07503637297871713,True
A2HT24091414-10,D2G09001262025,钢铝带搭边宽度,2.9,,True,3.12,3.083043755312088,0.03695624468791214,True
A2HT24091441-10,D2G09001261045,钢铝带搭边宽度,2.9,,True,3.0,3.0864268077737007,0.08642680777370071,True
A2HT24101827-10,D1G10001101060,钢铝带搭边宽度,4.3,,True,4.85,4.736638017165602,0.11336198283439725,True
A2HT24100924-10,D1G09002502041,钢铝带搭边宽度,2.9,,True,3.12,3.0587273986875396,0.061272601312460484,True
A2HT24101216-10,D2G10000402009,钢铝带搭边宽度,5.0,,True,5.14,5.1473371304674655,0.007337130467465869,True
A2HT2409184-10,D2G09001262066,钢铝带搭边宽度,2.9,,True,3.12,3.083043755312088,0.03695624468791214,True
A2HT24101618-10,D2G10000871057,钢铝带搭边宽度,3.1,,True,3.12,3.134234760681577,0.014234760681576919,True
A2HT24083067-10,D2G08002424062,钢铝带搭边宽度,2.9,,True,3.0,3.075036372978717,0.07503637297871713,True
A2HT24092410-10,D2G09001486004,钢铝带搭边宽度,5.0,,True,5.02,6.176003391169015,1.1560033911690155,True
A2HT24083022-10,D0G07002702135,钢铝带搭边宽度,3.5,,True,3.58,3.566161309229724,0.013838690770275885,True
A2HT24092015-10,D1G09001443104,钢铝带搭边宽度,2.9,,True,3.05,3.088840814706094,0.03884081470609413,True
A2HT2410168-10,D2G10000264008,钢铝带搭边宽度,1.6,,True,1.78,1.8021804247594784,0.022180424759478345,True
A2HT2410217-10,D2G10001303016,钢铝带搭边宽度,3.1,,True,3.11,3.137277820470674,0.027277820470674286,True
A2HT24091110-10,D9G09000202002,钢铝带搭边宽度,5.0,,True,5.3,5.502013891548269,0.202013891548269,True
A2HT24100911-10,D2G10000051056,钢铝带搭边宽度,3.1,,True,3.15,3.1313218927519917,0.018678107248008224,True
A2HT24091441-10,D2G09001261074,钢铝带搭边宽度,2.9,,True,3.12,3.0864268077737007,0.0335731922262994,True
A2HT24083022-10,D0G07002702103,钢铝带搭边宽度,3.5,,True,3.56,3.566161309229724,0.006161309229724132,True
A2HT24092615-10,D1G09002081095,钢铝带搭边宽度,2.9,,True,3.05,3.08004368918245,0.03004368918245026,True
A2HT24102112-10,D2G10001341001,钢铝带搭边宽度,3.8,,True,4.0,3.942729820273966,0.05727017972603399,True
A2HT24091413-10,D2G09001261013,钢铝带搭边宽度,2.9,,True,3.05,3.065388643535705,0.015388643535705349,True
A2HT24092615-10,D1G09002081174,钢铝带搭边宽度,2.9,,True,3.06,3.08004368918245,0.02004368918245003,True
A2HT2410213-10,D1G10001121001,钢铝带搭边宽度,5.0,,True,5.9,5.836943573295442,0.06305642670455835,True
A2HT24101216-10,D2G10000402046,钢铝带搭边宽度,5.0,,True,5.26,5.1473371304674655,0.11266286953253424,True
A2HT24101115-10,D2G10000262060,钢铝带搭边宽度,2.9,,True,3.02,3.0702203072417493,0.05022030724174931,True
A2HT24092855-10,D9G09000781016,钢铝带搭边宽度,5.0,,True,6.4,6.361269197959373,0.038730802040626955,True
A2HT2409305-10,D2G09002361001,钢铝带搭边宽度,5.1,,True,6.2,6.301880042989414,0.10188004298941422,True
A2HT24091414-10,D2G09001262010,钢铝带搭边宽度,2.9,,True,3.12,3.083043755312088,0.03695624468791214,True
A2HT24092855-10,D9G09000781005,钢铝带搭边宽度,5.0,,True,6.4,6.361269197959373,0.038730802040626955,True
A2HT24101827-10,D1G10001101046,钢铝带搭边宽度,4.3,,True,4.52,4.736638017165602,0.21663801716560283,True
A2HT24090228-10,D2G08002524002,钢铝带搭边宽度,2.9,,True,3.12,3.0727594696859826,0.04724053031401754,True
A2HT24091215-10,D1G09001041066,钢铝带搭边宽度,4.3,,True,4.53,4.644524952511721,0.11452495251172046,True
A2HT24101218-10,D2G10000266001,钢铝带搭边宽度,2.8,,True,2.86,2.979438954112369,0.11943895411236927,True
A2HT24092057-10,D2G09001485002,钢铝带搭边宽度,5.0,,True,6.0,5.989074591503266,0.010925408496733624,True
A2HT2410167-10,D2G10000871048,钢铝带搭边宽度,3.1,,True,3.12,3.134234760681577,0.014234760681576919,True
A2HT24100625-10,D2G09002372031,钢铝带搭边宽度,2.9,,True,3.12,3.101561401340496,0.018438598659503924,True
A2HT24091937-10,D2G09001502005,钢铝带搭边宽度,4.9,,True,5.0,5.0854399777272015,0.08543997772720147,True
A2HT24092615-10,D1G09002081078,钢铝带搭边宽度,2.9,,True,3.05,3.08004368918245,0.03004368918245026,True
A2HT2410217-10,D2G10001303012,钢铝带搭边宽度,3.1,,True,3.14,3.137277820470674,0.002722179529325963,True
A2HT24100912-10,D2G10000054005,钢铝带搭边宽度,5.0,,True,5.11,5.1571101316545755,0.04711013165457523,True
A2HT24092510-10,D1G09001953017,钢铝带搭边宽度,3.2,,True,3.25,3.234263384466441,0.015736615533559206,True
A2HT24101717-10,D2G10000264047,钢铝带搭边宽度,1.6,,True,1.78,1.7578898153560332,0.022110184643966857,True
A2HT24083067-10,D2G08002424031,钢铝带搭边宽度,2.9,,True,3.12,3.075036372978717,0.04496362702128298,True
A2HT24101411-10,D2G10000761003,钢铝带搭边宽度,4.2,,True,4.4,4.809629834802512,0.40962983480251136,True
A2HT24091315-10,D2G09001092001,钢铝带搭边宽度,5.1,,True,5.5,5.795540137640143,0.29554013764014275,True
A2HT2409249-10,D2G09001482037,钢铝带搭边宽度,2.9,,True,3.05,3.09213346418929,0.042133464189290315,True
A2HT24100621-10,D2G09002601001,钢铝带搭边宽度,5.0,,True,5.1,4.8217176093102925,0.27828239068970717,False
A2HT24083034-10,D1G08002131114,钢铝带搭边宽度,5.0,,True,5.4,5.365838395739107,0.034161604260892986,True
A2HT24092828-10,D2G09002111023,钢铝带搭边宽度,2.9,,True,3.12,3.0907749974841825,0.02922500251581761,True
A2HT2410168-10,D2G10000264001,钢铝带搭边宽度,1.6,,True,1.9,1.8021804247594784,0.09781957524052154,True
A2HT24102422-10,D9G10000841004,钢铝带搭边宽度,5.0,,True,5.25,5.1644699689598434,0.08553003104015655,True
A2HT24102316-10,D0Z24100011006,钢铝带搭边宽度,3.1,,True,3.12,3.131436422061849,0.011436422061848805,True
A2HT24083067-10,D2G08002424042,钢铝带搭边宽度,2.9,,True,3.05,3.075036372978717,0.025036372978717303,True
A2HT24082925-10,D1G080033013,钢铝带搭边宽度,4.3,,True,4.75,4.596458637450521,0.15354136254947903,True
A2HT24091036-10,D2G09000762012,钢铝带搭边宽度,5.0,,True,5.0,4.737695583906833,0.26230441609316735,False
A2HT2409055-10,D9G08001371001,钢铝带搭边宽度,5.0,,False,0.0,0.01944444444444444,0.01944444444444444,False
A2HT24092521-10,D2G09002051035,钢铝带搭边宽度,2.9,,True,3.1,3.106328111608605,0.006328111608604914,True
A2HT24092521-10,D2G09002051014,钢铝带搭边宽度,2.9,,True,3.12,3.106328111608605,0.013671888391395104,True
A2HT24092322-10,D0G09001762003,钢铝带搭边宽度,5.0,,False,3.1,3.101294936184366,0.0012949361843657137,False
A2HT24090212-10,D1G08002554034,钢铝带搭边宽度,4.3,,True,4.53,4.64507114023721,0.11507114023720977,True
A2HT24091035-10,D2G09000761002,钢铝带搭边宽度,4.5,,True,5.87,5.998894690205629,0.1288946902056285,True
A2HT2410167-10,D2G10000871015,钢铝带搭边宽度,3.1,,True,3.15,3.134234760681577,0.015765239318422886,True
A2HT24091935-10,D1G09001443056,钢铝带搭边宽度,2.9,,True,3.05,3.084653717903025,0.03465371790302507,True
A2HT24090314-10,D1G08002491007,钢铝带搭边宽度,5.0,,True,5.0,4.968882496671509,0.031117503328490947,False
A2HT2409106-10,D2G09000513002,钢铝带搭边宽度,5.1,,True,5.82,5.94511247895623,0.1251124789562299,True
A2HT24083034-10,D1G08002131148,钢铝带搭边宽度,5.0,,True,5.6,5.365838395739107,0.23416160426089228,True
A2HT24083066-10,D2G08002426009,钢铝带搭边宽度,3.1,,True,3.15,3.131907051727773,0.01809294827222674,True
A2HT24092023-10,D6G09000868004,钢铝带搭边宽度,4.4,,True,4.4,4.483399122982055,0.08339912298205476,True
A2HT24092853-10,D2G09002001112,钢铝带搭边宽度,2.9,,True,3.12,3.07627668193983,0.04372331806017016,True
A2HT24091413-10,D2G09001261014,钢铝带搭边宽度,2.9,,True,3.05,3.065388643535705,0.015388643535705349,True
A2HT2409025-10,D2G08001861039,钢铝带搭边宽度,5.1,,True,5.14,4.687670193890872,0.45232980610912765,False
A2HT24090212-10,D1G08002554079,钢铝带搭边宽度,4.3,,True,5.1,4.64507114023721,0.45492885976278963,True
A2HT2409132-10,D2G09001172021,钢铝带搭边宽度,3.1,,True,3.14,3.152737920779288,0.012737920779287926,True
A2HT24091441-10,D2G09001261049,钢铝带搭边宽度,2.9,,True,3.05,3.0864268077737007,0.03642680777370089,True
A2HT2408289-10,A2HT2408289100001,钢铝带搭边宽度,4.1,,True,4.23,3.999159624342517,0.2308403756574835,False
A2HT24091225-10,D2G09001171002,钢铝带搭边宽度,2.9,,True,3.0,3.0658958553161124,0.06589585531611242,True
A2HT24091225-10,D2G09001171005,钢铝带搭边宽度,2.9,,True,3.02,3.0658958553161124,0.0458958553161124,True
A2HT24101216-10,D2G10000402014,钢铝带搭边宽度,5.0,,True,5.12,5.1473371304674655,0.027337130467465443,True
A2HT2409263-10,D2G09002092001,钢铝带搭边宽度,5.1,,True,5.45,5.804360935733929,0.35436093573392924,True
A2HT2409122-10,D1G08002483014,钢铝带搭边宽度,3.2,,True,3.25,3.318425739146971,0.06842573914697114,True
A2HT24082930-10,D2G08002424015,钢铝带搭边宽度,2.9,,True,3.12,3.0771879382336915,0.042812061766308585,True
A2HT24091441-10,D2G09001261067,钢铝带搭边宽度,2.9,,True,3.05,3.0864268077737007,0.03642680777370089,True
A2HT24092615-10,D1G09002081103,钢铝带搭边宽度,2.9,,True,3.06,3.08004368918245,0.02004368918245003,True
A2HT2409062-10,D2G09000312001,钢铝带搭边宽度,4.7,,True,5.6,5.083248549993901,0.5167514500060983,True
A2HT2409135-10,D2G09000841001,钢铝带搭边宽度,5.1,,True,5.85,5.856201324254452,0.006201324254452523,True
A2HT24101618-10,D2G10000871097,钢铝带搭边宽度,3.1,,True,3.11,3.134234760681577,0.02423476068157715,True
A2HT24083034-10,D1G08002131104,钢铝带搭边宽度,5.0,,True,5.62,5.365838395739107,0.25416160426089274,True
A2HT24092850-10,D2G09002001162,钢铝带搭边宽度,2.9,,True,3.05,3.0763198138398193,0.026319813839819517,True
A2HT2409184-10,D2G09001262101,钢铝带搭边宽度,2.9,,True,3.08,3.083043755312088,0.0030437553120878924,True
A2HT2409027-10,D1G08002552009,钢铝带搭边宽度,3.2,,True,3.22,3.232876905426291,0.012876905426290719,True
A2HT24083051-10,D1G08002484001,钢铝带搭边宽度,3.4,,True,3.6,3.6576896637049585,0.05768966370495843,True
A2HT24083075-10,D1G08002553001,钢铝带搭边宽度,4.5,,True,5.52,5.687942791236537,0.16794279123653766,True
A2HT24092322-10,D0G09001762008,钢铝带搭边宽度,5.0,,False,3.11,3.101294936184366,0.008705063815634073,False
A2HT2409252-10,D2G09001362027,钢铝带搭边宽度,3.6,,True,3.6,3.5978590101632477,0.0021409898367523716,False
A2HT24082930-10,D2G08002424027,钢铝带搭边宽度,2.9,,True,3.12,3.0771879382336915,0.042812061766308585,True
A2HT24101826-10,D2G10001081004,钢铝带搭边宽度,3.8,,True,4.0,3.942729820273966,0.05727017972603399,True
A2HT24092017-10,D1Z24090017046,钢铝带搭边宽度,5.0,,True,5.1,5.7888767624139295,0.6888767624139298,True
A2HT2410239-10,D2G09000401011,钢铝带搭边宽度,5.0,,True,5.87,5.831152543376547,0.03884745662345335,True
A2HT24092313-10,D1Z24090017056,钢铝带搭边宽度,5.0,,True,6.0,5.826527683857821,0.1734723161421794,True
A2HT24083022-10,D0G07002702108,钢铝带搭边宽度,3.5,,True,3.6,3.566161309229724,0.0338386907702759,True
A2HT24100616-10,D2G09002371019,钢铝带搭边宽度,5.0,,True,5.35,5.20634602619197,0.14365397380802936,True
A2HT24090432-10,D9G09000051004,钢铝带搭边宽度,5.0,,True,5.45,5.494956971327281,0.044956971327280826,True
A2HT24092850-10,D2G09002001052,钢铝带搭边宽度,2.9,,True,3.05,3.0763198138398193,0.026319813839819517,True
A2HT24092521-10,D2G09002051038,钢铝带搭边宽度,2.9,,True,3.1,3.106328111608605,0.006328111608604914,True
A2HT24100617-10,D0G09002511007,钢铝带搭边宽度,5.0,,False,3.02,3.0447006328502626,0.024700632850262583,False
A2HT24092015-10,D1G09001443155,钢铝带搭边宽度,2.9,,True,3.12,3.088840814706094,0.031159185293906155,True
A2HT24092521-10,D2G09002051043,钢铝带搭边宽度,2.9,,True,3.06,3.106328111608605,0.04632811160860495,True
A2HT24083066-10,D2G08002426021,钢铝带搭边宽度,3.1,,True,3.15,3.131907051727773,0.01809294827222674,True
A2HT24091225-10,D2G09001171093,钢铝带搭边宽度,2.9,,True,3.12,3.0658958553161124,0.05410414468388769,True
A2HT2409184-10,D2G09001262110,钢铝带搭边宽度,2.9,,True,3.12,3.083043755312088,0.03695624468791214,True
A2HT24101116-10,D2G10000263022,钢铝带搭边宽度,3.3,,True,3.56,3.693783320525402,0.13378332052540198,True
A2HT2408283-10,D2G08002161004,钢铝带搭边宽度,5.1,,True,5.6,5.744754673486487,0.14475467348648774,True
A2HT24082925-10,D1G080033003,钢铝带搭边宽度,4.3,,True,4.9,4.596458637450521,0.3035413625494794,True
A2HT24082930-10,D2G08002424008,钢铝带搭边宽度,2.9,,True,3.02,3.0771879382336915,0.057187938233691504,True
A2HT24083022-10,D0G07002702129,钢铝带搭边宽度,3.5,,True,3.61,3.566161309229724,0.04383869077027569,True
A2HT24091441-10,D2G09001261068,钢铝带搭边宽度,2.9,,True,3.12,3.0864268077737007,0.0335731922262994,True
A2HT24092521-10,D2G09002051040,钢铝带搭边宽度,2.9,,True,3.08,3.106328111608605,0.02632811160860493,True
A2HT24092832-10,D1G09002021002,钢铝带搭边宽度,5.0,,True,6.22,5.750766117620803,0.4692338823791964,True
A2HT24090628-10,D2G09000441054,钢铝带搭边宽度,3.3,,True,3.56,3.572701914853872,0.012701914853872065,True
A2HT24090229-10,D2G08002523008,钢铝带搭边宽度,3.4,,True,3.78,3.9230139257732985,0.14301392577329874,True
A2HT24083043-10,D1G08002489001,钢铝带搭边宽度,5.0,,True,5.32,5.190508957910498,0.12949104208950235,True
A2HT24092615-10,D1G09002081062,钢铝带搭边宽度,2.9,,True,3.06,3.08004368918245,0.02004368918245003,True
A2HT24092828-10,D2G09002111019,钢铝带搭边宽度,2.9,,True,3.06,3.0907749974841825,0.030774997484182443,True
A2HT24092510-10,D1G09001953010,钢铝带搭边宽度,3.2,,True,3.25,3.234263384466441,0.015736615533559206,True
A2HT24083017-10,D1G0800233A002,钢铝带搭边宽度,5.0,,True,6.3,5.297680556072853,1.0023194439271466,True
A2HT24091035-10,D2G09000761004,钢铝带搭边宽度,4.5,,True,5.78,5.998894690205629,0.21889469020562835,True
A2HT24092615-10,D1G09002081064,钢铝带搭边宽度,2.9,,True,3.08,3.08004368918245,4.3689182450012964e-05,True
A2HT24083016-10,D2G08002301002,钢铝带搭边宽度,5.0,,True,6.4,6.174014312966452,0.22598568703354793,True
A2HT24090212-10,D1G08002554070,钢铝带搭边宽度,4.3,,True,4.5,4.64507114023721,0.14507114023721002,True
A2HT2409201-10,D1Z24090017002,钢铝带搭边宽度,5.0,,True,5.75,5.7888767624139295,0.038876762413929455,True
A2HT24092717-10,D2G09002001045,钢铝带搭边宽度,2.9,,True,3.06,3.0659571846953027,0.0059571846953025975,True
A2HT24092526-10,A2HT24092526100002,钢铝带搭边宽度,5.0,,True,5.88,4.619462673175997,1.2605373268240028,False
A2HT2409123-10,D1G09001041028,钢铝带搭边宽度,4.3,,True,4.65,4.69838416403742,0.04838416403741963,True
A2HT2409252-10,D2G09001362036,钢铝带搭边宽度,3.6,,True,3.6,3.5978590101632477,0.0021409898367523716,False
A2HT24092615-10,D1G09002081118,钢铝带搭边宽度,2.9,,True,3.05,3.08004368918245,0.03004368918245026,True
A2HT2409184-10,D2G09001262043,钢铝带搭边宽度,2.9,,True,3.06,3.083043755312088,0.02304375531208791,True
A2HT24083067-10,D2G08002424041,钢铝带搭边宽度,2.9,,True,3.12,3.075036372978717,0.04496362702128298,True
A2HT24083010-10,D1G08002337002,钢铝带搭边宽度,5.0,,True,6.1,5.309097538760401,0.7909024612395985,True
A2HT24090212-10,D1G08002554067,钢铝带搭边宽度,4.3,,True,4.53,4.64507114023721,0.11507114023720977,True
A2HT24101827-10,D1G10001101019,钢铝带搭边宽度,4.3,,True,4.85,4.736638017165602,0.11336198283439725,True
A2HT24101618-10,D2G10000871073,钢铝带搭边宽度,3.1,,True,3.14,3.134234760681577,0.005765239318423099,True
A2HT24082923-10,D1G08002333005,钢铝带搭边宽度,3.2,,True,3.23,3.233407391107138,0.003407391107137947,True
A2HT24092817-10,D2G09002141001,钢铝带搭边宽度,5.1,,False,3.8,4.344408869535215,0.5444088695352152,False
A2HT24091133-10,D0G09000881001,钢铝带搭边宽度,3.1,,True,3.14,3.0636133304015645,0.07638666959843565,False
A2HT2410167-10,D2G10000871055,钢铝带搭边宽度,3.1,,True,3.12,3.134234760681577,0.014234760681576919,True
A2HT2409132-10,D2G09001172030,钢铝带搭边宽度,3.1,,True,3.14,3.152737920779288,0.012737920779287926,True
A2HT24082924-10,D1G080032006,钢铝带搭边宽度,3.5,,True,3.61,3.544398472355341,0.0656015276446591,True
A2HT24101717-10,D2G10000264034,钢铝带搭边宽度,1.6,,True,1.75,1.7578898153560332,0.00788981535603317,True
A2HT2409045-10,D2G09000112009,钢铝带搭边宽度,5.0,,True,5.16,5.117939621191028,0.042060378808971954,True
A2HT24092615-10,D1G09002081070,钢铝带搭边宽度,2.9,,True,3.12,3.08004368918245,0.03995631081755002,True
A2HT24092850-10,D2G09002001083,钢铝带搭边宽度,2.9,,True,3.06,3.0763198138398193,0.016319813839819286,True
A2HT2409267-10,D1Z24090017083,钢铝带搭边宽度,5.0,,True,6.0,5.7888767624139295,0.21112323758607054,True
A2HT24090519-10,D9G09000053012,钢铝带搭边宽度,5.0,,True,7.4,7.138581234287979,0.2614187657120217,True
A2HT24092832-10,D1G09002021001,钢铝带搭边宽度,5.0,,True,6.25,5.750766117620803,0.49923388237919664,True
A2HT24101525-10,D9G09000866001,钢铝带搭边宽度,4.6,,True,5.9,5.1625896725959235,0.7374103274040769,True
A2HT24092015-10,D1G09001443165,钢铝带搭边宽度,2.9,,True,3.08,3.088840814706094,0.00884081470609388,True
A2HT2409027-10,D1G08002552002,钢铝带搭边宽度,3.2,,True,3.25,3.232876905426291,0.017123094573709086,True
A2HT2409184-10,D2G09001262081,钢铝带搭边宽度,2.9,,True,3.05,3.083043755312088,0.03304375531208814,True
A2HT24092850-10,D2G09002001169,钢铝带搭边宽度,2.9,,True,3.05,3.0763198138398193,0.026319813839819517,True
A2HT24083067-10,D2G08002424064,钢铝带搭边宽度,2.9,,True,3.0,3.075036372978717,0.07503637297871713,True
A2HT24100416-10,D9G09000971003,钢铝带搭边宽度,5.0,,True,5.32,5.143300992063492,0.1766990079365085,True
A2HT24082629-10,D0G08002031027,钢铝带搭边宽度,5.0,,True,5.63,5.638643997323766,0.008643997323765973,True
A2HT24092850-10,D2G09002001081,钢铝带搭边宽度,2.9,,True,3.06,3.0763198138398193,0.016319813839819286,True
A2HT24092324-10,D2G09001484034,钢铝带搭边宽度,3.1,,True,3.15,3.160188093537955,0.010188093537955023,True
A2HT24102511-10,D2G10001531006,钢铝带搭边宽度,3.6,,True,3.6,3.6098602578353662,0.009860257835366149,True
A2HT24091917-10,D2G09001441003,钢铝带搭边宽度,3.4,,True,3.55,3.5769950969169693,0.02699509691696944,True
A2HT24101520-10,D9G09000861001,钢铝带搭边宽度,1.7,,True,3.2,2.5735646935181538,0.6264353064818464,True
A2HT24091119-10,D2G09000752009,钢铝带搭边宽度,2.9,,True,3.0,3.0719710950360417,0.07197109503604171,True
A2HT24102117-10,D9G07001331003,钢铝带搭边宽度,3.0,,True,3.1,3.0896226682158576,0.010377331784142463,True
A2HT24090225-10,D2G08002521003,钢铝带搭边宽度,4.9,,True,5.0,4.975276524457017,0.024723475542982598,True
A2HT2409184-10,D2G09001262108,钢铝带搭边宽度,2.9,,True,3.02,3.083043755312088,0.06304375531208795,True
A2HT2409184-10,D2G09001262071,钢铝带搭边宽度,2.9,,True,3.12,3.083043755312088,0.03695624468791214,True
A2HT24090120-10,D0G08002031039,钢铝带搭边宽度,5.0,,True,5.85,5.638643997323766,0.21135600267623378,True
A2HT24101410-10,D2G10000266014,钢铝带搭边宽度,2.8,,True,2.85,2.979438954112369,0.12943895411236905,True
A2HT2410149-10,D6G10000341009,钢铝带搭边宽度,5.0,,False,3.8,3.7163783142307043,0.08362168576929552,False
A2HT24101114-10,D2G10000261004,钢铝带搭边宽度,2.9,,True,3.0,3.0250546775040537,0.025054677504053657,True
A2HT24091918-10,D2G09001351002,钢铝带搭边宽度,5.0,,True,5.4,5.214841564033083,0.18515843596691717,True
A2HT24091931-10,D0G09000351002,钢铝带搭边宽度,5.0,,False,3.02,3.0543007759119103,0.034300775911910275,False
A2HT24083058-10,D2G08002461002,钢铝带搭边宽度,5.0,,True,5.0,5.243543672250342,0.24354367225034235,True
A2HT24092853-10,D2G09002001159,钢铝带搭边宽度,2.9,,True,3.05,3.07627668193983,0.026276681939830127,True
A2HT24083021-10,D1G08002335042,钢铝带搭边宽度,4.3,,True,4.53,4.596458637450521,0.06645863745052072,True
A2HT24090433-10,D9G09000052004,钢铝带搭边宽度,5.0,,True,5.47,5.494956971327281,0.024956971327281252,True
A2HT24091814-10,D0D06000091010,钢铝带搭边宽度,5.0,,True,5.28,4.880748568492339,0.3992514315076612,False
A2HT24102429-10,D0G10000845003,钢铝带搭边宽度,3.1,,True,3.12,3.165561501024922,0.045561501024921736,True
A2HT24100924-10,D1G09002502007,钢铝带搭边宽度,2.9,,True,3.06,3.0587273986875396,0.0012726013124604307,True
A2HT2410124-10,A2HT2410124100001,钢铝带搭边宽度,3.5,,True,3.62,3.653988978496388,0.03398897849638782,True
A2HT24100616-10,D2G09002371026,钢铝带搭边宽度,5.0,,True,5.35,5.20634602619197,0.14365397380802936,True
A2HT24082313-10,D2G08001862019,钢铝带搭边宽度,5.1,,True,5.15,4.953926690117649,0.19607330988235105,False
A2HT24092615-10,D1G09002081132,钢铝带搭边宽度,2.9,,True,3.12,3.08004368918245,0.03995631081755002,True
A2HT24092322-10,D0G09001762021,钢铝带搭边宽度,5.0,,False,3.06,3.101294936184366,0.04129493618436575,False
A2HT24083043-10,D1G08002489005,钢铝带搭边宽度,5.0,,True,5.21,5.190508957910498,0.01949104208950203,True
A2HT24092017-10,D1Z24090017035,钢铝带搭边宽度,5.0,,True,5.75,5.7888767624139295,0.038876762413929455,True
A2HT2410239-10,D2G09000401024,钢铝带搭边宽度,5.0,,True,5.4,5.831152543376547,0.4311525433765464,True
A2HT24102429-10,D0G10000845032,钢铝带搭边宽度,3.1,,True,3.1,3.165561501024922,0.06556150102492175,True
A2HT2409064-10,D2G09000313001,钢铝带搭边宽度,2.9,,True,3.02,3.0186993366587074,0.0013006633412926405,True
A2HT24082629-10,D0G08002031029,钢铝带搭边宽度,5.0,,True,5.63,5.638643997323766,0.008643997323765973,True
A2HT24101827-10,D1G10001101024,钢铝带搭边宽度,4.3,,True,4.85,4.736638017165602,0.11336198283439725,True
A2HT2409267-10,D1Z24090017086,钢铝带搭边宽度,5.0,,True,5.95,5.7888767624139295,0.16112323758607072,True
A2HT24101411-10,D2G10000761017,钢铝带搭边宽度,4.2,,True,4.9,4.809629834802512,0.09037016519748864,True
A2HT24102117-10,D9G07001331001,钢铝带搭边宽度,3.0,,True,3.1,3.0896226682158576,0.010377331784142463,True
A2HT2410211-10,D6G10000711004,钢铝带搭边宽度,6.0,,True,6.02,6.059318654746024,0.03931865474602425,True
A2HT24092417-10,D2G09001362007,钢铝带搭边宽度,3.6,,True,3.6,3.4486550660642794,0.15134493393572068,False
A2HT24083053-10,D1G08002481001,钢铝带搭边宽度,2.9,,True,3.0,3.041778005770767,0.041778005770766846,True
A2HT24092855-10,D9G09000781003,钢铝带搭边宽度,5.0,,True,6.45,6.361269197959373,0.08873080204062678,True
A2HT24083059-10,D2G08002451002,钢铝带搭边宽度,5.0,,True,5.02,5.243543672250342,0.22354367225034277,True
A2HT24101827-10,D1G10001101021,钢铝带搭边宽度,4.3,,True,4.75,4.736638017165602,0.013361982834397601,True
A2HT24090212-10,D1G08002554015,钢铝带搭边宽度,4.3,,True,4.8,4.64507114023721,0.1549288597627898,True
A2HT2409123-10,D1G09001041003,钢铝带搭边宽度,4.3,,True,4.53,4.69838416403742,0.16838416403741974,True
A2HT24092853-10,D2G09002001100,钢铝带搭边宽度,2.9,,True,3.12,3.07627668193983,0.04372331806017016,True
A2HT2410167-10,D2G10000871042,钢铝带搭边宽度,3.1,,True,3.12,3.134234760681577,0.014234760681576919,True
A2HT24091935-10,D1G09001443085,钢铝带搭边宽度,2.9,,True,3.06,3.084653717903025,0.02465371790302484,True
A2HT24090410-10,D2G09000123003,钢铝带搭边宽度,5.1,,False,5.0,5.031939551780023,0.031939551780022946,False
A2HT24091023-10,D1G09000222001,钢铝带搭边宽度,5.0,,True,5.0,4.82608271918212,0.17391728081788038,False
A2HT24091036-10,D2G09000762039,钢铝带搭边宽度,5.0,,False,4.5,4.737695583906833,0.23769558390683265,False
A2HT24102217-10,A2HT24102217100011,钢铝带搭边宽度,3.4,,True,3.54,3.5538133945711143,0.013813394571114301,True
A2HT24092850-10,D2G09002001065,钢铝带搭边宽度,2.9,,True,3.12,3.0763198138398193,0.04368018616018077,True
A2HT24091121-10,D2G09000754010,钢铝带搭边宽度,5.0,,True,5.24,5.211821115061951,0.028178884938049542,True
A2HT24090212-10,D1G08002554042,钢铝带搭边宽度,4.3,,True,4.53,4.64507114023721,0.11507114023720977,True
A2HT24101717-10,D2G10000264066,钢铝带搭边宽度,1.6,,True,1.78,1.7578898153560332,0.022110184643966857,True
A2HT24102114-10,D2G10001342007,钢铝带搭边宽度,3.8,,True,4.55,4.3368694104030485,0.2131305895969513,True
A2HT24090229-10,D2G08002523004,钢铝带搭边宽度,3.4,,True,3.8,3.9230139257732985,0.12301392577329873,True
A2HT24100616-10,D2G09002371003,钢铝带搭边宽度,5.0,,True,5.12,5.20634602619197,0.08634602619197018,True
A2HT24101827-10,D1G10001101032,钢铝带搭边宽度,4.3,,True,4.85,4.736638017165602,0.11336198283439725,True
A2HT24083050-10,D1G08002485003,钢铝带搭边宽度,4.3,,True,4.53,4.596458637450521,0.06645863745052072,True
A2HT24092510-10,D1G09001953011,钢铝带搭边宽度,3.2,,True,3.25,3.234263384466441,0.015736615533559206,True
A2HT24092521-10,D2G09002051007,钢铝带搭边宽度,2.9,,True,3.12,3.106328111608605,0.013671888391395104,True
A2HT2410167-10,D2G10000871006,钢铝带搭边宽度,3.1,,True,3.12,3.134234760681577,0.014234760681576919,True
A2HT24091935-10,D1G09001443029,钢铝带搭边宽度,2.9,,True,3.12,3.084653717903025,0.03534628209697521,True
A2HT2410123-10,D2G10000401039,钢铝带搭边宽度,5.1,,False,5.0,5.098165937282279,0.09816593728227918,False
A2HT24082929-10,D2G08002422029,钢铝带搭边宽度,2.9,,True,3.12,3.035652825820979,0.08434717417902116,True
A2HT2409287-10,D2G09002221003,钢铝带搭边宽度,4.9,,True,5.36,5.326499357818107,0.033500642181893525,True
A2HT24101216-10,D2G10000402043,钢铝带搭边宽度,5.0,,True,5.25,5.1473371304674655,0.10266286953253445,True
A2HT24083034-10,D1G08002131051,钢铝带搭边宽度,5.0,,True,5.65,5.365838395739107,0.284161604260893,True
A2HT2409201-10,D1Z24090017014,钢铝带搭边宽度,5.0,,True,5.98,5.7888767624139295,0.19112323758607097,True
A2HT24090919-10,D2G09000671008,钢铝带搭边宽度,5.0,,True,5.05,5.108359697356464,0.0583596973564644,True
A2HT24083034-10,D1G08002131006,钢铝带搭边宽度,5.0,,True,5.36,5.365838395739107,0.0058383957391070496,True
A2HT24101717-10,D2G10000264059,钢铝带搭边宽度,1.6,,True,1.75,1.7578898153560332,0.00788981535603317,True
A2HT24083010-10,D1G08002337017,钢铝带搭边宽度,5.0,,True,5.36,5.309097538760401,0.050902461239599184,True
A2HT2410089-10,D2G09002001077,钢铝带搭边宽度,2.9,,True,3.05,3.0659571846953027,0.01595718469530283,True
A2HT24102559-10,D0G10001061001,钢铝带搭边宽度,5.0,,True,5.6,5.5783742675697505,0.021625732430249123,True
A2HT2410161-10,D9G09000864001,钢铝带搭边宽度,1.7,,True,2.55,2.5735646935181538,0.023564693518153934,True
A2HT24092837-10,D1G09002023003,钢铝带搭边宽度,5.0,,True,5.7,5.53351313236941,0.1664868676305904,True
A2HT24083050-10,D1G08002485006,钢铝带搭边宽度,4.3,,True,4.6,4.596458637450521,0.003541362549478677,True
A2HT2409025-10,D2G08001861038,钢铝带搭边宽度,5.1,,True,5.14,4.687670193890872,0.45232980610912765,False
A2HT24083021-10,D1G08002335058,钢铝带搭边宽度,4.3,,True,4.62,4.596458637450521,0.02354136254947914,True
A2HT2410218-10,D2G10001304003,钢铝带搭边宽度,5.0,,True,5.1,5.39363094721792,0.2936309472179204,True
A2HT2409249-10,D2G09001482011,钢铝带搭边宽度,2.9,,True,3.12,3.09213346418929,0.02786653581070997,True
A2HT24101115-10,D2G10000262001,钢铝带搭边宽度,2.9,,True,3.0,3.0702203072417493,0.07022030724174932,True
A2HT24082925-10,D1G080033004,钢铝带搭边宽度,4.3,,True,4.65,4.596458637450521,0.05354136254947939,True
A2HT24092510-10,D1G09001953012,钢铝带搭边宽度,3.2,,True,3.25,3.234263384466441,0.015736615533559206,True
A2HT2409249-10,D2G09001482029,钢铝带搭边宽度,2.9,,True,3.12,3.09213346418929,0.02786653581070997,True
A2HT24100626-10,D2G09002373006,钢铝带搭边宽度,3.1,,True,3.15,3.1313218927519917,0.018678107248008224,True
A2HT2410157-10,D6G10000014002,钢铝带搭边宽度,5.0,,False,3.61,4.32563901638938,0.7156390163893804,False
A2HT24083034-10,D1G08002131028,钢铝带搭边宽度,5.0,,True,5.36,5.365838395739107,0.0058383957391070496,True
A2HT24092015-10,D1G09001443135,钢铝带搭边宽度,2.9,,True,3.12,3.088840814706094,0.031159185293906155,True
A2HT24090628-10,D2G09000441028,钢铝带搭边宽度,3.3,,True,3.56,3.572701914853872,0.012701914853872065,True
A2HT24083034-10,D1G08002131031,钢铝带搭边宽度,5.0,,True,5.38,5.365838395739107,0.014161604260892524,True
A2HT24083022-10,D0G07002702101,钢铝带搭边宽度,3.5,,True,3.52,3.566161309229724,0.04616130922972417,True
A2HT2410123-10,D2G10000401011,钢铝带搭边宽度,5.1,,True,5.15,5.098165937282279,0.051834062717721174,False
A2HT24083033-10,D2G08002302004,钢铝带搭边宽度,5.0,,True,6.0,6.219734992205416,0.21973499220541637,True
A2HT24101828-10,D1G10001111010,钢铝带搭边宽度,5.0,,True,5.12,5.278908638647534,0.15890863864753424,True
A2HT2409184-10,D2G09001262087,钢铝带搭边宽度,2.9,,True,3.05,3.083043755312088,0.03304375531208814,True
A2HT24100625-10,D2G09002372001,钢铝带搭边宽度,2.9,,True,3.06,3.101561401340496,0.04156140134049613,True
A2HT24102215-10,D2G10001504013,钢铝带搭边宽度,3.1,,True,3.15,3.1260406798001314,0.02395932019986846,True
A2HT2409255-10,D1Z24090017075,钢铝带搭边宽度,5.0,,True,5.25,5.826527683857821,0.5765276838578206,True
A2HT24101827-10,D1G10001101059,钢铝带搭边宽度,4.3,,True,4.85,4.736638017165602,0.11336198283439725,True
A2HT24090530-10,D0G09000281003,钢铝带搭边宽度,3.0,,True,3.02,2.9910920965608487,0.028907903439151283,False
A2HT24090212-10,D1G08002554078,钢铝带搭边宽度,4.3,,True,5.05,4.64507114023721,0.4049288597627898,True
A2HT24101115-10,D2G10000262047,钢铝带搭边宽度,2.9,,True,3.12,3.0702203072417493,0.04977969275825078,True
A2HT24083027-10,D6G08001931004,钢铝带搭边宽度,5.0,,False,3.51,3.6009339875050816,0.09093398750508186,False
A2HT24092324-10,D2G09001484046,钢铝带搭边宽度,3.1,,True,3.14,3.160188093537955,0.02018809353795481,True
A2HT24083064-10,D2G08002423006,钢铝带搭边宽度,3.4,,True,3.7,3.717882231310357,0.017882231310356822,True
A2HT24083034-10,D1G08002131109,钢铝带搭边宽度,5.0,,True,5.7,5.365838395739107,0.3341616042608928,True
A2HT24092615-10,D1G09002081165,钢铝带搭边宽度,2.9,,True,3.05,3.08004368918245,0.03004368918245026,True
A2HT24091023-10,D1G09000222004,钢铝带搭边宽度,5.0,,True,5.0,4.82608271918212,0.17391728081788038,False
A2HT24101239-10,D9G10000071004,钢铝带搭边宽度,5.0,,False,0.0,0.02761805555555556,0.02761805555555556,False
A2HT24102511-10,D2G10001531007,钢铝带搭边宽度,3.6,,True,3.62,3.6098602578353662,0.01013974216463387,True
A2HT24083034-10,D1G08002131111,钢铝带搭边宽度,5.0,,True,5.6,5.365838395739107,0.23416160426089228,True
A2HT2409184-10,D2G09001262069,钢铝带搭边宽度,2.9,,True,3.12,3.083043755312088,0.03695624468791214,True
A2HT24092015-10,D1G09001443136,钢铝带搭边宽度,2.9,,True,3.12,3.088840814706094,0.031159185293906155,True
A2HT24101616-10,D0G10000412002,钢铝带搭边宽度,3.1,,True,3.15,3.1242781216559563,0.025721878344043603,True
A2HT24090933-10,D2G09000601001,钢铝带搭边宽度,5.0,,False,4.82,5.108359697356464,0.28835969735646394,True
A2HT2409197-10,D6G09000866001,钢铝带搭边宽度,4.0,,True,4.0,3.996485069444444,0.003514930555556184,False
A2HT24082925-10,D1G080033016,钢铝带搭边宽度,4.3,,True,4.75,4.596458637450521,0.15354136254947903,True
A2HT24090919-10,D2G09000671010,钢铝带搭边宽度,5.0,,True,5.0,5.108359697356464,0.10835969735646422,True
A2HT24092041-10,D0G09000342001,钢铝带搭边宽度,1.7,,True,1.86,2.2679655874796514,0.4079655874796513,True
A2HT24091225-10,D2G09001171040,钢铝带搭边宽度,2.9,,True,3.12,3.0658958553161124,0.05410414468388769,True
A2HT2409269-10,D1G09001952001,加强件外径,1.55,1.65,True,1.6,1.6012187500000048,0.0012187500000047091,True
A2HT24090212-10,D1G08002554066,加强件外径,1.65,1.75,True,1.7,1.6999999999999966,3.3306690738754696e-15,True
A2HT24091225-10,D2G09001171053,加强件外径,1.3,1.4,True,1.35,1.3500000000000005,4.440892098500626e-16,True
A2HT24101241-10,D0G10000161007,加强件外径,2.95,3.05,True,3.0,2.9962095231157737,0.0037904768842262904,True
A2HT24102555-10,D0G10001101004,加强件外径,1.75,1.85,True,1.8,1.7593746970962063,0.040625302903793736,True
A2HT2409194-10,D2G09000991011,加强件外径,1.15,1.25,True,1.2,1.2002696078431319,0.00026960784313190267,True
A2HT24090422-10,D2G09000111004,加强件外径,1.95,2.05,True,2.0,2.0161964285714284,0.016196428571428445,True
A2HT24101826-10,D2G10001081002,加强件外径,0.95,1.05,True,1.0,1.0,0.0,True
A2HT24092615-10,D1G09002081059,加强件外径,1.3,1.4,True,1.35,1.3500000000000005,4.440892098500626e-16,True
A2HT24101717-10,D2G10000264048,加强件外径,1.15,1.25,True,1.2,1.2000127314814761,1.2731481476180306e-05,True
A2HT24082923-10,D1G08002333025,加强件外径,1.35,1.45,True,1.35,1.35,0.0,True
A2HT24092850-10,D2G09002001084,加强件外径,1.3,1.4,True,1.35,1.3500000000000005,4.440892098500626e-16,True
A2HT24092015-10,D1G09001443136,加强件外径,1.35,1.45,True,1.35,1.3500000000000014,1.3322676295501878e-15,True
A2HT24102429-10,D0G10000845034,加强件外径,1.3,1.4,True,1.35,1.3508020486241625,0.0008020486241624436,True
A2HT24091918-10,D2G09001351002,加强件外径,1.65,1.75,True,1.7,2.085360652657526,0.38536065265752595,False
A2HT24101115-10,D2G10000262062,加强件外径,1.3,1.4,True,1.35,1.3500000000000005,4.440892098500626e-16,True
A2HT24091033-10,D2G09000721002,加强件外径,1.65,1.75,True,1.7,1.7001496393040474,0.00014963930404743309,True
A2HT2409028-10,D2G08002453004,加强件外径,2.45,2.55,True,2.5,2.5,0.0,True
A2HT2410167-10,D2G10000871020,加强件外径,1.3,1.4,True,1.35,1.35,0.0,True
A2HT24091413-10,D2G09001261004,加强件外径,1.3,1.4,True,1.35,1.35,0.0,True
A2HT24101243-10,D0G10000162032,加强件外径,1.75,1.85,True,1.8,1.7992038410872488,0.0007961589127511992,True
A2HT2410149-10,D6G10000341009,加强件外径,1.4,1.5,False,1.35,1.3355806346431356,0.0144193653568645,False
A2HT24092324-10,D2G09001484005,加强件外径,1.3,1.4,True,1.35,1.3500000000000019,1.7763568394002505e-15,True
A2HT24102320-10,D2G10001623001,加强件外径,2.25,2.35,True,2.3,2.329695045695049,0.029695045695049327,True
A2HT24090958-10,D1G0600229A004,加强件外径,2.45,2.55,True,2.5,1.6742296626984172,0.8257703373015828,False
A2HT24092850-10,D2G09002001169,加强件外径,1.3,1.4,True,1.35,1.3500000000000005,4.440892098500626e-16,True
A2HT24091133-10,D0G09000881001,加强件外径,1.3,1.4,True,1.35,1.3632184990047838,0.013218499004783668,True
A2HT24102427-10,A2HT24102427100001,加强件外径,1.65,1.75,True,1.7,1.7712906746031685,0.07129067460316851,False
A2HT24082311-10,D2G08001861012,加强件外径,1.95,2.05,True,2.0,1.999982553366174,1.744663382607925e-05,True
A2HT24101820-10,A2HT24101820100001,加强件外径,1.75,1.85,True,1.8,2.062960713476339,0.26296071347633876,False
A2HT2409184-10,D2G09001262081,加强件外径,1.3,1.4,True,1.35,1.35,0.0,True
A2HT24092832-10,D1G09002021003,加强件外径,1.95,2.05,True,2.0,2.000808531746032,0.0008085317460317931,True
A2HT2410168-10,D2G10000264004,加强件外径,1.15,1.25,True,1.2,1.1999999999999948,5.10702591327572e-15,True
A2HT24093011-10,D2G09002233014,加强件外径,1.3,1.4,True,1.35,1.3581019826102563,0.008101982610256186,True
A2HT2408283-10,D2G08002161003,加强件外径,2.45,2.55,True,2.5,2.4296775192400206,0.07032248075997938,False
A2HT2410123-10,D2G10000401037,加强件外径,1.95,2.05,True,2.0,2.0000528002699056,5.280026990561737e-05,True
A2HT24101511-10,D6G10000231001,加强件外径,2.45,2.55,True,2.5,2.2810134159821667,0.21898658401783333,False
A2HT24083021-10,D1G08002335018,加强件外径,1.65,1.75,True,1.7,1.6999999999999966,3.3306690738754696e-15,True
A2HT24092615-10,D1G09002081080,加强件外径,1.3,1.4,True,1.35,1.3500000000000005,4.440892098500626e-16,True
A2FX2409014-10,D1G03003200501,加强件外径,1.55,1.65,True,1.6,1.2704544853294852,0.32954551467051485,False
A2HT24091938-10,D2G09001491001,加强件外径,0.95,1.05,True,1.0,1.4752407961190859,0.4752407961190859,False
A2HT2409205-10,D1Z24090017030,加强件外径,2.45,2.55,True,2.5,2.4993246629654484,0.0006753370345515819,True
A2HT24092615-10,D1G09002081169,加强件外径,1.3,1.4,True,1.35,1.3500000000000005,4.440892098500626e-16,True
A2HT24082923-10,D1G08002333029,加强件外径,1.35,1.45,True,1.35,1.35,0.0,True
A2HT24083062-10,D2G08002441006,加强件外径,0.95,1.05,True,1.0,2.0415780332140634,1.0415780332140634,False
A2HT24101216-10,D2G10000402022,加强件外径,1.95,2.05,True,2.0,1.9998556547619049,0.00014434523809514488,True
A2HT24102425-10,D0G10001672001,加强件外径,1.3,1.4,True,1.35,1.3507291666666665,0.0007291666666664476,True
A2HT2410124-10,A2HT2410124100009,加强件外径,1.95,2.05,True,2.0,1.9998991402116402,0.00010085978835983056,True
A2HT24091935-10,D1G09001443032,加强件外径,1.35,1.45,True,1.35,1.3505018601953656,0.0005018601953654667,True
A2HT24091935-10,D1G09001443019,加强件外径,1.35,1.45,True,1.35,1.3505018601953656,0.0005018601953654667,True
A2HT24092010-10,D6G09000861035,加强件外径,2.15,2.25,True,2.2,2.199999999999994,6.217248937900877e-15,True
A2HT24092825-10,D6G09000863032,加强件外径,2.15,2.25,True,2.2,2.199999999999994,6.217248937900877e-15,True
A2HT24090229-10,D2G08002523003,加强件外径,1.55,1.65,True,1.6,1.5992129629629679,0.0007870370370322011,True
A2HT24091915-10,D9G09000291002,加强件外径,2.45,2.55,True,2.5,2.1734284812409803,0.3265715187590197,False
A2HT2409107-10,D2G09000512002,加强件外径,2.45,2.55,True,2.5,2.5,0.0,True
A2HT24092510-10,D1G09001953017,加强件外径,1.35,1.45,True,1.35,1.3501939033189032,0.0001939033189031214,True
A2HT24091036-10,D2G09000762002,加强件外径,1.65,1.75,True,1.7,1.6999999999999966,3.3306690738754696e-15,True
A2HT24100924-10,D1G09002502011,加强件外径,1.35,1.45,True,1.35,1.3638008221515634,0.013800822151563308,True
A2HT24082924-10,D1G080032026,加强件外径,1.75,1.85,True,1.8,1.7985516013352898,0.0014483986647102487,True
A2HT24090628-10,D2G09000441067,加强件外径,1.65,1.75,True,1.7,1.6999905303030234,9.46969697657174e-06,True
A2HT24092059-10,D2G09001481006,加强件外径,1.55,1.65,True,1.6,1.6004930555555605,0.000493055555560451,True
A2HT24090229-10,D2G08002523001,加强件外径,1.55,1.65,True,1.6,1.5992129629629679,0.0007870370370322011,True
A2HT2410124-10,A2HT2410124100005,加强件外径,1.95,2.05,True,2.0,1.9998991402116402,0.00010085978835983056,True
A2HT24090913-10,D2G09000461004,加强件外径,0.95,1.05,True,1.0,1.0,0.0,True
A2HT24090323-10,A2HT24090323100001,加强件外径,3.45,3.55,True,3.5,3.03555090950716,0.46444909049284,False
A2HT24091414-10,D2G09001262029,加强件外径,1.3,1.4,True,1.35,1.35,0.0,True
A2HT24082629-10,D0G08002031029,加强件外径,2.35,2.45,True,2.4,2.397220238095228,0.0027797619047720268,True
A2HT2409194-10,D2G09000991002,加强件外径,1.15,1.25,True,1.2,1.2002696078431319,0.00026960784313190267,True
A2HT24100625-10,D2G09002372004,加强件外径,1.3,1.4,True,1.35,1.3500000000000005,4.440892098500626e-16,True
A2HT2409123-10,D1G09001041058,加强件外径,1.65,1.75,True,1.7,1.7000196759259227,1.967592592277967e-05,True
A2HT24101827-10,D1G10001101035,加强件外径,1.65,1.75,True,1.7,1.6999999999999966,3.3306690738754696e-15,True
A2HT24102516-10,D1G10001714014,加强件外径,1.95,2.05,True,2.0,2.000257505175983,0.0002575051759832192,True
A2HT24083034-10,D1G08002131014,加强件外径,1.95,2.05,True,2.0,2.0,0.0,True
A2HT24092521-10,D2G09002051041,加强件外径,1.3,1.4,True,1.35,1.35,0.0,True
A2HT24092324-10,D2G09001484008,加强件外径,1.3,1.4,True,1.35,1.3500000000000019,1.7763568394002505e-15,True
A2HT24092017-10,D1Z24090017033,加强件外径,2.45,2.55,True,2.5,2.4993246629654484,0.0006753370345515819,True
A2HT24100924-10,D1G09002502018,加强件外径,1.35,1.45,True,1.35,1.3638008221515634,0.013800822151563308,True
A2HT2409193-10,A2HT2409193100001,加强件外径,1.3,1.4,True,1.35,1.8896539687164686,0.5396539687164685,False
A2HT24083022-10,D0G07002702132,加强件外径,1.75,1.85,True,1.8,1.7999642858311022,3.5714168897804655e-05,True
A2HT24092855-10,D9G09000781002,加强件外径,2.45,2.55,True,2.5,2.495690115440115,0.004309884559885013,True
A2HT24083064-10,D2G08002423008,加强件外径,1.55,1.65,True,1.6,1.600000000000005,4.884981308350689e-15,True
A2HT24092410-10,D2G09001486008,加强件外径,1.95,2.05,True,2.0,2.0154985084360084,0.015498508436008418,True
A2HT2409267-10,D1Z24090017082,加强件外径,2.45,2.55,True,2.5,2.4993246629654484,0.0006753370345515819,True
A2HT2410217-10,D2G10001303002,加强件外径,1.3,1.4,True,1.35,1.3500000000000014,1.3322676295501878e-15,True
A2HT24090413-10,D6G08001991025,加强件外径,1.4,1.5,True,1.45,1.4484478667049234,0.0015521332950765299,True
A2HT24083034-10,D1G08002131062,加强件外径,1.95,2.05,True,2.0,2.0,0.0,True
A2HT24102314-10,D2G10001551007,加强件外径,1.65,1.75,True,1.7,1.6999999999999966,3.3306690738754696e-15,True
A2HT24101216-10,D2G10000402025,加强件外径,1.95,2.05,True,2.0,1.9998556547619049,0.00014434523809514488,True
A2HT24102517-10,A2HT24102517100002,加强件外径,1.95,2.05,True,2.0,2.0141319444444443,0.014131944444444322,True
A2HT24101618-10,D2G10000871068,加强件外径,1.3,1.4,True,1.35,1.35,0.0,True
A2HT24091119-10,D2G09000752012,加强件外径,1.3,1.4,True,1.35,1.3500000000000005,4.440892098500626e-16,True
A2HT24082623-10,D1G080021008,加强件外径,1.35,1.45,True,1.35,1.3500000000000005,4.440892098500626e-16,True
A2HT24091036-10,D2G09000762007,加强件外径,1.65,1.75,True,1.7,1.6999999999999966,3.3306690738754696e-15,True
A2HT2410164-10,D1G09002501004,加强件外径,1.55,1.65,True,1.6,1.7156482181013444,0.11564821810134429,False
A2HT24101513-10,D6G09002493009,加强件外径,2.15,2.25,True,2.2,2.1975233156243887,0.0024766843756114376,True
A2HT24092717-10,D2G09002001029,加强件外径,1.3,1.4,True,1.35,1.3500000000000005,4.440892098500626e-16,True
A2HT2409123-10,D1G09001041028,加强件外径,1.65,1.75,True,1.7,1.7000196759259227,1.967592592277967e-05,True
A2HT2409203-10,D2G09001361009,加强件外径,1.65,1.75,True,1.7,1.700074074074067,7.407407406700983e-05,True
A2HT2409267-10,D1Z24090017088,加强件外径,2.45,2.55,True,2.5,2.4993246629654484,0.0006753370345515819,True
A2HT24100626-10,D2G09002373039,加强件外径,1.3,1.4,True,1.35,1.35,0.0,True
A2HT24101618-10,D2G10000871047,加强件外径,1.3,1.4,True,1.35,1.35,0.0,True
A2HT24092021-10,D2G09001361072,加强件外径,1.65,1.75,True,1.7,1.7000850694444376,8.506944443764652e-05,True
A2HT24101827-10,D1G10001101029,加强件外径,1.65,1.75,True,1.7,1.6999999999999966,3.3306690738754696e-15,True
A2HT24102316-10,D0Z24100011015,加强件外径,1.3,1.4,True,1.35,1.3501041666666684,0.00010416666666834828,True
A2HT24092027-10,D2G09001101005,加强件外径,0.55,0.65,True,0.6,0.6076165674603149,0.007616567460314916,True
A2HT24083034-10,D1G08002131025,加强件外径,1.95,2.05,True,2.0,2.0,0.0,True
A2HT24100615-10,D6G09000865016,加强件外径,2.15,2.25,True,2.2,2.2030136984741873,0.0030136984741870876,True
A2HT24083025-10,D1G08002339003,加强件外径,2.45,2.55,True,2.5,2.5,0.0,True
A2HT24092510-10,D1G09001953003,加强件外径,1.35,1.45,True,1.35,1.3501939033189032,0.0001939033189031214,True
A2HT24083063-10,D2G08002421002,加强件外径,1.55,1.65,True,1.6,1.5992129629629679,0.0007870370370322011,True
A2HT24101413-10,D2G10000762015,加强件外径,2.45,2.55,True,2.5,2.4985079931642433,0.0014920068357566763,True
A2HT2409123-10,D1G09001041027,加强件外径,1.65,1.75,True,1.7,1.7000196759259227,1.967592592277967e-05,True
A2HT2409132-10,D2G09001172014,加强件外径,1.3,1.4,True,1.35,1.3500000000000012,1.1102230246251565e-15,True
A2HT2409267-10,D1Z24090017085,加强件外径,2.45,2.55,True,2.5,2.4993246629654484,0.0006753370345515819,True
A2HT24100823-10,D0G09002381001,加强件外径,1.65,1.75,True,1.7,1.6880575227898125,0.011942477210187485,True
A2HT24090338-10,A2HT24090338100001,加强件外径,3.45,3.55,True,3.5,3.486269485780423,0.01373051421957694,True
A2HT24102215-10,D2G10001504013,加强件外径,1.3,1.4,True,1.35,1.3503350096997317,0.00033500969973165873,True
A2HT24092821-10,A2HT24092821100001,加强件外径,1.65,1.75,True,1.7,2.1714513888888844,0.4714513888888845,False
A2HT24083011-10,A2HT24083011100001,加强件外径,1.95,2.05,True,2.0,2.026488591269841,0.026488591269841155,True
A2HT24090321-10,A2HT24090321100002,加强件外径,3.45,3.55,True,3.5,3.486269485780423,0.01373051421957694,True
A2HT24092715-10,D1Z24090017104,加强件外径,2.45,2.55,True,2.5,2.4993246629654484,0.0006753370345515819,True
A2HT24090319-10,D6G08001001001,加强件外径,3.45,3.55,True,3.5,3.4960123886530137,0.003987611346986331,True
A2HT24101245-10,D6G09002492008,加强件外径,1.45,1.55,True,1.5,1.4972855801483884,0.0027144198516115825,True
A2HT24092026-10,D6G0900086B008,加强件外径,2.05,2.15,True,2.1,2.0686405064842606,0.03135949351573952,True
A2HT2410167-10,D2G10000871011,加强件外径,1.3,1.4,True,1.35,1.35,0.0,True
A2HT24083036-10,D6G08001661003,加强件外径,1.4,1.5,True,1.45,1.4265008994443698,0.023499100555630204,True
A2HT24092417-10,D2G09001362018,加强件外径,0.55,0.65,True,0.6,0.5999999999999973,2.6645352591003757e-15,True
A2HT2409203-10,D2G09001361024,加强件外径,1.65,1.75,True,1.7,1.700074074074067,7.407407406700983e-05,True
A2HT24083034-10,D1G08002131146,加强件外径,1.95,2.05,True,2.0,2.0,0.0,True
A2HT24092019-10,D1G09001041061,加强件外径,1.65,1.75,True,1.7,1.7003223245551,0.00032232455510006197,True
A2HT24092812-10,D9G09000831003,加强件外径,2.45,2.55,True,2.5,2.5,0.0,True
A2HT24101216-10,D2G10000402002,加强件外径,1.95,2.05,True,2.0,1.9998556547619049,0.00014434523809514488,True
A2HT24082311-10,D2G08001861036,加强件外径,1.95,2.05,True,2.0,1.999982553366174,1.744663382607925e-05,True
A2HT24101823-10,D0G10000181001,加强件外径,1.4,1.5,True,1.45,1.8090201553799659,0.3590201553799659,False
A2HT24090920-10,D2G09000672001,加强件外径,1.65,1.75,True,1.7,1.7006741071428537,0.0006741071428537637,True
A2HT24092828-10,D2G09002111007,加强件外径,1.3,1.4,True,1.35,1.3499999999999994,6.661338147750939e-16,True
A2HT24102816-10,D0G10000871001,加强件外径,2.15,2.25,True,2.2,2.170240755772001,0.029759244227999027,True
A2HT24091935-10,D1G09001443043,加强件外径,1.35,1.45,True,1.35,1.3505018601953656,0.0005018601953654667,True
A2HT24092010-10,D6G09000861029,加强件外径,2.15,2.25,True,2.2,2.199999999999994,6.217248937900877e-15,True
A2HT2409045-10,D2G09000112011,加强件外径,1.65,1.75,True,1.7,1.7024395457266221,0.0024395457266221943,True
A2HT24092045-10,D2G09001463002,加强件外径,2.45,2.55,True,2.5,2.490857142857144,0.009142857142856009,True
A2HT24101115-10,D2G10000262031,加强件外径,1.3,1.4,True,1.35,1.3500000000000005,4.440892098500626e-16,True
A2HT24082925-10,D1G080033025,加强件外径,1.65,1.75,True,1.7,1.6999999999999966,3.3306690738754696e-15,True
A2HT2409198-10,D6G09000861018,加强件外径,2.15,2.25,True,2.2,2.1992882395382334,0.0007117604617667972,True
A2HT24090628-10,D2G09000441002,加强件外径,1.65,1.75,True,1.7,1.6999905303030234,9.46969697657174e-06,True
A2HT24083052-10,D1G08002483009,加强件外径,1.35,1.45,True,1.35,1.3500000000000005,4.440892098500626e-16,True
A2HT24083021-10,D1G08002335027,加强件外径,1.65,1.75,True,1.7,1.6999999999999966,3.3306690738754696e-15,True
A2HT24083056-10,D2G08002464002,加强件外径,2.45,2.55,False,2.4,2.4994293017246774,0.09942930172467745,True
A2HT24082924-10,D1G080032018,加强件外径,1.75,1.85,True,1.8,1.7985516013352898,0.0014483986647102487,True
A2HT24101827-10,D1G10001101049,加强件外径,1.65,1.75,True,1.7,1.6999999999999966,3.3306690738754696e-15,True
A2HT2409135-10,D2G09000841002,加强件外径,2.25,2.35,True,2.3,2.3008055555555607,0.0008055555555608329,True
A2HT24091113-10,D2F12000751035,加强件外径,2.45,2.55,True,2.5,2.4991866466866464,0.0008133533133536375,True
A2HT24101114-10,D2G10000261029,加强件外径,1.3,1.4,True,1.35,1.3500000000000005,4.440892098500626e-16,True
A2HT24102511-10,D2G10001531005,加强件外径,0.55,0.65,True,0.6,0.5999999999999973,2.6645352591003757e-15,True
A2HT24100920-10,D2G09002421010,加强件外径,0.55,0.65,True,0.6,0.5999999999999973,2.6645352591003757e-15,True
A2HT24092855-10,D9G09000781014,加强件外径,2.45,2.55,True,2.5,2.495690115440115,0.004309884559885013,True
A2HT24101115-10,D2G10000262010,加强件外径,1.3,1.4,True,1.35,1.3500000000000005,4.440892098500626e-16,True
A2HT24083036-10,D6G08001661002,加强件外径,1.4,1.5,True,1.45,1.4265008994443698,0.023499100555630204,True
A2HT24100917-10,D0G09002581005,加强件外径,2.15,2.25,True,2.2,2.199999999999994,6.217248937900877e-15,True
A2HT24092056-10,D2G09001671007,加强件外径,2.45,2.55,True,2.5,2.4924212274993525,0.007578772500647535,True
A2HT24101026-10,D6G09002531005,加强件外径,0.55,0.65,True,0.6,0.6063888888888862,0.006388888888886224,True
A2HT24092521-10,D2G09002051024,加强件外径,1.3,1.4,True,1.35,1.35,0.0,True
A2HT24082930-10,D2G08002424015,加强件外径,1.3,1.4,True,1.35,1.35,0.0,True
A2HT24102313-10,D1G10001612006,加强件外径,1.35,1.45,True,1.35,1.3502336281119192,0.00023362811191907085,True
A2HT24100816-10,D0G09002591004,加强件外径,2.15,2.25,True,2.2,2.1912619047618986,0.00873809523810154,True
A2HT24083072-10,D2G08002531003,加强件外径,0.95,1.05,True,1.0,1.00625,0.006250000000000089,True
A2HT24091019-10,D2G09000481003,加强件外径,2.25,2.35,True,2.3,2.301687599206353,0.0016875992063529743,True
A2HT24092015-10,D1G09001443167,加强件外径,1.35,1.45,True,1.35,1.3500000000000014,1.3322676295501878e-15,True
A2HT24102544-10,D1G10001722003,加强件外径,2.15,2.25,True,2.2,2.1998214285714224,0.00017857142857780062,True
A2HT24092310-10,D6G09000863016,加强件外径,2.15,2.25,True,2.2,2.1999479166666602,5.20833333399473e-05,True
A2HT24082031-10,D6G08001501029,加强件外径,1.95,2.05,True,2.0,1.969134287278661,0.030865712721338978,True
A2HT24092324-10,D2G09001484036,加强件外径,1.3,1.4,True,1.35,1.3500000000000019,1.7763568394002505e-15,True
A2HT24101215-10,D0G10000162006,加强件外径,1.75,1.85,True,1.8,1.8010261211598346,0.001026121159834581,True
A2HT24101827-10,D1G10001101020,加强件外径,1.65,1.75,True,1.7,1.6999999999999966,3.3306690738754696e-15,True
A2HT24102429-10,D0G10000845019,加强件外径,1.3,1.4,True,1.35,1.3508020486241625,0.0008020486241624436,True
A2HT24083021-10,D1G08002335005,加强件外径,1.65,1.75,True,1.7,1.6999999999999966,3.3306690738754696e-15,True
A2HT24092324-10,D2G09001484022,加强件外径,1.3,1.4,True,1.35,1.3500000000000019,1.7763568394002505e-15,True
A2HT24083035-10,A2HT24083035100005,加强件外径,1.95,2.05,True,2.0,2.0021338510392503,0.002133851039250345,True
A2HT24083034-10,D1G08002131100,加强件外径,1.95,2.05,True,2.0,2.0,0.0,True
A2HT24100617-10,D0G09002511001,加强件外径,1.4,1.5,False,1.35,1.3548476190476206,0.004847619047620544,False
A2HT24092837-10,D1G09002023003,加强件外径,2.45,2.55,True,2.5,2.5,0.0,True
A2HT24100911-10,D2G10000051025,加强件外径,1.3,1.4,True,1.35,1.35,0.0,True
A2HT24101216-10,D2G10000402052,加强件外径,1.95,2.05,True,2.0,1.9998556547619049,0.00014434523809514488,True
A2HT24090418-10,D2G09000052002,加强件外径,2.45,2.55,True,2.5,2.075582008668461,0.4244179913315391,False
A2HT24083036-10,D6G08001661012,加强件外径,1.4,1.5,True,1.45,1.4265008994443698,0.023499100555630204,True
A2HT2409131-10,D2G09001171020,加强件外径,1.3,1.4,True,1.35,1.35,0.0,True
A2HT2409132-10,D2G09001172020,加强件外径,1.3,1.4,True,1.35,1.3500000000000012,1.1102230246251565e-15,True
A2HT24091225-10,D2G09001171010,加强件外径,1.3,1.4,True,1.35,1.3500000000000005,4.440892098500626e-16,True
A2HT2409045-10,D2G09000112017,加强件外径,1.65,1.75,True,1.7,1.7024395457266221,0.0024395457266221943,True
A2HT24091430-10,A2HT24091430100011,加强件外径,2.45,2.55,True,2.5,2.499646901709402,0.00035309829059793074,True
A2HT24101123-10,A2HT24101123100001,加强件外径,2.15,2.25,True,2.2,2.0865675169021722,0.11343248309782794,False
A2HT24091441-10,D2G09001261051,加强件外径,1.3,1.4,True,1.35,1.3500000000000012,1.1102230246251565e-15,True
A2FX2409012-10,D1G03003300802,加强件外径,1.55,1.65,True,1.6,1.3026023027898026,0.2973976972101975,False
A2HT24100625-10,D2G09002372037,加强件外径,1.3,1.4,True,1.35,1.3500000000000005,4.440892098500626e-16,True
A2HT24083022-10,D0G07002702102,加强件外径,1.75,1.85,True,1.8,1.7999642858311022,3.5714168897804655e-05,True
A2HT2409249-10,D2G09001482026,加强件外径,1.3,1.4,True,1.35,1.350000000000001,8.881784197001252e-16,True
A2HT24083066-10,D2G08002426022,加强件外径,1.3,1.4,True,1.35,1.35,0.0,True
A2HT24092317-10,A2HT24092317100001,加强件外径,1.95,2.05,True,2.0,2.3353179112554114,0.33531791125541144,False
A2HT24100911-10,D2G10000051033,加强件外径,1.3,1.4,True,1.35,1.35,0.0,True
A2HT24092827-10,A2HT24092827100003,加强件外径,2.45,2.55,True,2.5,2.499884259259259,0.00011574074074083285,True
A2HT24083067-10,D2G08002424056,加强件外径,1.3,1.4,True,1.35,1.35,0.0,True
A2HT2409133-10,D0G09000271029,加强件外径,2.45,2.55,True,2.5,2.5,0.0,True
A2HT2409197-10,D6G09000866001,加强件外径,1.95,2.05,True,2.0,1.9959722222222223,0.004027777777777741,True
A2HT24102554-10,D0G10000921001,加强件外径,2.15,2.25,True,2.2,2.4452899230399208,0.2452899230399206,False
A2HT2410215-10,D2G10001301015,加强件外径,1.3,1.4,True,1.35,1.35,0.0,True
A2HT24101416-10,D2G10000791002,加强件外径,2.45,2.55,True,2.5,2.2273489109825215,0.2726510890174785,False
A2HT24092015-10,D1G09001443182,加强件外径,1.35,1.45,True,1.35,1.3500000000000014,1.3322676295501878e-15,True
A2HT2409257-10,D1G09001951012,加强件外径,1.35,1.45,True,1.35,1.350000000000001,8.881784197001252e-16,True
A2HT24083034-10,D1G08002131058,加强件外径,1.95,2.05,True,2.0,2.0,0.0,True
A2HT24090217-10,D9G08001291001,加强件外径,2.65,2.75,True,2.7,2.6679057539682574,0.032094246031742824,True
A2HT24083053-10,D1G08002481012,加强件外径,1.35,1.45,True,1.35,1.350000000000001,8.881784197001252e-16,True
A2HT2410158-10,D2G10000266049,加强件外径,1.15,1.25,True,1.2,1.193822985526367,0.006177014473633058,True
A2HT24100911-10,D2G10000051016,加强件外径,1.3,1.4,True,1.35,1.35,0.0,True
A2HT24090326-10,A2HT24090326100001,加强件外径,3.45,3.55,True,3.5,3.03555090950716,0.46444909049284,False
A2HT24102424-10,D0G10001671001,加强件外径,1.3,1.4,True,1.35,1.35,0.0,True
A2HT24083025-10,D1G08002339002,加强件外径,2.45,2.55,True,2.5,2.5,0.0,True
A2HT24090628-10,D2G09000441012,加强件外径,1.65,1.75,True,1.7,1.6999905303030234,9.46969697657174e-06,True
A2HT24092813-10,D1G09002201002,加强件外径,2.45,2.55,True,2.5,2.5,0.0,True
A2HT24101114-10,D2G10000261024,加强件外径,1.3,1.4,True,1.35,1.3500000000000005,4.440892098500626e-16,True
A2HT24083010-10,D1G08002337005,加强件外径,1.95,2.05,True,2.0,2.0,0.0,True
A2HT24091020-10,D2G09000091003,加强件外径,2.45,2.55,True,2.5,2.5,0.0,True
A2HT24102217-10,A2HT24102217100005,加强件外径,1.95,2.05,True,2.0,2.0007499224703174,0.0007499224703173546,True
A2HT24101243-10,D0G10000162034,加强件外径,1.75,1.85,True,1.8,1.7992038410872488,0.0007961589127511992,True
A2HT24091429-10,D0G09000271034,加强件外径,2.45,2.55,True,2.5,2.5,0.0,True
A2HT2409257-10,D1G09001951008,加强件外径,1.35,1.45,True,1.35,1.350000000000001,8.881784197001252e-16,True
A2HT2409306-10,D2G09002374021,加强件外径,1.65,1.75,True,1.7,1.700018939393936,1.8939393936046045e-05,True
A2HT24090225-10,D2G08002521004,加强件外径,0.95,1.05,True,1.0,1.0,0.0,True
A2HT24083010-10,D1G08002337001,加强件外径,1.95,2.05,True,2.0,2.0,0.0,True
A2HT2409306-10,D2G09002374004,加强件外径,1.65,1.75,True,1.7,1.700018939393936,1.8939393936046045e-05,True
A2HT24101827-10,D1G10001101064,加强件外径,1.65,1.75,True,1.7,1.6999999999999966,3.3306690738754696e-15,True
A2HT24100630-10,D2G09002571010,加强件外径,2.45,2.55,True,2.5,2.4974067182817175,0.0025932817182825474,True
A2HT24090433-10,D9G09000052003,加强件外径,2.15,2.25,True,2.2,2.1952222222222155,0.004777777777784653,True
A2HT24083034-10,D1G08002131089,加强件外径,1.95,2.05,True,2.0,2.0,0.0,True
A2HT24092061-10,D9G09000511001,加强件外径,2.35,2.45,True,2.4,2.3705912698412637,0.02940873015873624,True
A2HT24091935-10,D1G09001443196,加强件外径,1.35,1.45,True,1.35,1.3505018601953656,0.0005018601953654667,True
A2HT24091215-10,D1G09001041074,加强件外径,1.65,1.75,True,1.7,1.7003223245551,0.00032232455510006197,True
A2HT24092051-10,A2HT24092051100001,加强件外径,2.45,2.55,False,1.1,1.115770863395864,0.015770863395863977,False
A2HT2409267-10,D1Z24090017090,加强件外径,2.45,2.55,True,2.5,2.4993246629654484,0.0006753370345515819,True
A2HT24090225-10,D2G08002521013,加强件外径,0.95,1.05,True,1.0,1.0,0.0,True
A2HT24083023-10,D2G08002311002,加强件外径,0.95,1.05,True,1.0,1.0,0.0,True
A2HT24091013-10,D2G09000531002,加强件外径,2.25,2.35,True,2.3,2.301687599206353,0.0016875992063529743,True
A2HT24083059-10,D2G08002451001,加强件外径,0.95,1.05,True,1.0,1.0,0.0,True
A2HT2409123-10,D1G09001041053,加强件外径,1.65,1.75,True,1.7,1.7000196759259227,1.967592592277967e-05,True
A2HT24101226-10,D2G10000282001,加强件外径,0.55,0.65,True,0.6,0.8447130907287127,0.24471309072871272,False
A2HT24091813-10,D9G09000441001,加强件外径,1.4,1.5,False,1.35,1.35130260942761,0.0013026094276098465,False
A2HT2410215-10,D2G10001301005,加强件外径,1.3,1.4,True,1.35,1.35,0.0,True
A2HT24101618-10,D2G10000871079,加强件外径,1.3,1.4,True,1.35,1.35,0.0,True
A2HT2409091-10,D1G09000221004,加强件外径,2.15,2.25,True,2.2,2.2004807148869587,0.00048071488695855535,True
A2HT24083039-10,D0G07002701001,加强件外径,1.3,1.4,True,1.35,1.9420468664960147,0.5920468664960146,False
A2HT24100616-10,D2G09002371025,加强件外径,1.65,1.75,True,1.7,1.6999999999999966,3.3306690738754696e-15,True
A2HT2409203-10,D2G09001361021,加强件外径,1.65,1.75,True,1.7,1.700074074074067,7.407407406700983e-05,True
A2HT24082314-10,A2HT24082314100004,加强件外径,1.95,2.05,True,2.0,2.0120871998372,0.012087199837199858,True
A2HT2409287-10,D2G09002221003,加强件外径,0.95,1.05,True,1.0,1.0008928571428573,0.0008928571428572507,True
A2HT24102217-10,A2HT24102217100011,加强件外径,1.95,2.05,True,2.0,2.0007499224703174,0.0007499224703173546,True
A2HT24093011-10,D2G09002233003,加强件外径,1.3,1.4,True,1.35,1.3581019826102563,0.008101982610256186,True
A2HT24092855-10,D9G09000781013,加强件外径,2.45,2.55,True,2.5,2.495690115440115,0.004309884559885013,True
A2HT24090631-10,D0G09000372001,加强件外径,1.4,1.5,False,1.35,1.3678509093915365,0.01785090939153644,False
A2FX2410081-10,D1G0900208101801,加强件外径,1.3,1.4,True,1.35,1.241968163780664,0.10803183621933599,False
A2HT2409184-10,D2G09001262042,加强件外径,1.3,1.4,True,1.35,1.35,0.0,True
A2HT24092521-10,D2G09002051006,加强件外径,1.3,1.4,True,1.35,1.35,0.0,True
A2HT24091121-10,D2G09000754006,加强件外径,1.95,2.05,True,2.0,2.0003407275594776,0.0003407275594775605,True
A2HT24083010-10,D1G08002337006,加强件外径,1.95,2.05,True,2.0,2.0,0.0,True
A2HT24091814-10,D0D06000091012,加强件外径,2.15,2.25,True,2.2,2.2013130245299304,0.0013130245299302068,True
A2HT24091225-10,D2G09001171044,加强件外径,1.3,1.4,True,1.35,1.3500000000000005,4.440892098500626e-16,True
A2HT2410167-10,D2G10000871001,加强件外径,1.3,1.4,True,1.35,1.35,0.0,True
A2HT24100648-10,D6G09000863034,加强件外径,2.15,2.25,True,2.2,2.1992361111111047,0.0007638888888954476,True
A2HT24091225-10,D2G09001171034,加强件外径,1.3,1.4,True,1.35,1.3500000000000005,4.440892098500626e-16,True
A2HT24092015-10,D1G09001443151,加强件外径,1.35,1.45,True,1.35,1.3500000000000014,1.3322676295501878e-15,True
A2HT2410239-10,D2G09000401007,加强件外径,2.45,2.55,True,2.5,2.499697420634921,0.0003025793650790476,True
A2HT24091935-10,D1G09001443001,加强件外径,1.35,1.45,True,1.35,1.3505018601953656,0.0005018601953654667,True
A2HT2409186-10,D6G09000867006,加强件外径,2.15,2.25,True,2.2,2.2039646164021107,0.0039646164021105434,True
A2HT24090228-10,D2G08002524003,加强件外径,1.3,1.4,True,1.35,1.3521527777777778,0.00215277777777767,True
A2HT24092053-10,D0G09001572002,加强件外径,1.65,1.75,True,1.7,1.7024039400482383,0.0024039400482382955,True
A2HT24091036-10,D2G09000762026,加强件外径,1.65,1.75,True,1.7,1.6999999999999966,3.3306690738754696e-15,True
A2HT24092521-10,D2G09002051017,加强件外径,1.3,1.4,True,1.35,1.35,0.0,True
A2HT24092850-10,D2G09002001043,加强件外径,1.3,1.4,True,1.35,1.3500000000000005,4.440892098500626e-16,True
A2HT24083034-10,D1G08002131059,加强件外径,1.95,2.05,True,2.0,2.0,0.0,True
A2FX2410182-10,D1G0900195700401,加强件外径,2.45,2.55,True,2.5,2.152696331513161,0.3473036684868389,False
A2HT24091414-10,D2G09001262006,加强件外径,1.3,1.4,True,1.35,1.35,0.0,True
A2HT24100911-10,D2G10000051055,加强件外径,1.3,1.4,True,1.35,1.35,0.0,True
A2HT24083022-10,D0G07002702123,加强件外径,1.75,1.85,True,1.8,1.7999642858311022,3.5714168897804655e-05,True
A2HT24082924-10,D1G080032029,加强件外径,1.75,1.85,True,1.8,1.7985516013352898,0.0014483986647102487,True
A2HT24083021-10,D1G08002335032,加强件外径,1.65,1.75,True,1.7,1.6999999999999966,3.3306690738754696e-15,True
A2HT24082314-10,A2HT24082314100007,加强件外径,1.95,2.05,True,2.0,2.0120871998372,0.012087199837199858,True
A2HT24091814-10,D0D06000091005,加强件外径,2.15,2.25,True,2.2,2.2013130245299304,0.0013130245299302068,True
A2HT24100912-10,D2G10000054006,加强件外径,1.65,1.75,True,1.7,1.7002426451884145,0.00024264518841454752,True
A2HT24083021-10,D1G08002335028,加强件外径,1.65,1.75,True,1.7,1.6999999999999966,3.3306690738754696e-15,True
A2HT24083035-10,A2HT24083035100033,加强件外径,1.95,2.05,True,2.0,2.0021338510392503,0.002133851039250345,True
A2HT24101115-10,D2G10000262048,加强件外径,1.3,1.4,True,1.35,1.3500000000000005,4.440892098500626e-16,True
A2HT24092850-10,D2G09002001040,加强件外径,1.3,1.4,True,1.35,1.3500000000000005,4.440892098500626e-16,True
A2HT24091430-10,A2HT24091430100012,加强件外径,2.45,2.55,True,2.5,2.499646901709402,0.00035309829059793074,True
A2HT24083034-10,D1G08002131123,加强件外径,1.95,2.05,True,2.0,2.0,0.0,True
A2HT24100911-10,D2G10000051029,加强件外径,1.3,1.4,True,1.35,1.35,0.0,True
A2HT24082930-10,D2G08002424008,加强件外径,1.3,1.4,True,1.35,1.35,0.0,True
A2HT24092825-10,D6G09000863035,加强件外径,2.15,2.25,True,2.2,2.199999999999994,6.217248937900877e-15,True
A2HT24092012-10,D6G09000867018,加强件外径,2.15,2.25,True,2.2,2.199999999999994,6.217248937900877e-15,True
A2HT24092013-10,D2G09001361028,加强件外径,1.65,1.75,True,1.7,1.700074074074067,7.407407406700983e-05,True
A2HT2409263-10,D2G09002092001,加强件外径,2.25,2.35,True,2.3,2.3053125000000048,0.005312500000004938,True
A2HT24082924-10,D1G080032024,加强件外径,1.75,1.85,True,1.8,1.7985516013352898,0.0014483986647102487,True
A2HT24102511-10,D2G10001531010,加强件外径,0.55,0.65,True,0.6,0.5999999999999973,2.6645352591003757e-15,True
A2HT24082311-10,D2G08001861003,加强件外径,1.95,2.05,True,2.0,1.999982553366174,1.744663382607925e-05,True
A2HT2410167-10,D2G10000871023,加强件外径,1.3,1.4,True,1.35,1.35,0.0,True
A2HT24090433-10,D9G09000052002,加强件外径,2.15,2.25,True,2.2,2.1952222222222155,0.004777777777784653,True
A2HT24092324-10,D2G09001484035,加强件外径,1.3,1.4,True,1.35,1.3500000000000019,1.7763568394002505e-15,True
A2HT24083030-10,A2HT24083030100001,加强件外径,1.4,1.5,False,1.7,1.5489030576863163,0.15109694231368365,False
A2HT24100911-10,D2G10000051011,加强件外径,1.3,1.4,True,1.35,1.35,0.0,True
A2HT24091935-10,D1G09001443064,加强件外径,1.35,1.45,True,1.35,1.3505018601953656,0.0005018601953654667,True
A2HT2409091-10,D1G09000221010,加强件外径,2.15,2.25,True,2.2,2.2004807148869587,0.00048071488695855535,True
A2HT24101410-10,D2G10000266021,加强件外径,1.15,1.25,True,1.2,1.193822985526367,0.006177014473633058,True
A2HT24082929-10,D2G08002422004,加强件外径,1.3,1.4,True,1.35,1.35,0.0,True
A2HT24091110-10,D9G09000202004,加强件外径,2.15,2.25,True,2.2,2.2024479166666606,0.0024479166666604435,True
A2HT24102429-10,D0G10000845044,加强件外径,1.3,1.4,True,1.35,1.3508020486241625,0.0008020486241624436,True
A2HT24101216-10,D2G10000402055,加强件外径,1.95,2.05,True,2.0,1.9998556547619049,0.00014434523809514488,True
A2HT24083016-10,D2G08002301003,加强件外径,2.45,2.55,True,2.5,2.4994293017246774,0.0005706982753226342,True
A2HT24092025-10,A2HT24092025100001,加强件外径,2.45,2.55,True,2.5,2.4768830128205126,0.023116987179487403,True
A2HT24101724-10,D9G10000151001,加强件外径,2.15,2.25,True,2.2,2.2159608146483154,0.015960814648315225,True
A2FX2409093-10,D2G0800071800601,加强件外径,1.65,1.75,True,1.7,1.4336203253027806,0.26637967469721935,False
A2HT24101020-10,D0G10000061001,加强件外径,1.4,1.5,False,2.0,1.3983162367724877,0.6016837632275123,False
A2HT24102516-10,D1G10001714011,加强件外径,1.95,2.05,True,2.0,2.000257505175983,0.0002575051759832192,True
A2HT24100924-10,D1G09002502002,加强件外径,1.35,1.45,True,1.35,1.3638008221515634,0.013800822151563308,True
A2HT24090413-10,D6G08001991011,加强件外径,1.4,1.5,True,1.45,1.4484478667049234,0.0015521332950765299,True
A2HT24091935-10,D1G09001443013,加强件外径,1.35,1.45,True,1.35,1.3505018601953656,0.0005018601953654667,True
A2HT24092015-10,D1G09001443144,加强件外径,1.35,1.45,True,1.35,1.3500000000000014,1.3322676295501878e-15,True
A2HT24092717-10,D2G09002001031,加强件外径,1.3,1.4,True,1.35,1.3500000000000005,4.440892098500626e-16,True
A2HT24092015-10,D1G09001443172,加强件外径,1.35,1.45,True,1.35,1.3500000000000014,1.3322676295501878e-15,True
A2HT24092615-10,D1G09002081110,加强件外径,1.3,1.4,True,1.35,1.3500000000000005,4.440892098500626e-16,True
A2HT24101525-10,D9G09000866002,加强件外径,2.2,2.4,True,2.3,2.263485432330831,0.03651456766916894,True
A2HT24101115-10,D2G10000262009,加强件外径,1.3,1.4,True,1.35,1.3500000000000005,4.440892098500626e-16,True
A2HT24092015-10,D1G09001443131,加强件外径,1.35,1.45,True,1.35,1.3500000000000014,1.3322676295501878e-15,True
A2HT24102316-10,D0Z24100011003,加强件外径,1.3,1.4,True,1.35,1.3501041666666684,0.00010416666666834828,True
A2HT24092018-10,A2HT24092018100001,加强件外径,2.45,2.55,True,2.5,2.501116071428571,0.0011160714285711748,True
A2HT24100916-10,D0G09000914002,加强件外径,1.3,1.4,True,1.35,1.3731804511278218,0.023180451127821744,True
A2HT2408284-10,D2G08002171001,加强件外径,2.25,2.35,True,2.3,2.305289351851856,0.005289351851855972,True
A2HT24101411-10,D2G10000761018,加强件外径,1.65,1.75,True,1.7,1.6999999999999966,3.3306690738754696e-15,True
A2HT24101413-10,D2G10000762021,加强件外径,2.45,2.55,True,2.5,2.4985079931642433,0.0014920068357566763,True
A2HT2409201-10,D1Z24090017007,加强件外径,2.45,2.55,True,2.5,2.4993246629654484,0.0006753370345515819,True
A2HT2409133-10,D0G09000271002,加强件外径,2.45,2.55,True,2.5,2.5,0.0,True
A2HT24100911-10,D2G10000051017,加强件外径,1.3,1.4,True,1.35,1.35,0.0,True
A2HT24090918-10,D2G09000681001,加强件外径,1.65,1.75,True,1.7,1.6999999999999966,3.3306690738754696e-15,True
A2HT24083021-10,D1G08002335013,加强件外径,1.65,1.75,True,1.7,1.6999999999999966,3.3306690738754696e-15,True
A2HT24082810-10,D1G080031009,加强件外径,1.35,1.45,True,1.35,1.35,0.0,True
A2HT24092827-10,A2HT24092827100002,加强件外径,2.45,2.55,True,2.5,2.499884259259259,0.00011574074074083285,True
A2HT24101116-10,D2G10000263023,加强件外径,1.65,1.75,True,1.7,1.7014312856072953,0.0014312856072953295,True
A2HT24091215-10,D1G09001041070,加强件外径,1.65,1.75,True,1.7,1.7003223245551,0.00032232455510006197,True
A2HT24090628-10,D2G09000441047,加强件外径,1.65,1.75,True,1.7,1.6999905303030234,9.46969697657174e-06,True
A2HT24092835-10,D1G09001957003,加强件外径,2.45,2.55,True,2.5,2.5,0.0,True
A2HT24100924-10,D1G09002502034,加强件外径,1.35,1.45,True,1.35,1.3638008221515634,0.013800822151563308,True
A2HT24101844-10,D0G10000641001,加强件外径,1.45,1.55,True,1.5,1.8476131570975332,0.34761315709753315,False
A2HT24091215-10,D1G09001041076,加强件外径,1.65,1.75,True,1.7,1.7003223245551,0.00032232455510006197,True
A2HT24090628-10,D2G09000441017,加强件外径,1.65,1.75,True,1.7,1.6999905303030234,9.46969697657174e-06,True
A2HT24100617-10,D0G09002511008,加强件外径,1.4,1.5,False,1.35,1.3548476190476206,0.004847619047620544,False
A2HT24082810-10,D1G080031003,加强件外径,1.35,1.45,True,1.35,1.35,0.0,True
A2HT24101411-10,D2G10000761019,加强件外径,1.65,1.75,True,1.7,1.6999999999999966,3.3306690738754696e-15,True
A2HT24092823-10,DHHA2309001550002,加强件外径,2.15,2.25,True,2.2,2.1970833333333264,0.002916666666673784,True
A2HT24082930-10,D2G08002424030,加强件外径,1.3,1.4,True,1.35,1.35,0.0,True
A2HT2409132-10,D2G09001172023,加强件外径,1.3,1.4,True,1.35,1.3500000000000012,1.1102230246251565e-15,True
A2HT24082810-10,D1G080031001,加强件外径,1.35,1.45,True,1.35,1.35,0.0,True
A2HT24090331-10,D6G08001031001,加强件外径,3.45,3.55,True,3.5,1.7937972132034645,1.7062027867965355,False
A2HT24092322-10,D0G09001762027,加强件外径,1.4,1.5,False,1.35,1.3500000000000016,1.5543122344752192e-15,False
A2HT24092021-10,D2G09001361058,加强件外径,1.65,1.75,True,1.7,1.7000850694444376,8.506944443764652e-05,True
A2HT24082930-10,D2G08002424035,加强件外径,1.3,1.4,True,1.35,1.35,0.0,True
A2HT24090516-10,D2G09000092005,加强件外径,0.95,1.05,True,1.0,1.0,0.0,True
A2HT2408272-10,D6G08001951002,加强件外径,0.55,0.65,True,0.6,0.6439027777777752,0.04390277777777518,True
A2HT2410217-10,D2G10001303017,加强件外径,1.3,1.4,True,1.35,1.3500000000000014,1.3322676295501878e-15,True
A2HT24092419-10,D2G09001441007,加强件外径,1.55,1.65,True,1.6,1.6057361111111157,0.005736111111115605,True
A2HT24090931-10,D2G09000543001,加强件外径,1.3,1.4,True,1.35,1.5213272956278467,0.17132729562784665,False
A2HT24091119-10,D2G09000752035,加强件外径,1.3,1.4,True,1.35,1.3500000000000005,4.440892098500626e-16,True
A2HT24092021-10,D2G09001361073,加强件外径,1.65,1.75,True,1.7,1.7000850694444376,8.506944443764652e-05,True
A2HT24092853-10,D2G09002001098,加强件外径,1.3,1.4,True,1.35,1.35,0.0,True
A2HT24101216-10,D2G10000402020,加强件外径,1.95,2.05,True,2.0,1.9998556547619049,0.00014434523809514488,True
A2HT2409249-10,D2G09001482028,加强件外径,1.3,1.4,True,1.35,1.350000000000001,8.881784197001252e-16,True
A2FX2409261-10,D2G0800242300901,加强件外径,1.55,1.65,True,1.6,1.7324144977435436,0.13241449774354352,False
A2HT24082930-10,D2G08002424050,加强件外径,1.3,1.4,True,1.35,1.35,0.0,True
A2HT24092852-10,D6G09000865005,加强件外径,2.15,2.25,True,2.2,2.199999999999994,6.217248937900877e-15,True
A2HT24102216-10,D0G10001471021,加强件外径,1.95,2.05,True,2.0,2.0001848370927315,0.00018483709273153792,True
A2HT24083076-10,D2G08002271001,加强件外径,1.3,1.4,True,1.35,1.3387502104377111,0.011249789562288948,True
A2HT24092017-10,D1Z24090017038,加强件外径,2.45,2.55,True,2.5,2.4993246629654484,0.0006753370345515819,True
A2HT2409184-10,D2G09001262072,加强件外径,1.3,1.4,True,1.35,1.35,0.0,True
A2HT24100616-10,D2G09002371011,加强件外径,1.65,1.75,True,1.7,1.6999999999999966,3.3306690738754696e-15,True
A2HT24090218-10,D9G08001301001,加强件外径,2.65,2.75,True,2.7,2.6679057539682574,0.032094246031742824,True
A2HT24092615-10,D1G09002081030,加强件外径,1.3,1.4,True,1.35,1.3500000000000005,4.440892098500626e-16,True
A2HT24102313-10,D1G10001612007,加强件外径,1.35,1.45,True,1.35,1.3502336281119192,0.00023362811191907085,True
A2HT24082624-10,D1G080022036,加强件外径,1.65,1.75,True,1.7,1.6999999999999966,3.3306690738754696e-15,True
A2HT24090120-10,D0G08002031039,加强件外径,2.35,2.45,True,2.4,2.397220238095228,0.0027797619047720268,True
A2HT24100615-10,D6G09000865021,加强件外径,2.15,2.25,True,2.2,2.2030136984741873,0.0030136984741870876,True
A2HT24101216-10,D2G10000402008,加强件外径,1.95,2.05,True,2.0,1.9998556547619049,0.00014434523809514488,True
A2HT24083035-10,A2HT24083035100018,加强件外径,1.95,2.05,True,2.0,2.0021338510392503,0.002133851039250345,True
A2HT24092521-10,D2G09002051013,加强件外径,1.3,1.4,True,1.35,1.35,0.0,True
A2HT24092013-10,D2G09001361045,加强件外径,1.65,1.75,True,1.7,1.700074074074067,7.407407406700983e-05,True
A2HT24092020-10,D6G09000867042,加强件外径,2.15,2.25,True,2.2,2.198374227563367,0.0016257724366330883,True
A2HT2409198-10,D6G09000861023,加强件外径,2.15,2.25,True,2.2,2.1992882395382334,0.0007117604617667972,True
A2HT24091226-10,D0G09000271006,加强件外径,2.45,2.55,True,2.5,2.497678571428571,0.0023214285714288074,True
A2HT24100911-10,D2G10000051058,加强件外径,1.3,1.4,True,1.35,1.35,0.0,True
A2HT24091920-10,D2G09001352001,加强件外径,1.95,2.05,True,2.0,2.1427479256854256,0.1427479256854256,False
A2HT24083056-10,D2G08002464004,加强件外径,2.45,2.55,True,2.5,2.4994293017246774,0.0005706982753226342,True
A2HT24100911-10,D2G10000051042,加强件外径,1.3,1.4,True,1.35,1.35,0.0,True
A2HT24083021-10,D1G08002335034,加强件外径,1.65,1.75,True,1.7,1.6999999999999966,3.3306690738754696e-15,True
A2HT24091021-10,D2G09000053001,加强件外径,2.45,2.55,True,2.5,2.4963888888888888,0.0036111111111112315,True
A2HT24083034-10,D1G08002131068,加强件外径,1.95,2.05,True,2.0,2.0,0.0,True
A2HT24101216-10,D2G10000402056,加强件外径,1.95,2.05,True,2.0,1.9998556547619049,0.00014434523809514488,True
A2FX2410246-10,D1G03003200801,加强件外径,1.35,1.45,False,1.6,1.4793751688525416,0.12062483114745848,False
A2HT24091036-10,D2G09000762019,加强件外径,1.65,1.75,True,1.7,1.6999999999999966,3.3306690738754696e-15,True
A2HT2409027-10,D1G08002552025,加强件外径,1.35,1.45,True,1.35,1.35,0.0,True
A2HT2410215-10,D2G10001301001,加强件外径,1.3,1.4,True,1.35,1.35,0.0,True
A2HT2409137-10,D2G09000871002,加强件外径,2.45,2.55,True,2.5,2.4994793320105817,0.0005206679894182997,True
A2HT24091413-10,D2G09001261036,加强件外径,1.3,1.4,True,1.35,1.35,0.0,True
A2HT24083010-10,D1G08002337014,加强件外径,1.95,2.05,True,2.0,2.0,0.0,True
A2HT24090418-10,D2G09000052001,加强件外径,2.45,2.55,True,2.5,2.075582008668461,0.4244179913315391,False
A2HT24101215-10,D0G10000162009,加强件外径,1.75,1.85,True,1.8,1.8010261211598346,0.001026121159834581,True
A2HT24092853-10,D2G09002001112,加强件外径,1.3,1.4,True,1.35,1.35,0.0,True
A2HT2409201-10,D1Z24090017001,加强件外径,2.45,2.55,True,2.5,2.4993246629654484,0.0006753370345515819,True
A2HT24092026-10,D6G0900086B006,加强件外径,2.05,2.15,True,2.1,2.0686405064842606,0.03135949351573952,True
A2HT24091410-10,D0G09001321004,加强件外径,1.4,1.5,False,1.35,1.3586849371693133,0.008684937169313178,False
A2HT24100611-10,D1G09002261009,加强件外径,2.45,2.55,True,2.5,2.5,0.0,True
A2HT24091420-10,D2G09000441070,加强件外径,1.65,1.75,True,1.7,1.6977909404192244,0.002209059580775552,True
A2HT24101618-10,D2G10000871064,加强件外径,1.3,1.4,True,1.35,1.35,0.0,True
A2HT24092510-10,D1G09001953002,加强件外径,1.35,1.45,True,1.35,1.3501939033189032,0.0001939033189031214,True
A2HT24092324-10,D2G09001484016,加强件外径,1.3,1.4,True,1.35,1.3500000000000019,1.7763568394002505e-15,True
A2HT24091225-10,D2G09001171054,加强件外径,1.3,1.4,True,1.35,1.3500000000000005,4.440892098500626e-16,True
A2HT2409194-10,D2G09000991023,加强件外径,1.15,1.25,True,1.2,1.2002696078431319,0.00026960784313190267,True
A2HT24082925-10,D1G080033024,加强件外径,1.65,1.75,True,1.7,1.6999999999999966,3.3306690738754696e-15,True
A2HT24091935-10,D1G09001443015,加强件外径,1.35,1.45,True,1.35,1.3505018601953656,0.0005018601953654667,True
A2HT24091023-10,D1G09000222002,加强件外径,2.15,2.25,True,2.2,2.201672288359782,0.0016722883597819482,True
A2HT24083067-10,D2G08002424039,加强件外径,1.3,1.4,True,1.35,1.35,0.0,True
A2HT24090529-10,D2G09000271006,加强件外径,0.95,1.05,True,1.0,1.0067291666666667,0.006729166666666675,True
A2HT24091225-10,D2G09001171056,加强件外径,1.3,1.4,True,1.35,1.3500000000000005,4.440892098500626e-16,True
A2HT24092828-10,D2G09002111033,加强件外径,1.3,1.4,True,1.35,1.3499999999999994,6.661338147750939e-16,True
A2HT24090226-10,D2G08002525003,加强件外径,0.95,1.05,True,1.0,1.00625,0.006250000000000089,True
A2HT24100626-10,D2G09002373019,加强件外径,1.3,1.4,True,1.35,1.35,0.0,True
A2HT24083022-10,D0G07002702108,加强件外径,1.75,1.85,True,1.8,1.7999642858311022,3.5714168897804655e-05,True
A2HT24101115-10,D2G10000262007,加强件外径,1.3,1.4,True,1.35,1.3500000000000005,4.440892098500626e-16,True
A2HT24090939-10,D2G09000611001,加强件外径,1.3,1.4,True,1.35,1.5213272956278467,0.17132729562784665,False
A2HT24092319-10,A2HT24092319100001,加强件外径,1.95,2.05,True,2.0,2.3353179112554114,0.33531791125541144,False
A2HT24092853-10,D2G09002001113,加强件外径,1.3,1.4,True,1.35,1.35,0.0,True
A2HT24100618-10,D0G09002512001,加强件外径,1.4,1.5,False,1.35,1.3983162367724877,0.04831623677248764,False
A2HT24090628-10,D2G09000441028,加强件外径,1.65,1.75,True,1.7,1.6999905303030234,9.46969697657174e-06,True
A2HT24092313-10,D1Z24090017051,加强件外径,2.45,2.55,True,2.5,2.5,0.0,True
A2HT24091121-10,D2G09000754013,加强件外径,1.95,2.05,True,2.0,2.0003407275594776,0.0003407275594775605,True
A2HT24083034-10,D1G08002131101,加强件外径,1.95,2.05,True,2.0,2.0,0.0,True
A2HT24092838-10,A2HT24092838100004,加强件外径,2.45,2.55,True,2.5,2.5,0.0,True
A2HT24091036-10,D2G09000762031,加强件外径,1.65,1.75,True,1.7,1.6999999999999966,3.3306690738754696e-15,True
A2HT24092717-10,D2G09002001037,加强件外径,1.3,1.4,True,1.35,1.3500000000000005,4.440892098500626e-16,True
A2HT24102546-10,D1G10001612081,加强件外径,1.35,1.45,True,1.35,1.350176673482171,0.00017667348217087486,True
A2HT24092324-10,D2G09001484027,加强件外径,1.3,1.4,True,1.35,1.3500000000000019,1.7763568394002505e-15,True
A2HT2409306-10,D2G09002374008,加强件外径,1.65,1.75,True,1.7,1.700018939393936,1.8939393936046045e-05,True
A2HT24091935-10,D1G09001443083,加强件外径,1.35,1.45,True,1.35,1.3505018601953656,0.0005018601953654667,True
A2HT2410227-10,D2G09000401014,加强件外径,2.45,2.55,True,2.5,2.499697420634921,0.0003025793650790476,True
A2HT24090419-10,A2HT24090419100001,加强件外径,1.4,1.5,False,2.5,1.9536456850939603,0.5463543149060397,False
A2HT24090913-10,D2G09000461005,加强件外径,0.95,1.05,True,1.0,1.0,0.0,True
A2HT24101717-10,D2G10000264064,加强件外径,1.15,1.25,True,1.2,1.2000127314814761,1.2731481476180306e-05,True
A2HT24083022-10,D0G07002702128,加强件外径,1.75,1.85,True,1.8,1.7999642858311022,3.5714168897804655e-05,True
A2HT24092717-10,D2G09002001014,加强件外径,1.3,1.4,True,1.35,1.3500000000000005,4.440892098500626e-16,True
A2HT24092525-10,D0G090011005,加强件外径,2.95,3.05,True,3.0,2.992766346586713,0.007233653413286856,True
A2HT24090628-10,D2G09000441036,加强件外径,1.65,1.75,True,1.7,1.6999905303030234,9.46969697657174e-06,True
A2HT24101116-10,D2G10000263011,加强件外径,1.65,1.75,True,1.7,1.7014312856072953,0.0014312856072953295,True
A2HT2410215-10,D2G10001301007,加强件外径,1.3,1.4,True,1.35,1.35,0.0,True
A2FX2409051-10,D2G080007710010101,加强件外径,1.3,1.4,True,1.35,1.4487056156670144,0.0987056156670143,False
A2HT24090410-10,D2G09000123012,加强件外径,1.95,2.05,True,2.0,1.9998567708333332,0.00014322916666675845,True
A2HT24092615-10,D1G09002081033,加强件外径,1.3,1.4,True,1.35,1.3500000000000005,4.440892098500626e-16,True
A2HT24083065-10,D2G08002425004,加强件外径,1.55,1.65,True,1.6,1.6179831349206395,0.01798313492063941,True
A2HT24091935-10,D1G09001443062,加强件外径,1.35,1.45,True,1.35,1.3505018601953656,0.0005018601953654667,True
A2HT24100616-10,D2G09002371022,加强件外径,1.65,1.75,True,1.7,1.6999999999999966,3.3306690738754696e-15,True
A2HT24091119-10,D2G09000752030,加强件外径,1.3,1.4,True,1.35,1.3500000000000005,4.440892098500626e-16,True
A2HT24102117-10,D9G07001331003,加强件外径,1.3,1.4,True,1.35,1.354554954594019,0.00455495459401889,True
A2HT24100911-10,D2G10000051045,加强件外径,1.3,1.4,True,1.35,1.35,0.0,True
A2HT24092853-10,D2G09002001121,加强件外径,1.3,1.4,True,1.35,1.35,0.0,True
A2HT24092853-10,D2G09002001147,加强件外径,1.3,1.4,True,1.35,1.35,0.0,True
A2HT24083034-10,D1G08002131030,加强件外径,1.95,2.05,True,2.0,2.0,0.0,True
A2HT24092060-10,D2G09001483004,加强件外径,1.55,1.65,True,1.6,1.5999791666666714,2.0833333328695858e-05,True
A2HT24091935-10,D1G09001443055,加强件外径,1.35,1.45,True,1.35,1.3505018601953656,0.0005018601953654667,True
A2HT24092324-10,D2G09001484031,加强件外径,1.3,1.4,True,1.35,1.3500000000000019,1.7763568394002505e-15,True
A2HT24092828-10,D2G09002111003,加强件外径,1.3,1.4,True,1.35,1.3499999999999994,6.661338147750939e-16,True
A2HT24090212-10,D1G08002554057,加强件外径,1.65,1.75,True,1.7,1.6999999999999966,3.3306690738754696e-15,True
A2HT2409266-10,D1G09001443205,加强件外径,1.35,1.45,True,1.35,1.350000000000001,8.881784197001252e-16,True
A2HT24091441-10,D2G09001261062,加强件外径,1.3,1.4,True,1.35,1.3500000000000012,1.1102230246251565e-15,True
A2HT24082313-10,D2G08001862026,加强件外径,1.95,2.05,True,2.0,2.0,0.0,True
A2HT24092510-10,D1G09001953022,加强件外径,1.35,1.45,True,1.35,1.3501939033189032,0.0001939033189031214,True
A2HT24092017-10,D1Z24090017036,加强件外径,2.45,2.55,True,2.5,2.4993246629654484,0.0006753370345515819,True
A2HT24100911-10,D2G10000051013,加强件外径,1.3,1.4,True,1.35,1.35,0.0,True
A2HT24090628-10,D2G09000441025,加强件外径,1.65,1.75,True,1.7,1.6999905303030234,9.46969697657174e-06,True
A2HT24082711-10,A2HT24082711100001,加强件外径,0.55,0.65,True,0.6,1.8440842850323798,1.2440842850323799,False
A2HT24091110-10,D9G09000202003,加强件外径,2.15,2.25,True,2.2,2.2024479166666606,0.0024479166666604435,True
A2HT24082929-10,D2G08002422039,加强件外径,1.3,1.4,True,1.35,1.35,0.0,True
A2HT24091814-10,D0D06000091001,加强件外径,2.15,2.25,True,2.2,2.2013130245299304,0.0013130245299302068,True
A2HT24092836-10,A2HT24092836100002,加强件外径,2.45,2.55,True,2.5,2.5,0.0,True
A2HT2410123-10,D2G10000401013,加强件外径,1.95,2.05,True,2.0,2.0000528002699056,5.280026990561737e-05,True
A2HT24101216-10,D2G10000402050,加强件外径,1.95,2.05,True,2.0,1.9998556547619049,0.00014434523809514488,True
A2HT24100612-10,A2HT24100612100001,加强件外径,2.45,2.55,True,2.5,2.5,0.0,True
A2HT2409249-10,D2G09001482039,加强件外径,1.3,1.4,True,1.35,1.350000000000001,8.881784197001252e-16,True
A2HT24101218-10,D2G10000266005,加强件外径,1.15,1.25,True,1.2,1.193822985526367,0.006177014473633058,True
A2FX2410048-10,D0G0800203103901,加强件外径,2.35,2.45,True,2.4,2.2744268913956374,0.12557310860436255,False
A2HT24092853-10,D2G09002001109,加强件外径,1.3,1.4,True,1.35,1.35,0.0,True
A2HT24090413-10,D6G08001991021,加强件外径,1.4,1.5,True,1.45,1.4484478667049234,0.0015521332950765299,True
A2HT24091413-10,D2G09001261010,加强件外径,1.3,1.4,True,1.35,1.35,0.0,True
A2HT24101115-10,D2G10000262061,加强件外径,1.3,1.4,True,1.35,1.3500000000000005,4.440892098500626e-16,True
A2HT24083034-10,D1G08002131149,加强件外径,1.95,2.05,True,2.0,2.0,0.0,True
A2HT24102215-10,D2G10001504017,加强件外径,1.3,1.4,True,1.35,1.3503350096997317,0.00033500969973165873,True
A2HT24101215-10,D0G10000162020,加强件外径,1.75,1.85,True,1.8,1.8010261211598346,0.001026121159834581,True
A2HT24090330-10,A2HT24090330100001,加强件外径,3.45,3.55,True,3.5,3.486269485780423,0.01373051421957694,True
A2HT24092853-10,D2G09002001140,加强件外径,1.3,1.4,True,1.35,1.35,0.0,True
A2HT2409133-10,D0G09000271007,加强件外径,2.45,2.55,True,2.5,2.5,0.0,True
A2HT2410227-10,D2G09000401006,加强件外径,2.45,2.55,True,2.5,2.499697420634921,0.0003025793650790476,True
A2HT24092615-10,D1G09002081160,加强件外径,1.3,1.4,True,1.35,1.3500000000000005,4.440892098500626e-16,True
A2HT24092819-10,A2HT24092819100001,加强件外径,1.95,2.05,True,2.0,1.9628724371693127,0.0371275628306873,True
A2HT2410239-10,D2G09000401024,加强件外径,2.45,2.55,True,2.5,2.499697420634921,0.0003025793650790476,True
A2HT24091410-10,D0G09001321002,加强件外径,1.4,1.5,False,1.35,1.3586849371693133,0.008684937169313178,False
A2HT24091226-10,D0G09000271008,加强件外径,2.45,2.55,True,2.5,2.497678571428571,0.0023214285714288074,True
A2HT24083034-10,D1G08002131085,加强件外径,1.95,2.05,True,2.0,2.0,0.0,True
A2HT2410158-10,D2G10000266050,加强件外径,1.15,1.25,True,1.2,1.193822985526367,0.006177014473633058,True
A2HT2409129-10,A2HT2409129100001,加强件外径,2.45,2.55,True,2.5,2.4396470219595217,0.060352978040478344,False
A2HT24082311-10,D2G08001861020,加强件外径,1.95,2.05,True,2.0,1.999982553366174,1.744663382607925e-05,True
A2HT24092017-10,D1Z24090017040,加强件外径,2.45,2.55,True,2.5,2.4993246629654484,0.0006753370345515819,True
A2HT24102216-10,D0G10001471018,加强件外径,1.95,2.05,True,2.0,2.0001848370927315,0.00018483709273153792,True
A2HT24092615-10,D1G09002081142,加强件外径,1.3,1.4,True,1.35,1.3500000000000005,4.440892098500626e-16,True
A2HT24092014-10,A2HT24092014100002,加强件外径,1.65,1.75,True,1.7,1.710371898158909,0.010371898158909154,True
A2HT2410215-10,D2G10001301009,加强件外径,1.3,1.4,True,1.35,1.35,0.0,True
A2HT2409184-10,D2G09001262084,加强件外径,1.3,1.4,True,1.35,1.35,0.0,True
A2HT24092822-10,D0G09002072001,加强件外径,1.65,1.75,True,1.7,1.6999999999999966,3.3306690738754696e-15,True
A2HT24082924-10,D1G080032006,加强件外径,1.75,1.85,True,1.8,1.7985516013352898,0.0014483986647102487,True
A2HT24091036-10,D2G09000762009,加强件外径,1.65,1.75,True,1.7,1.6999999999999966,3.3306690738754696e-15,True
A2HT2409132-10,D2G09001172033,加强件外径,1.3,1.4,True,1.35,1.3500000000000012,1.1102230246251565e-15,True
A2HT24092851-10,D6G09000869019,加强件外径,3.25,3.35,True,3.3,3.2990729166666557,0.0009270833333441253,True
A2HT24091429-10,D0G09000271054,加强件外径,2.45,2.55,True,2.5,2.5,0.0,True
A2HT24091935-10,D1G09001443012,加强件外径,1.35,1.45,True,1.35,1.3505018601953656,0.0005018601953654667,True
A2HT24101218-10,D2G10000266001,加强件外径,1.15,1.25,True,1.2,1.193822985526367,0.006177014473633058,True
A2HT24100625-10,D2G09002372009,加强件外径,1.3,1.4,True,1.35,1.3500000000000005,4.440892098500626e-16,True
A2HT24100616-10,D2G09002371001,加强件外径,1.65,1.75,True,1.7,1.6999999999999966,3.3306690738754696e-15,True
A2HT2410167-10,D2G10000871002,加强件外径,1.3,1.4,True,1.35,1.35,0.0,True
A2HT24091935-10,D1G09001443035,加强件外径,1.35,1.45,True,1.35,1.3505018601953656,0.0005018601953654667,True
A2HT24101618-10,D2G10000871086,加强件外径,1.3,1.4,True,1.35,1.35,0.0,True
A2HT24090212-10,D1G08002554004,加强件外径,1.65,1.75,True,1.7,1.6999999999999966,3.3306690738754696e-15,True
A2HT24082311-10,D2G08001861027,加强件外径,1.95,2.05,True,2.0,1.999982553366174,1.744663382607925e-05,True
A2HT24100911-10,D2G10000051021,加强件外径,1.3,1.4,True,1.35,1.35,0.0,True
A2HT2409132-10,D2G09001172015,加强件外径,1.3,1.4,True,1.35,1.3500000000000012,1.1102230246251565e-15,True
A2HT24090212-10,D1G08002554029,加强件外径,1.65,1.75,True,1.7,1.6999999999999966,3.3306690738754696e-15,True
A2HT2410211-10,D6G10000711001,加强件外径,1.65,1.75,True,1.7,1.6962306479500713,0.003769352049928676,True
A2HT24100629-10,D2G09002561001,加强件外径,2.45,2.55,True,2.5,2.469574074074074,0.030425925925925856,True
A2HT24101114-10,D2G10000261010,加强件外径,1.3,1.4,True,1.35,1.3500000000000005,4.440892098500626e-16,True
A2HT24092812-10,D9G09000831004,加强件外径,2.45,2.55,True,2.5,2.5,0.0,True
A2HT2409199-10,D6G09000867031,加强件外径,2.15,2.25,True,2.2,2.199999999999994,6.217248937900877e-15,True
A2HT24092023-10,D6G09000868004,加强件外径,2.15,2.25,True,2.2,2.200895833333329,0.000895833333328877,True
A2HT24091036-10,D2G09000762015,加强件外径,1.65,1.75,True,1.7,1.6999999999999966,3.3306690738754696e-15,True
A2HT2410053-10,A2HT2410053100001,加强件外径,1.95,2.05,True,2.0,1.9700977182539678,0.029902281746032155,True
A2HT24092511-10,D1G09001955017,加强件外径,1.65,1.75,True,1.7,1.71150434783774,0.011504347837740125,True
A2HT24092322-10,D0G09001762001,加强件外径,1.4,1.5,False,1.35,1.3500000000000016,1.5543122344752192e-15,False
A2HT2409131-10,D2G09001171080,加强件外径,1.3,1.4,True,1.35,1.35,0.0,True
A2HT2410239-10,D2G09000401022,加强件外径,2.45,2.55,True,2.5,2.499697420634921,0.0003025793650790476,True
A2HT24082925-10,D1G080033006,加强件外径,1.65,1.75,True,1.7,1.6999999999999966,3.3306690738754696e-15,True
A2FX2410111-10,D2F1000050405101,加强件外径,1.15,1.25,True,1.2,1.391203138748106,0.19120313874810613,False
A2HT24083066-10,D2G08002426017,加强件外径,1.3,1.4,True,1.35,1.35,0.0,True
A2HT2409122-10,D1G08002483014,加强件外径,1.35,1.45,True,1.35,1.3713190310846561,0.021319031084656048,True
A2HT24091441-10,D2G09001261084,加强件外径,1.3,1.4,True,1.35,1.3500000000000012,1.1102230246251565e-15,True
A2HT24102516-10,D1G10001714018,加强件外径,1.95,2.05,True,2.0,2.000257505175983,0.0002575051759832192,True
A2HT24100632-10,D2G09002421001,加强件外径,0.55,0.65,True,0.6,0.5999999999999973,2.6645352591003757e-15,True
A2HT2409249-10,D2G09001482027,加强件外径,1.3,1.4,True,1.35,1.350000000000001,8.881784197001252e-16,True
A2HT24090619-10,D0G08000861002,加强件外径,1.75,1.85,True,1.8,1.7986586931586996,0.0013413068413004048,True
A2HT24092510-10,D1G09001953029,加强件外径,1.35,1.45,True,1.35,1.3501939033189032,0.0001939033189031214,True
A2HT24092615-10,D1G09002081103,加强件外径,1.3,1.4,True,1.35,1.3500000000000005,4.440892098500626e-16,True
A2HT24091935-10,D1G09001443006,加强件外径,1.35,1.45,True,1.35,1.3505018601953656,0.0005018601953654667,True
A2HT2410123-10,D2G10000401012,加强件外径,1.95,2.05,True,2.0,2.0000528002699056,5.280026990561737e-05,True
A2HT24092615-10,D1G09002081056,加强件外径,1.3,1.4,True,1.35,1.3500000000000005,4.440892098500626e-16,True
A2HT2409268-10,A2HT2409268100004,加强件外径,2.45,2.55,True,2.5,2.499884259259259,0.00011574074074083285,True
A2HT24092024-10,D6G0900086A005,加强件外径,2.45,2.55,True,2.5,2.4535680555555555,0.04643194444444454,True
A2HT24101610-10,A2HT24101610100001,加强件外径,2.45,2.55,False,2.2,2.3385257936507915,0.13852579365079132,False
A2HT24091937-10,D2G09001502004,加强件外径,0.95,1.05,True,1.0,1.0020833333333334,0.002083333333333437,True
A2FX2410246-10,D1G0900144315901,加强件外径,1.35,1.45,True,1.35,1.4793751688525416,0.12937516885254152,False
A2HT24092310-10,D6G09000863004,加强件外径,2.15,2.25,True,2.2,2.1999479166666602,5.20833333399473e-05,True
A2HT2410216-10,D2G10001302003,加强件外径,1.3,1.4,True,1.35,1.3510053661616168,0.0010053661616167275,True
A2HT24101113-10,D0G10000211001,加强件外径,1.75,1.85,True,1.8,1.7663967162331142,0.033603283766885816,True
A2HT24090513-10,D6G09000023001,加强件外径,2.95,3.05,True,3.0,2.615850264550264,0.3841497354497361,False
A2HT24082311-10,D2G08001861017,加强件外径,1.95,2.05,True,2.0,1.999982553366174,1.744663382607925e-05,True
A2HT24102555-10,D0G10001101009,加强件外径,1.75,1.85,True,1.8,1.7593746970962063,0.040625302903793736,True
A2HT2409132-10,D2G09001172017,加强件外径,1.3,1.4,True,1.35,1.3500000000000012,1.1102230246251565e-15,True
A2HT24101216-10,D2G10000402001,加强件外径,1.95,2.05,True,2.0,1.9998556547619049,0.00014434523809514488,True
A2HT24092853-10,D2G09002001119,加强件外径,1.3,1.4,True,1.35,1.35,0.0,True
A2HT24083034-10,D1G08002131128,加强件外径,1.95,2.05,True,2.0,2.0,0.0,True
A2HT2409133-10,D0G09000271004,加强件外径,2.45,2.55,True,2.5,2.5,0.0,True
A2HT24083067-10,D2G08002424040,加强件外径,1.3,1.4,True,1.35,1.35,0.0,True
A2HT24082710-10,D6G08001952001,加强件外径,0.55,0.65,True,0.6,0.7849553571428541,0.18495535714285416,False
A2HT24091441-10,D2G09001261060,加强件外径,1.3,1.4,True,1.35,1.3500000000000012,1.1102230246251565e-15,True
A2HT24090226-10,D2G08002525002,加强件外径,0.95,1.05,True,1.0,1.00625,0.006250000000000089,True
A2HT24092615-10,D1G09002081149,加强件外径,1.3,1.4,True,1.35,1.3500000000000005,4.440892098500626e-16,True
A2HT2409027-10,D1G08002552013,加强件外径,1.35,1.45,True,1.35,1.35,0.0,True
A2HT24100631-10,A2HT24100631100003,加强件外径,1.4,1.5,False,2.5,2.33467080026455,0.1653291997354498,False
A2HT24092615-10,D1G09002081173,加强件外径,1.3,1.4,True,1.35,1.3500000000000005,4.440892098500626e-16,True
A2HT24091935-10,D1G09001443040,加强件外径,1.35,1.45,True,1.35,1.3505018601953656,0.0005018601953654667,True
A2HT24101113-10,D0G10000211004,加强件外径,1.75,1.85,True,1.8,1.7663967162331142,0.033603283766885816,True
A2HT24101728-10,D6G015011001,加强件外径,2.15,2.25,True,2.2,2.2766500305250292,0.07665003052502906,False
A2HT24083022-10,D0G07002702114,加强件外径,1.75,1.85,True,1.8,1.7999642858311022,3.5714168897804655e-05,True
A2HT24092033-10,D0G09001544001,加强件外径,1.15,1.25,True,1.2,1.3058361121721376,0.10583611217213762,False
A2HT24091036-10,D2G09000762033,加强件外径,1.65,1.75,True,1.7,1.6999999999999966,3.3306690738754696e-15,True
A2HT24083034-10,D1G08002131077,加强件外径,1.95,2.05,True,2.0,2.0,0.0,True
A2HT24091429-10,D0G09000271056,加强件外径,2.45,2.55,True,2.5,2.5,0.0,True
A2HT24092828-10,D2G09002111019,加强件外径,1.3,1.4,True,1.35,1.3499999999999994,6.661338147750939e-16,True
A2HT24101721-10,D9G10000361004,加强件外径,1.75,1.85,True,1.8,1.720872800575563,0.07912719942443713,False
A2HT24092855-10,D9G09000781003,加强件外径,2.45,2.55,True,2.5,2.495690115440115,0.004309884559885013,True
A2HT24090919-10,D2G09000671010,加强件外径,1.65,1.75,True,1.7,1.6999999999999966,3.3306690738754696e-15,True
A2HT24083050-10,D1G08002485004,加强件外径,1.65,1.75,True,1.7,1.6999999999999966,3.3306690738754696e-15,True
A2HT24091225-10,D2G09001171102,加强件外径,1.3,1.4,True,1.35,1.3500000000000005,4.440892098500626e-16,True
A2HT24083021-10,D1G08002335003,加强件外径,1.65,1.75,True,1.7,1.6999999999999966,3.3306690738754696e-15,True
A2FX2410046-10,D0G0800203102601,加强件外径,2.35,2.45,True,2.4,2.2744268913956374,0.12557310860436255,False
A2HT24092044-10,A2HT24092044100001,加强件外径,2.45,2.55,True,2.5,2.4315635683760686,0.06843643162393143,False
A2HT24102543-10,A2HT24102543100001,加强件外径,2.45,2.55,True,2.5,2.4926911375661374,0.0073088624338626396,True
A2HT2410169-10,D6G09002493010,加强件外径,2.15,2.25,True,2.2,2.1975233156243887,0.0024766843756114376,True
A2HT24090432-10,D9G09000051001,加强件外径,2.15,2.25,True,2.2,2.1952222222222155,0.004777777777784653,True
A2HT24091935-10,D1G09001443008,加强件外径,1.35,1.45,True,1.35,1.3505018601953656,0.0005018601953654667,True
A2HT24092615-10,D1G09002081158,加强件外径,1.3,1.4,True,1.35,1.3500000000000005,4.440892098500626e-16,True
A2HT24100622-10,D6G09000865036,加强件外径,2.15,2.25,True,2.2,2.199999999999994,6.217248937900877e-15,True
A2HT24101413-10,D2G10000762011,加强件外径,2.45,2.55,True,2.5,2.4985079931642433,0.0014920068357566763,True
A2HT24090213-10,D9G08001101001,加强件外径,2.95,3.05,True,3.0,2.5778892195767202,0.42211078042327976,False
A2HT24092049-10,D2G09001464005,加强件外径,2.45,2.55,True,2.5,2.4694647065897066,0.030535293410293374,True
A2HT24083034-10,D1G08002131054,加强件外径,1.95,2.05,True,2.0,2.0,0.0,True
A2HT24082810-10,D1G080031025,加强件外径,1.35,1.45,True,1.35,1.35,0.0,True
A2HT2409025-10,D2G08001861038,加强件外径,1.95,2.05,True,2.0,1.999982553366174,1.744663382607925e-05,True
A2HT24091441-10,D2G09001261095,加强件外径,1.3,1.4,True,1.35,1.3500000000000012,1.1102230246251565e-15,True
A2HT24092615-10,D1G09002081027,加强件外径,1.3,1.4,True,1.35,1.3500000000000005,4.440892098500626e-16,True
A2HT2410168-10,D2G10000264020,加强件外径,1.15,1.25,True,1.2,1.1999999999999948,5.10702591327572e-15,True
A2HT2409249-10,D2G09001482033,加强件外径,1.3,1.4,True,1.35,1.350000000000001,8.881784197001252e-16,True
A2HT24083074-10,D1G08002551001,加强件外径,1.55,1.65,True,1.6,1.5954333879687181,0.004566612031281947,True
A2HT24092615-10,D1G09002081065,加强件外径,1.3,1.4,True,1.35,1.3500000000000005,4.440892098500626e-16,True
A2HT24091225-10,D2G09001171050,加强件外径,1.3,1.4,True,1.35,1.3500000000000005,4.440892098500626e-16,True
A2HT24100626-10,D2G09002373015,加强件外径,1.3,1.4,True,1.35,1.35,0.0,True
A2HT24102215-10,D2G10001504009,加强件外径,1.3,1.4,True,1.35,1.3503350096997317,0.00033500969973165873,True
A2HT24102322-10,D2G10001541003,加强件外径,2.45,2.55,True,2.5,2.4992500000000004,0.0007499999999995843,True
A2HT24100628-10,A2HT24100628100001,加强件外径,1.4,1.5,False,2.5,2.3856534391534394,0.11434656084656059,False
A2HT24102517-10,A2HT24102517100003,加强件外径,1.95,2.05,True,2.0,2.0141319444444443,0.014131944444444322,True
A2HT24090229-10,D2G08002523008,加强件外径,1.55,1.65,True,1.6,1.5992129629629679,0.0007870370370322011,True
A2HT2409045-10,D2G09000112012,加强件外径,1.65,1.75,True,1.7,1.7024395457266221,0.0024395457266221943,True
A2HT24101828-10,D1G10001111001,加强件外径,2.45,2.55,True,2.5,2.5,0.0,True
A2HT24092615-10,D1G09002081130,加强件外径,1.3,1.4,True,1.35,1.3500000000000005,4.440892098500626e-16,True
A2HT24100630-10,D2G09002571006,加强件外径,2.45,2.55,True,2.5,2.4974067182817175,0.0025932817182825474,True
A2HT24082314-10,A2HT24082314100005,加强件外径,1.95,2.05,True,2.0,2.0120871998372,0.012087199837199858,True
A2HT24101618-10,D2G10000871099,加强件外径,1.3,1.4,True,1.35,1.35,0.0,True
A2HT2409306-10,D2G09002374014,加强件外径,1.65,1.75,True,1.7,1.700018939393936,1.8939393936046045e-05,True
A2HT24091225-10,D2G09001171103,加强件外径,1.3,1.4,True,1.35,1.3500000000000005,4.440892098500626e-16,True
A2HT24092614-10,D1G09002082002,加强件外径,1.55,1.65,True,1.6,1.6009409722222274,0.000940972222227332,True
A2HT24082924-10,D1G080032019,加强件外径,1.75,1.85,True,1.8,1.7985516013352898,0.0014483986647102487,True
A2HT24100917-10,D0G09002581001,加强件外径,2.15,2.25,True,2.2,2.199999999999994,6.217248937900877e-15,True
A2HT2410159-10,D6G10000091001,加强件外径,2.45,2.55,True,2.5,2.2519578604266113,0.24804213957338872,False
A2HT24092510-10,D1G09001953016,加强件外径,1.35,1.45,True,1.35,1.3501939033189032,0.0001939033189031214,True
A2HT2409091-10,D1G09000221012,加强件外径,2.15,2.25,True,2.2,2.2004807148869587,0.00048071488695855535,True
A2HT24091413-10,D2G09001261032,加强件外径,1.3,1.4,True,1.35,1.35,0.0,True
A2HT24091935-10,D1G09001443166,加强件外径,1.35,1.45,True,1.35,1.3505018601953656,0.0005018601953654667,True
A2HT24101717-10,D2G10000264047,加强件外径,1.15,1.25,True,1.2,1.2000127314814761,1.2731481476180306e-05,True
A2HT24102313-10,D1G10001612002,加强件外径,1.35,1.45,True,1.35,1.3502336281119192,0.00023362811191907085,True
A2HT24082928-10,D2G08002261005,加强件外径,0.95,1.05,True,1.0,1.0,0.0,True
A2HT24091413-10,D2G09001261039,加强件外径,1.3,1.4,True,1.35,1.35,0.0,True
A2HT24101115-10,D2G10000262004,加强件外径,1.3,1.4,True,1.35,1.3500000000000005,4.440892098500626e-16,True
A2HT24101115-10,D2G10000262045,加强件外径,1.3,1.4,True,1.35,1.3500000000000005,4.440892098500626e-16,True
A2HT24092828-10,D2G09002111010,加强件外径,1.3,1.4,True,1.35,1.3499999999999994,6.661338147750939e-16,True
A2HT24101115-10,D2G10000262033,加强件外径,1.3,1.4,True,1.35,1.3500000000000005,4.440892098500626e-16,True
A2HT24102816-10,D0G10000871006,加强件外径,2.15,2.25,True,2.2,2.170240755772001,0.029759244227999027,True
A2HT24101410-10,D2G10000266027,加强件外径,1.15,1.25,True,1.2,1.193822985526367,0.006177014473633058,True
A2HT24092015-10,D1G09001443173,加强件外径,1.35,1.45,True,1.35,1.3500000000000014,1.3322676295501878e-15,True
A2HT24090413-10,D6G08001991007,加强件外径,1.4,1.5,True,1.45,1.4484478667049234,0.0015521332950765299,True
A2HT24091036-10,D2G09000762021,加强件外径,1.65,1.75,True,1.7,1.6999999999999966,3.3306690738754696e-15,True
A2HT2409045-10,D2G09000112010,加强件外径,1.65,1.75,True,1.7,1.7024395457266221,0.0024395457266221943,True
A2HT2409132-10,D2G09001172011,加强件外径,1.3,1.4,True,1.35,1.3500000000000012,1.1102230246251565e-15,True
A2HT24092850-10,D2G09002001095,加强件外径,1.3,1.4,True,1.35,1.3500000000000005,4.440892098500626e-16,True
A2HT24083034-10,D1G08002131110,加强件外径,1.95,2.05,True,2.0,2.0,0.0,True
A2HT24102812-10,A2HT24102812100001,加强件外径,2.95,3.05,True,3.0,2.3631871212121207,0.6368128787878793,False
A2HT24101115-10,D2G10000262013,加强件外径,1.3,1.4,True,1.35,1.3500000000000005,4.440892098500626e-16,True
A2HT24091414-10,D2G09001262010,加强件外径,1.3,1.4,True,1.35,1.35,0.0,True
A2HT24083050-10,D1G08002485003,加强件外径,1.65,1.75,True,1.7,1.6999999999999966,3.3306690738754696e-15,True
A2HT24091935-10,D1G09001443092,加强件外径,1.35,1.45,True,1.35,1.3505018601953656,0.0005018601953654667,True
A2HT24082312-10,A2HT24082312100006,加强件外径,1.95,2.05,True,2.0,2.009111772486772,0.009111772486772196,True
A2HT24092615-10,D1G09002081045,加强件外径,1.3,1.4,True,1.35,1.3500000000000005,4.440892098500626e-16,True
A2HT24083036-10,D6G08001661005,加强件外径,1.4,1.5,True,1.45,1.4265008994443698,0.023499100555630204,True
A2HT24091225-10,D2G09001171008,加强件外径,1.3,1.4,True,1.35,1.3500000000000005,4.440892098500626e-16,True
A2HT24101831-10,A2HT24101831100001,加强件外径,2.45,2.55,False,3.5,2.048174097914363,1.4518259020856372,False
A2HT24100616-10,D2G09002371017,加强件外径,1.65,1.75,True,1.7,1.6999999999999966,3.3306690738754696e-15,True
A2HT24091033-10,D2G09000721006,加强件外径,1.65,1.75,True,1.7,1.7001496393040474,0.00014963930404743309,True
A2HT24083034-10,D1G08002131073,加强件外径,1.95,2.05,True,2.0,2.0,0.0,True
A2HT24092015-10,D1G09001443184,加强件外径,1.35,1.45,True,1.35,1.3500000000000014,1.3322676295501878e-15,True
A2HT24102312-10,D2G10001573006,加强件外径,2.45,2.55,True,2.5,2.4992500000000004,0.0007499999999995843,True
A2HT24092324-10,D2G09001484043,加强件外径,1.3,1.4,True,1.35,1.3500000000000019,1.7763568394002505e-15,True
A2HT24092038-10,D0G09001552002,加强件外径,1.65,1.75,True,1.7,1.7212889384920582,0.021288938492058262,True
A2HT24090212-10,D1G08002554061,加强件外径,1.65,1.75,True,1.7,1.6999999999999966,3.3306690738754696e-15,True
A2HT24083035-10,A2HT24083035100001,加强件外径,1.95,2.05,True,2.0,2.0021338510392503,0.002133851039250345,True
A2HT24082924-10,D1G080032027,加强件外径,1.75,1.85,True,1.8,1.7985516013352898,0.0014483986647102487,True
A2HT24083035-10,A2HT24083035100012,加强件外径,1.95,2.05,True,2.0,2.0021338510392503,0.002133851039250345,True
A2HT2409132-10,D2G09001172003,加强件外径,1.3,1.4,True,1.35,1.3500000000000012,1.1102230246251565e-15,True
A2HT24092059-10,D2G09001481002,加强件外径,1.55,1.65,True,1.6,1.6004930555555605,0.000493055555560451,True
A2HT2410149-10,D6G10000341003,加强件外径,1.4,1.5,False,1.35,1.3355806346431356,0.0144193653568645,False
A2HT24100819-10,D0G09002663001,加强件外径,1.15,1.25,True,1.2,1.2656137265512233,0.06561372655122333,False
A2HT24091441-10,D2G09001261089,加强件外径,1.3,1.4,True,1.35,1.3500000000000012,1.1102230246251565e-15,True
A2HT24102114-10,D2G10001342007,加强件外径,0.95,1.05,True,1.0,1.0062734111952862,0.006273411195286238,True
A2HT24092853-10,D2G09002001126,加强件外径,1.3,1.4,True,1.35,1.35,0.0,True
A2HT24092021-10,D2G09001361078,加强件外径,1.65,1.75,True,1.7,1.7000850694444376,8.506944443764652e-05,True
A2HT24092828-10,D2G09002111039,加强件外径,1.3,1.4,True,1.35,1.3499999999999994,6.661338147750939e-16,True
A2HT24092828-10,D2G09002111021,加强件外径,1.3,1.4,True,1.35,1.3499999999999994,6.661338147750939e-16,True
A2HT24083035-10,A2HT24083035100031,加强件外径,1.95,2.05,True,2.0,2.0021338510392503,0.002133851039250345,True
A2HT2409284-10,D1G09002171001,加强件外径,2.15,2.25,True,2.2,2.199791666666661,0.0002083333333393611,True
A2HT24101115-10,D2G10000262060,加强件外径,1.3,1.4,True,1.35,1.3500000000000005,4.440892098500626e-16,True
A2HT24092717-10,D2G09002001045,加强件外径,1.3,1.4,True,1.35,1.3500000000000005,4.440892098500626e-16,True
A2HT24102317-10,D0Z24100012015,加强件外径,1.65,1.75,True,1.7,1.701845436596353,0.001845436596352945,True
A2HT24083066-10,D2G08002426004,加强件外径,1.3,1.4,True,1.35,1.35,0.0,True
A2HT24091814-10,D0D06000091011,加强件外径,2.15,2.25,True,2.2,2.2013130245299304,0.0013130245299302068,True
A2HT24082311-10,D2G08001861015,加强件外径,1.95,2.05,True,2.0,1.999982553366174,1.744663382607925e-05,True
A2HT24091215-10,D1G09001041075,加强件外径,1.65,1.75,True,1.7,1.7003223245551,0.00032232455510006197,True
A2HT24082313-10,D2G08001862016,加强件外径,1.95,2.05,True,2.0,2.0,0.0,True
A2HT24092047-10,D2G09001462003,加强件外径,1.95,2.05,True,2.0,1.997843253968253,0.002156746031747092,True
A2HT24092037-10,A2HT24092037100001,加强件外径,1.65,1.75,True,1.7,2.338946504884005,0.6389465048840048,False
A2HT24092714-10,D0G09000641001,加强件外径,2.25,2.35,True,2.3,2.137488027155308,0.16251197284469177,False
A2HT24092615-10,D1G09002081086,加强件外径,1.3,1.4,True,1.35,1.3500000000000005,4.440892098500626e-16,True
A2HT24090946-10,D2G09000631001,加强件外径,1.3,1.4,True,1.35,1.3793640873015893,0.029364087301589237,True
A2HT2410123-10,D2G10000401038,加强件外径,1.95,2.05,True,2.0,2.0000528002699056,5.280026990561737e-05,True
A2HT24083021-10,D1G08002335052,加强件外径,1.65,1.75,True,1.7,1.6999999999999966,3.3306690738754696e-15,True
A2HT24083053-10,D1G08002481008,加强件外径,1.35,1.45,True,1.35,1.350000000000001,8.881784197001252e-16,True
A2HT24101618-10,D2G10000871066,加强件外径,1.3,1.4,True,1.35,1.35,0.0,True
A2HT24101416-10,D2G10000791001,加强件外径,2.45,2.55,True,2.5,2.2273489109825215,0.2726510890174785,False
A2HT24091036-10,D2G09000762040,加强件外径,1.65,1.75,True,1.7,1.6999999999999966,3.3306690738754696e-15,True
A2HT24082924-10,D1G080032001,加强件外径,1.75,1.85,True,1.8,1.7985516013352898,0.0014483986647102487,True
A2HT24092015-10,D1G09001443179,加强件外径,1.35,1.45,True,1.35,1.3500000000000014,1.3322676295501878e-15,True
A2HT24091413-10,D2G09001261040,加强件外径,1.3,1.4,True,1.35,1.35,0.0,True
A2HT24090312-10,D2G08002611001,加强件外径,2.45,2.55,True,2.5,2.5,0.0,True
A2HT24101245-10,D6G09002492007,加强件外径,1.45,1.55,True,1.5,1.4972855801483884,0.0027144198516115825,True
A2HT2410215-10,D2G10001301010,加强件外径,1.3,1.4,True,1.35,1.35,0.0,True
A2HT24082810-10,D1G080031012,加强件外径,1.35,1.45,True,1.35,1.35,0.0,True
A2HT24100625-10,D2G09002372021,加强件外径,1.3,1.4,True,1.35,1.3500000000000005,4.440892098500626e-16,True
A2HT24102210-10,A2HT24102210100001,加强件外径,2.45,2.55,True,2.5,2.5050059523809525,0.005005952380952472,True
A2HT24101823-10,D0G10000181002,加强件外径,1.4,1.5,True,1.45,1.8090201553799659,0.3590201553799659,False
A2HT24101714-10,D6G09002491013,加强件外径,1.45,1.55,True,1.5,1.497200821740719,0.00279917825928111,True
A2HT24101215-10,D0G10000162005,加强件外径,1.75,1.85,True,1.8,1.8010261211598346,0.001026121159834581,True
A2HT24102215-10,D2G10001504004,加强件外径,1.3,1.4,True,1.35,1.3503350096997317,0.00033500969973165873,True
A2HT24090225-10,D2G08002521001,加强件外径,0.95,1.05,True,1.0,1.0,0.0,True
A2HT24082623-10,D1G080021005,加强件外径,1.35,1.45,True,1.35,1.3500000000000005,4.440892098500626e-16,True
A2HT24092615-10,D1G09002081105,加强件外径,1.3,1.4,True,1.35,1.3500000000000005,4.440892098500626e-16,True
A2FX2410245-10,D9F0400029201103,加强件外径,1.3,1.4,True,1.35,1.9424629661578654,0.5924629661578653,False
A2HT24102216-10,D0G10001471005,加强件外径,1.95,2.05,True,2.0,2.0001848370927315,0.00018483709273153792,True
A2HT24082925-10,D1G080033007,加强件外径,1.65,1.75,True,1.7,1.6999999999999966,3.3306690738754696e-15,True
A2HT24082629-10,D0G08002031030,加强件外径,2.35,2.45,True,2.4,2.397220238095228,0.0027797619047720268,True
A2HT24082629-10,D0G08002031036,加强件外径,2.35,2.45,True,2.4,2.397220238095228,0.0027797619047720268,True
A2HT24101618-10,D2G10000871078,加强件外径,1.3,1.4,True,1.35,1.35,0.0,True
A2HT2409132-10,D2G09001172024,加强件外径,1.3,1.4,True,1.35,1.3500000000000012,1.1102230246251565e-15,True
A2HT24091935-10,D1G09001443014,加强件外径,1.35,1.45,True,1.35,1.3505018601953656,0.0005018601953654667,True
A2HT24091939-10,D2G09001492001,加强件外径,0.95,1.05,True,1.0,1.0020833333333334,0.002083333333333437,True
A2HT24091130-10,D2G09000757003,加强件外径,1.95,2.05,True,2.0,2.006224537037037,0.00622453703703707,True
A2HT24082923-10,D1G08002333008,加强件外径,1.35,1.45,True,1.35,1.35,0.0,True
A2HT24092027-10,D2G09001101004,加强件外径,0.55,0.65,True,0.6,0.6076165674603149,0.007616567460314916,True
A2HT24092828-10,D2G09002111025,加强件外径,1.3,1.4,True,1.35,1.3499999999999994,6.661338147750939e-16,True
A2HT24082311-10,D2G08001861024,加强件外径,1.95,2.05,True,2.0,1.999982553366174,1.744663382607925e-05,True
A2HT24083022-10,D0G07002702109,加强件外径,1.75,1.85,True,1.8,1.7999642858311022,3.5714168897804655e-05,True
A2HT24091113-10,D2F12000751033,加强件外径,2.45,2.55,True,2.5,2.4991866466866464,0.0008133533133536375,True
A2HT24091441-10,D2G09001261065,加强件外径,1.3,1.4,True,1.35,1.3500000000000012,1.1102230246251565e-15,True
A2HT24090226-10,D2G08002525001,加强件外径,0.95,1.05,True,1.0,1.00625,0.006250000000000089,True
A2HT24083022-10,D0G07002702126,加强件外径,1.75,1.85,True,1.8,1.7999642858311022,3.5714168897804655e-05,True
A2HT2409249-10,D2G09001482013,加强件外径,1.3,1.4,True,1.35,1.350000000000001,8.881784197001252e-16,True
A2HT24090212-10,D1G08002554023,加强件外径,1.65,1.75,True,1.7,1.6999999999999966,3.3306690738754696e-15,True
A2HT2409106-10,D2G09000513002,加强件外径,2.25,2.35,True,2.3,2.300636807435724,0.0006368074357241404,True
A2HT24101023-10,A2HT24101023100001,加强件外径,2.95,3.05,True,3.0,2.5985990710678206,0.4014009289321794,False
A2HT24092013-10,D2G09001361052,加强件外径,1.65,1.75,True,1.7,1.700074074074067,7.407407406700983e-05,True
A2HT24092717-10,D2G09002001035,加强件外径,1.3,1.4,True,1.35,1.3500000000000005,4.440892098500626e-16,True
A2HT24090212-10,D1G08002554074,加强件外径,1.65,1.75,True,1.7,1.6999999999999966,3.3306690738754696e-15,True
A2HT24102546-10,D1G10001612087,加强件外径,1.35,1.45,True,1.35,1.350176673482171,0.00017667348217087486,True
A2HT24092820-10,D0G09002071002,加强件外径,1.65,1.75,True,1.7,2.440917358104858,0.740917358104858,False
A2HT2409198-10,D6G09000861017,加强件外径,2.15,2.25,True,2.2,2.1992882395382334,0.0007117604617667972,True
A2HT24092024-10,D6G0900086A006,加强件外径,2.45,2.55,True,2.5,2.4535680555555555,0.04643194444444454,True
A2HT24092715-10,D1Z24090017097,加强件外径,2.45,2.55,True,2.5,2.4993246629654484,0.0006753370345515819,True
A2HT24092855-10,D9G09000781015,加强件外径,2.45,2.55,True,2.5,2.495690115440115,0.004309884559885013,True
A2HT24083063-10,D2G08002421006,加强件外径,1.55,1.65,True,1.6,1.5992129629629679,0.0007870370370322011,True
A2HT24101717-10,D2G10000264037,加强件外径,1.15,1.25,True,1.2,1.2000127314814761,1.2731481476180306e-05,True
A2HT2409133-10,D0G09000271016,加强件外径,2.45,2.55,True,2.5,2.5,0.0,True
A2HT24102317-10,D0Z24100012005,加强件外径,1.65,1.75,True,1.7,1.701845436596353,0.001845436596352945,True
A2HT24101115-10,D2G10000262047,加强件外径,1.3,1.4,True,1.35,1.3500000000000005,4.440892098500626e-16,True
A2HT24100920-10,D2G09002421040,加强件外径,0.55,0.65,True,0.6,0.5999999999999973,2.6645352591003757e-15,True
A2HT24102313-10,D1G10001612033,加强件外径,1.35,1.45,True,1.35,1.3502336281119192,0.00023362811191907085,True
A2HT2408284-10,D2G08002171004,加强件外径,2.25,2.35,True,2.3,2.305289351851856,0.005289351851855972,True
A2HT24092614-10,D1G09002082004,加强件外径,1.55,1.65,True,1.6,1.6009409722222274,0.000940972222227332,True
A2HT24090919-10,D2G09000671002,加强件外径,1.65,1.75,True,1.7,1.6999999999999966,3.3306690738754696e-15,True
A2HT24082929-10,D2G08002422028,加强件外径,1.3,1.4,True,1.35,1.35,0.0,True
A2HT24083034-10,D1G08002131109,加强件外径,1.95,2.05,True,2.0,2.0,0.0,True
A2HT24101513-10,D6G09002493004,加强件外径,2.15,2.25,True,2.2,2.1975233156243887,0.0024766843756114376,True
A2HT24100630-10,D2G09002571005,加强件外径,2.45,2.55,True,2.5,2.4974067182817175,0.0025932817182825474,True
A2HT2409199-10,D6G09000867034,加强件外径,2.15,2.25,True,2.2,2.199999999999994,6.217248937900877e-15,True
A2HT24083022-10,D0G07002702116,加强件外径,1.75,1.85,True,1.8,1.7999642858311022,3.5714168897804655e-05,True
A2HT24092026-10,D6G0900086B007,加强件外径,2.05,2.15,True,2.1,2.0686405064842606,0.03135949351573952,True
A2HT24092717-10,D2G09002001030,加强件外径,1.3,1.4,True,1.35,1.3500000000000005,4.440892098500626e-16,True
A2HT24102422-10,D9G10000841004,加强件外径,2.15,2.25,True,2.2,2.1842880441317902,0.015711955868209948,True
A2HT24102546-10,D1G10001612064,加强件外径,1.35,1.45,True,1.35,1.350176673482171,0.00017667348217087486,True
A2HT24092521-10,D2G09002051031,加强件外径,1.3,1.4,True,1.35,1.35,0.0,True
A2HT24100625-10,D2G09002372011,加强件外径,1.3,1.4,True,1.35,1.3500000000000005,4.440892098500626e-16,True
A2HT24090225-10,D2G08002521006,加强件外径,0.95,1.05,True,1.0,1.0,0.0,True
A2HT24082930-10,D2G08002424026,加强件外径,1.3,1.4,True,1.35,1.35,0.0,True
A2HT24092911-10,D6G09000864007,加强件外径,1.95,2.05,True,2.0,2.032490965053466,0.03249096505346616,True
A2HT2409184-10,D2G09001262043,加强件外径,1.3,1.4,True,1.35,1.35,0.0,True
A2HT24091127-10,D2G09000751006,加强件外径,1.55,1.65,True,1.6,1.6108152507215048,0.010815250721504688,True
A2HT24100924-10,D1G09002502007,加强件外径,1.35,1.45,True,1.35,1.3638008221515634,0.013800822151563308,True
A2HT24082929-10,D2G08002422049,加强件外径,1.3,1.4,True,1.35,1.35,0.0,True
A2HT24090934-10,D2G09000602001,加强件外径,1.3,1.4,True,1.35,1.5213272956278467,0.17132729562784665,False
A2HT24091119-10,D2G09000752018,加强件外径,1.3,1.4,True,1.35,1.3500000000000005,4.440892098500626e-16,True
A2HT24092521-10,D2G09002051009,加强件外径,1.3,1.4,True,1.35,1.35,0.0,True
A2HT24102112-10,D2G10001341003,加强件外径,0.95,1.05,True,1.0,1.0,0.0,True
A2HT24083034-10,D1G08002131122,加强件外径,1.95,2.05,True,2.0,2.0,0.0,True
A2HT24091225-10,D2G09001171089,加强件外径,1.3,1.4,True,1.35,1.3500000000000005,4.440892098500626e-16,True
A2HT24090531-10,D0G09000101001,加强件外径,1.4,1.5,False,1.7,2.059938110269358,0.35993811026935796,False
A2HT24091935-10,D1G09001443088,加强件外径,1.35,1.45,True,1.35,1.3505018601953656,0.0005018601953654667,True
A2HT24091441-10,D2G09001261054,加强件外径,1.3,1.4,True,1.35,1.3500000000000012,1.1102230246251565e-15,True
A2HT24092015-10,D1G09001443156,加强件外径,1.35,1.45,True,1.35,1.3500000000000014,1.3322676295501878e-15,True
A2HT24091935-10,D1G09001443045,加强件外径,1.35,1.45,True,1.35,1.3505018601953656,0.0005018601953654667,True
A2HT2409135-10,D2G09000841001,加强件外径,2.25,2.35,True,2.3,2.3008055555555607,0.0008055555555608329,True
A2HT24091430-10,A2HT24091430100004,加强件外径,2.45,2.55,True,2.5,2.499646901709402,0.00035309829059793074,True
A2HT24092510-10,D1G09001953015,加强件外径,1.35,1.45,True,1.35,1.3501939033189032,0.0001939033189031214,True
A2HT24092850-10,D2G09002001163,加强件外径,1.3,1.4,True,1.35,1.3500000000000005,4.440892098500626e-16,True
A2HT24082629-10,D0G08002031023,加强件外径,2.35,2.45,True,2.4,2.397220238095228,0.0027797619047720268,True
A2HT24092322-10,D0G09001762015,加强件外径,1.4,1.5,False,1.35,1.3500000000000016,1.5543122344752192e-15,False
A2HT24090919-10,D2G09000671006,加强件外径,1.65,1.75,True,1.7,1.6999999999999966,3.3306690738754696e-15,True
A2HT24082924-10,D1G080032022,加强件外径,1.75,1.85,True,1.8,1.7985516013352898,0.0014483986647102487,True
A2HT24101618-10,D2G10000871082,加强件外径,1.3,1.4,True,1.35,1.35,0.0,True
A2HT24083051-10,D1G08002484002,加强件外径,1.55,1.65,True,1.6,1.5954333879687181,0.004566612031281947,True
A2HT24090945-10,D2G09000551001,加强件外径,1.65,1.75,True,1.7,1.6999999999999966,3.3306690738754696e-15,True
A2HT24101827-10,D1G10001101022,加强件外径,1.65,1.75,True,1.7,1.6999999999999966,3.3306690738754696e-15,True
A2HT24081528-10,D6G08001042001,加强件外径,0.55,0.65,True,0.6,1.3932840773809525,0.7932840773809525,False
A2HT24092324-10,D2G09001484014,加强件外径,1.3,1.4,True,1.35,1.3500000000000019,1.7763568394002505e-15,True
A2HT24083050-10,D1G08002485002,加强件外径,1.65,1.75,True,1.7,1.6999999999999966,3.3306690738754696e-15,True
A2HT2409201-10,D1Z24090017004,加强件外径,2.45,2.55,True,2.5,2.4993246629654484,0.0006753370345515819,True
A2HT24092013-10,D2G09001361043,加强件外径,1.65,1.75,True,1.7,1.700074074074067,7.407407406700983e-05,True
A2HT24102429-10,D0G10000845014,加强件外径,1.3,1.4,True,1.35,1.3508020486241625,0.0008020486241624436,True
A2HT24101717-10,D2G10000264038,加强件外径,1.15,1.25,True,1.2,1.2000127314814761,1.2731481476180306e-05,True
A2HT24092615-10,D1G09002081005,加强件外径,1.3,1.4,True,1.35,1.3500000000000005,4.440892098500626e-16,True
A2HT24082930-10,D2G08002424011,加强件外径,1.3,1.4,True,1.35,1.35,0.0,True
A2HT24091414-10,D2G09001262055,加强件外径,1.3,1.4,True,1.35,1.35,0.0,True
A2HT2409107-10,D2G09000512003,加强件外径,2.45,2.55,True,2.5,2.5,0.0,True
A2HT24102314-10,D2G10001551006,加强件外径,1.65,1.75,True,1.7,1.6999999999999966,3.3306690738754696e-15,True
A2HT24092417-10,D2G09001362004,加强件外径,0.55,0.65,True,0.6,0.5999999999999973,2.6645352591003757e-15,True
A2HT24091021-10,D2G09000053002,加强件外径,2.45,2.55,True,2.5,2.4963888888888888,0.0036111111111112315,True
A2HT24100631-10,A2HT24100631100001,加强件外径,1.4,1.5,False,2.5,2.33467080026455,0.1653291997354498,False
A2HT24090517-10,D2G09000101006,加强件外径,0.95,1.05,True,1.0,1.0,0.0,True
A2HT24082313-10,D2G08001862029,加强件外径,1.95,2.05,True,2.0,2.0,0.0,True
A2HT2409249-10,D2G09001482035,加强件外径,1.3,1.4,True,1.35,1.350000000000001,8.881784197001252e-16,True
A2HT24090220-10,D9G08001321001,加强件外径,2.65,2.75,True,2.7,2.6679057539682574,0.032094246031742824,True
A2HT24100920-10,D2G09002421033,加强件外径,0.55,0.65,True,0.6,0.5999999999999973,2.6645352591003757e-15,True
A2HT24102317-10,D0Z24100012012,加强件外径,1.65,1.75,True,1.7,1.701845436596353,0.001845436596352945,True
A2HT24101717-10,D2G10000264055,加强件外径,1.15,1.25,True,1.2,1.2000127314814761,1.2731481476180306e-05,True
A2HT24101720-10,D6G09002491018,加强件外径,1.45,1.55,True,1.5,1.497200821740719,0.00279917825928111,True
A2HT24082930-10,D2G08002424010,加强件外径,1.3,1.4,True,1.35,1.35,0.0,True
A2HT24083067-10,D2G08002424058,加强件外径,1.3,1.4,True,1.35,1.35,0.0,True
A2HT2409133-10,D0G09000271032,加强件外径,2.45,2.55,True,2.5,2.5,0.0,True
A2HT24091935-10,D1G09001443117,加强件外径,1.35,1.45,True,1.35,1.3505018601953656,0.0005018601953654667,True
A2HT24102429-10,D0G10000845005,加强件外径,1.3,1.4,True,1.35,1.3508020486241625,0.0008020486241624436,True
A2HT24092615-10,D1G09002081023,加强件外径,1.3,1.4,True,1.35,1.3500000000000005,4.440892098500626e-16,True
A2HT24090530-10,D0G09000281002,加强件外径,1.3,1.4,True,1.35,1.355773826058203,0.00577382605820298,True
A2HT24092853-10,D2G09002001116,加强件外径,1.3,1.4,True,1.35,1.35,0.0,True
A2HT24090628-10,D2G09000441041,加强件外径,1.65,1.75,True,1.7,1.6999905303030234,9.46969697657174e-06,True
A2HT2410187-10,D9G10000611001,加强件外径,1.3,1.4,True,1.35,1.35,0.0,True
A2HT24092036-10,D0G09001551002,加强件外径,1.65,1.75,True,1.7,1.7211758432539632,0.021175843253963267,True
A2HT24092012-10,D6G09000867022,加强件外径,2.15,2.25,True,2.2,2.199999999999994,6.217248937900877e-15,True
A2HT24092314-10,A2HT24092314100003,加强件外径,2.45,2.55,True,2.5,2.499884259259259,0.00011574074074083285,True
A2HT24101229-10,D2G10000673001,加强件外径,0.95,1.05,True,1.0,1.0020833333333334,0.002083333333333437,True
A2HT2408272-10,D6G08001951001,加强件外径,0.55,0.65,True,0.6,0.6439027777777752,0.04390277777777518,True
A2HT24092510-10,D1G09001953021,加强件外径,1.35,1.45,True,1.35,1.3501939033189032,0.0001939033189031214,True
A2HT24101411-10,D2G10000761002,加强件外径,1.65,1.75,True,1.7,1.6999999999999966,3.3306690738754696e-15,True
A2HT24092815-10,D1G09002191003,加强件外径,1.95,2.05,True,2.0,1.9958394510582012,0.004160548941798847,True
A2HT24091129-10,A2HT24091129100001,加强件外径,2.45,2.55,True,2.5,2.489523809523809,0.010476190476190972,True
A2HT2409047-10,A2HT2409047100001,加强件外径,1.95,2.05,False,1.7,2.1217324585137067,0.4217324585137068,False
A2HT2410217-10,D2G10001303019,加强件外径,1.3,1.4,True,1.35,1.3500000000000014,1.3322676295501878e-15,True
A2HT2409045-10,D2G09000112009,加强件外径,1.65,1.75,True,1.7,1.7024395457266221,0.0024395457266221943,True
A2HT24092852-10,D6G09000865008,加强件外径,2.15,2.25,True,2.2,2.199999999999994,6.217248937900877e-15,True
A2HT2409249-10,D2G09001482029,加强件外径,1.3,1.4,True,1.35,1.350000000000001,8.881784197001252e-16,True
A2HT24083024-10,D2G08002321003,加强件外径,0.95,1.05,True,1.0,1.0,0.0,True
A2HT24083034-10,D1G08002131009,加强件外径,2.15,2.25,False,2.0,2.0,0.0,False
A2HT24091935-10,D1G09001443081,加强件外径,1.35,1.45,True,1.35,1.3505018601953656,0.0005018601953654667,True
A2HT2410217-10,D2G10001303005,加强件外径,1.3,1.4,True,1.35,1.3500000000000014,1.3322676295501878e-15,True
A2HT24090339-10,D2G08002422051,加强件外径,1.3,1.4,True,1.35,1.35,0.0,True
A2HT24092015-10,D1G09001443149,加强件外径,1.35,1.45,True,1.35,1.3500000000000014,1.3322676295501878e-15,True
A2HT24092850-10,D2G09002001082,加强件外径,1.3,1.4,True,1.35,1.3500000000000005,4.440892098500626e-16,True
A2HT2409134-10,A2HT2409134100003,加强件外径,2.45,2.55,True,2.5,2.499646901709402,0.00035309829059793074,True
A2HT24091935-10,D1G09001443003,加强件外径,1.35,1.45,True,1.35,1.3505018601953656,0.0005018601953654667,True
A2HT24092324-10,D2G09001484028,加强件外径,1.3,1.4,True,1.35,1.3500000000000019,1.7763568394002505e-15,True
A2HT24091935-10,D1G09001443029,加强件外径,1.35,1.45,True,1.35,1.3505018601953656,0.0005018601953654667,True
A2HT24100616-10,D2G09002371013,加强件外径,1.65,1.75,True,1.7,1.6999999999999966,3.3306690738754696e-15,True
A2HT24100924-10,D1G09002502032,加强件外径,1.35,1.45,True,1.35,1.3638008221515634,0.013800822151563308,True
A2HT2409184-10,D2G09001262071,加强件外径,1.3,1.4,True,1.35,1.35,0.0,True
A2HT2409252-10,D2G09001362036,加强件外径,0.55,0.65,True,0.6,0.5999999999999973,2.6645352591003757e-15,True
A2FX2409181-10,D2G0900068100201,加强件外径,1.65,1.75,True,1.7,1.7540175082539955,0.05401750825399554,False
A2HT24091225-10,D2G09001171076,加强件外径,1.3,1.4,True,1.35,1.3500000000000005,4.440892098500626e-16,True
A2HT24092851-10,D6G09000869017,加强件外径,3.25,3.35,True,3.3,3.2990729166666557,0.0009270833333441253,True
A2HT2409055-10,D9G08001371001,加强件外径,2.65,2.75,True,2.7,2.687860449735452,0.012139550264548049,True
A2HT24091031-10,D2G09000723001,加强件外径,2.95,3.05,False,2.5,2.235197360509861,0.26480263949013905,False
A2HT2409105-10,D9G09000172001,加强件外径,2.15,2.25,True,2.2,1.994098899235888,0.20590110076411228,False
A2HT24100625-10,D2G09002372032,加强件外径,1.3,1.4,True,1.35,1.3500000000000005,4.440892098500626e-16,True
A2HT24083051-10,D1G08002484001,加强件外径,1.55,1.65,True,1.6,1.5954333879687181,0.004566612031281947,True
A2HT2409258-10,D2G09001351007,加强件外径,1.65,1.75,True,1.7,2.158821340696339,0.45882134069633884,False
A2HT24101828-10,D1G10001111006,加强件外径,2.45,2.55,True,2.5,2.5,0.0,True
A2HT2410189-10,D9G10000451001,加强件外径,2.65,2.75,True,2.7,2.699476495726499,0.0005235042735010076,True
A2HT2409027-10,D1G08002552011,加强件外径,1.35,1.45,True,1.35,1.35,0.0,True
A2HT2409131-10,D2G09001171067,加强件外径,1.3,1.4,True,1.35,1.35,0.0,True
A2HT24092720-10,D9G09000621001,加强件外径,2.65,2.75,True,2.7,2.7503744708994735,0.050374470899473334,False
A2HT24102114-10,D2G10001342011,加强件外径,0.95,1.05,True,1.0,1.0062734111952862,0.006273411195286238,True
A2HT24092521-10,D2G09002051028,加强件外径,1.3,1.4,True,1.35,1.35,0.0,True
A2HT24101827-10,D1G10001101008,加强件外径,1.65,1.75,True,1.7,1.6999999999999966,3.3306690738754696e-15,True
A2HT24083052-10,D1G08002483008,加强件外径,1.35,1.45,True,1.35,1.3500000000000005,4.440892098500626e-16,True
A2HT24091429-10,D0G09000271037,加强件外径,2.45,2.55,True,2.5,2.5,0.0,True
A2HT24090918-10,D2G09000681004,加强件外径,1.65,1.75,True,1.7,1.6999999999999966,3.3306690738754696e-15,True
A2HT24100626-10,D2G09002373024,加强件外径,1.3,1.4,True,1.35,1.35,0.0,True
A2HT24100924-10,D1G09002502021,加强件外径,1.35,1.45,True,1.35,1.3638008221515634,0.013800822151563308,True
A2HT24102423-10,A2HT24102423100001,加强件外径,2.15,2.25,True,2.2,2.163520833333329,0.03647916666667106,True
A2HT24091416-10,A2HT24091416100001,加强件外径,2.15,2.25,True,2.2,2.0534382249694736,0.1465617750305266,False
A2HT24090530-10,D0G09000281001,加强件外径,1.3,1.4,True,1.35,1.355773826058203,0.00577382605820298,True
A2HT24102114-10,D2G10001342001,加强件外径,0.95,1.05,True,1.0,1.0062734111952862,0.006273411195286238,True
A2HT24091935-10,D1G09001443073,加强件外径,1.35,1.45,True,1.35,1.3505018601953656,0.0005018601953654667,True
A2HT24102426-10,D0G10001673001,加强件外径,1.65,1.75,True,1.7,1.821818800473404,0.12181880047340399,False
A2HT24100823-10,D0G09002381003,加强件外径,1.65,1.75,True,1.7,1.6880575227898125,0.011942477210187485,True
A2HT24091124-10,A2HT24091124100001,加强件外径,2.45,2.55,True,2.5,2.489523809523809,0.010476190476190972,True
A2HT24101215-10,D0G10000162003,加强件外径,1.75,1.85,True,1.8,1.8010261211598346,0.001026121159834581,True
A2HT24083034-10,D1G08002131135,加强件外径,1.95,2.05,True,2.0,2.0,0.0,True
A2HT24102516-10,D1G10001714016,加强件外径,1.95,2.05,True,2.0,2.000257505175983,0.0002575051759832192,True
A2HT24091935-10,D1G09001443017,加强件外径,1.35,1.45,True,1.35,1.3505018601953656,0.0005018601953654667,True
A2HT24092030-10,D0G09001542001,加强件外径,1.95,2.05,True,2.0,2.0008458994708986,0.0008458994708986367,True
A2HT24101827-10,D1G10001101061,加强件外径,1.65,1.75,True,1.7,1.6999999999999966,3.3306690738754696e-15,True
A2HT24102317-10,D0Z24100012004,加强件外径,1.65,1.75,True,1.7,1.701845436596353,0.001845436596352945,True
A2HT2409198-10,D6G09000861019,加强件外径,2.15,2.25,True,2.2,2.1992882395382334,0.0007117604617667972,True
A2HT24082311-10,D2G08001861002,加强件外径,1.95,2.05,True,2.0,1.999982553366174,1.744663382607925e-05,True
A2HT2409184-10,D2G09001262064,加强件外径,1.3,1.4,True,1.35,1.35,0.0,True
A2HT24092835-10,D1G09001957002,加强件外径,2.45,2.55,True,2.5,2.5,0.0,True
A2HT24083034-10,D1G08002131079,加强件外径,1.95,2.05,True,2.0,2.0,0.0,True
A2HT24091215-10,D1G09001041063,加强件外径,1.65,1.75,True,1.7,1.7003223245551,0.00032232455510006197,True
A2HT24091441-10,D2G09001261064,加强件外径,1.3,1.4,True,1.35,1.3500000000000012,1.1102230246251565e-15,True
A2HT2409198-10,D6G09000861021,加强件外径,2.15,2.25,True,2.2,2.1992882395382334,0.0007117604617667972,True
A2HT24102313-10,D1G10001612014,加强件外径,1.35,1.45,True,1.35,1.3502336281119192,0.00023362811191907085,True
A2HT24092015-10,D1G09001443193,加强件外径,1.35,1.45,True,1.35,1.3500000000000014,1.3322676295501878e-15,True
A2HT24083022-10,D0G07002702117,加强件外径,1.75,1.85,True,1.8,1.7999642858311022,3.5714168897804655e-05,True
A2HT24092521-10,D2G09002051021,加强件外径,1.3,1.4,True,1.35,1.35,0.0,True
A2HT24101534-10,D0G10000401001,加强件外径,1.45,1.55,False,4.5,1.5363472222222216,2.9636527777777784,True
A2HT24101413-10,D2G10000762005,加强件外径,2.45,2.55,True,2.5,2.4985079931642433,0.0014920068357566763,True
A2HT2410217-10,D2G10001303003,加强件外径,1.3,1.4,True,1.35,1.3500000000000014,1.3322676295501878e-15,True
A2HT24092322-10,D0G09001762009,加强件外径,1.4,1.5,False,1.35,1.3500000000000016,1.5543122344752192e-15,False
A2HT2408272-10,D6G08001951005,加强件外径,0.55,0.65,True,0.6,0.6439027777777752,0.04390277777777518,True
A2HT24100625-10,D2G09002372016,加强件外径,1.3,1.4,True,1.35,1.3500000000000005,4.440892098500626e-16,True
A2HT24091414-10,D2G09001262036,加强件外径,1.3,1.4,True,1.35,1.35,0.0,True
A2HT2409252-10,D2G09001362015,加强件外径,0.55,0.65,True,0.6,0.5999999999999973,2.6645352591003757e-15,True
A2HT24082924-10,D1G080032011,加强件外径,1.75,1.85,True,1.8,1.7985516013352898,0.0014483986647102487,True
A2HT24101115-10,D2G10000262008,加强件外径,1.3,1.4,True,1.35,1.3500000000000005,4.440892098500626e-16,True
A2HT24091225-10,D2G09001171007,加强件外径,1.3,1.4,True,1.35,1.3500000000000005,4.440892098500626e-16,True
A2HT24102816-10,D0G10000871003,加强件外径,2.15,2.25,True,2.2,2.170240755772001,0.029759244227999027,True
A2HT24101115-10,D2G10000262022,加强件外径,1.3,1.4,True,1.35,1.3500000000000005,4.440892098500626e-16,True
A2HT2409186-10,D6G09000867002,加强件外径,2.15,2.25,True,2.2,2.2039646164021107,0.0039646164021105434,True
A2HT24100923-10,D1G09002501002,加强件外径,1.55,1.65,True,1.6,1.6030208333333378,0.0030208333333376913,True
A2HT24101515-10,D6G09002492011,加强件外径,1.45,1.55,True,1.5,1.4972855801483884,0.0027144198516115825,True
A2HT24101827-10,D1G10001101006,加强件外径,1.65,1.75,True,1.7,1.6999999999999966,3.3306690738754696e-15,True
A2HT24091935-10,D1G09001443039,加强件外径,1.35,1.45,True,1.35,1.3505018601953656,0.0005018601953654667,True
A2HT24100617-10,D0G09002511007,加强件外径,1.4,1.5,False,1.35,1.3548476190476206,0.004847619047620544,False
A2HT24091225-10,D2G09001171066,加强件外径,1.3,1.4,True,1.35,1.3500000000000005,4.440892098500626e-16,True
A2HT24100911-10,D2G10000051037,加强件外径,1.3,1.4,True,1.35,1.35,0.0,True
A2HT24091410-10,D0G09001321008,加强件外径,1.4,1.5,False,1.35,1.3586849371693133,0.008684937169313178,False
A2HT24083010-10,D1G08002337011,加强件外径,1.95,2.05,True,2.0,2.0,0.0,True
A2HT24090434-10,D9G09000053021,加强件外径,3.25,3.35,True,3.3,3.2943973833730165,0.005602616626983359,True
A2HT24083052-10,D1G08002483003,加强件外径,1.35,1.45,True,1.35,1.3500000000000005,4.440892098500626e-16,True
A2HT2409252-10,D2G09001362031,加强件外径,0.55,0.65,True,0.6,0.5999999999999973,2.6645352591003757e-15,True
A2HT24092060-10,D2G09001483006,加强件外径,1.55,1.65,True,1.6,1.5999791666666714,2.0833333328695858e-05,True
A2HT24082923-10,D1G08002333007,加强件外径,1.35,1.45,True,1.35,1.35,0.0,True
A2HT24102310-10,A2HT24102310100005,加强件外径,2.45,2.55,True,2.5,2.5,0.0,True
A2HT2409123-10,D1G09001041049,加强件外径,1.65,1.75,True,1.7,1.7000196759259227,1.967592592277967e-05,True
A2HT24083055-10,D2G08002472001,加强件外径,2.45,2.55,True,2.5,2.4994293017246774,0.0005706982753226342,True
A2HT24100917-10,D0G09002581008,加强件外径,2.15,2.25,True,2.2,2.199999999999994,6.217248937900877e-15,True
A2HT2409188-10,D2G09000752044,加强件外径,1.3,1.4,True,1.35,1.3954633240977568,0.04546332409775666,True
A2HT2409184-10,D2G09001262050,加强件外径,1.3,1.4,True,1.35,1.35,0.0,True
A2HT2409204-10,A2HT2409204100008,加强件外径,1.65,1.75,True,1.7,1.710371898158909,0.010371898158909154,True
A2HT24092853-10,D2G09002001154,加强件外径,1.3,1.4,True,1.35,1.35,0.0,True
A2HT24083034-10,D1G08002131113,加强件外径,1.95,2.05,True,2.0,2.0,0.0,True
A2HT24100625-10,D2G09002372034,加强件外径,1.3,1.4,True,1.35,1.3500000000000005,4.440892098500626e-16,True
A2HT24101414-10,A2HT24101414100002,加强件外径,2.45,2.55,True,2.5,2.457730985449735,0.042269014550265105,True
A2HT24092310-10,D6G09000863010,加强件外径,2.15,2.25,True,2.2,2.1999479166666602,5.20833333399473e-05,True
A2HT24101115-10,D2G10000262046,加强件外径,1.3,1.4,True,1.35,1.3500000000000005,4.440892098500626e-16,True
A2HT24101219-10,D6G09000865041,加强件外径,2.15,2.25,True,2.2,2.199999999999994,6.217248937900877e-15,True
A2HT2410143-10,D2G10000732002,加强件外径,1.65,1.75,True,1.7,1.6999999999999966,3.3306690738754696e-15,True
A2HT2409021-10,D2G08002582002,加强件外径,0.95,1.05,True,1.0,2.0415780332140634,1.0415780332140634,False
A2HT24100622-10,D6G09000865026,加强件外径,2.15,2.25,True,2.2,2.199999999999994,6.217248937900877e-15,True
A2HT24092853-10,D2G09002001127,加强件外径,1.3,1.4,True,1.35,1.35,0.0,True
A2HT24083021-10,D1G08002335023,加强件外径,1.65,1.75,True,1.7,1.6999999999999966,3.3306690738754696e-15,True
A2HT24092850-10,D2G09002001075,加强件外径,1.3,1.4,True,1.35,1.3500000000000005,4.440892098500626e-16,True
A2HT2410158-10,D2G10000266040,加强件外径,1.15,1.25,True,1.2,1.193822985526367,0.006177014473633058,True
A2HT24101410-10,D2G10000266028,加强件外径,1.15,1.25,True,1.2,1.193822985526367,0.006177014473633058,True
A2HT24101618-10,D2G10000871034,加强件外径,1.3,1.4,True,1.35,1.35,0.0,True
A2HT24091420-10,D2G09000441071,加强件外径,1.65,1.75,True,1.7,1.6977909404192244,0.002209059580775552,True
A2HT2409256-10,A2HT2409256100002,加强件外径,2.45,2.55,True,2.5,2.499884259259259,0.00011574074074083285,True
A2HT24102546-10,D1G10001612057,加强件外径,1.35,1.45,True,1.35,1.350176673482171,0.00017667348217087486,True
A2HT24082928-10,D2G08002261003,加强件外径,0.95,1.05,True,1.0,1.0,0.0,True
A2HT24092038-10,D0G09001552001,加强件外径,1.65,1.75,True,1.7,1.7212889384920582,0.021288938492058262,True
A2HT24082929-10,D2G08002422027,加强件外径,1.3,1.4,True,1.35,1.35,0.0,True
A2HT24083071-10,D2G08002541002,加强件外径,0.95,1.05,True,1.0,1.00625,0.006250000000000089,True
A2HT24092012-10,D6G09000867021,加强件外径,2.15,2.25,True,2.2,2.199999999999994,6.217248937900877e-15,True
A2HT24102429-10,D0G10000845017,加强件外径,1.3,1.4,True,1.35,1.3508020486241625,0.0008020486241624436,True
A2HT24101414-10,A2HT24101414100001,加强件外径,2.45,2.55,True,2.5,2.457730985449735,0.042269014550265105,True
A2HT24101216-10,D2G10000402054,加强件外径,1.95,2.05,True,2.0,1.9998556547619049,0.00014434523809514488,True
A2HT24090925-10,A2HT24090925100001,加强件外径,1.95,2.05,True,2.0,2.0803447420634913,0.08034474206349129,False
A2HT24091136-10,D9G09000282001,加强件外径,2.45,2.55,True,2.5,2.059938110269358,0.4400618897306421,False
A2HT24091130-10,D2G09000757001,加强件外径,1.95,2.05,True,2.0,2.006224537037037,0.00622453703703707,True
A2HT2409131-10,D2G09001171012,加强件外径,1.3,1.4,True,1.35,1.35,0.0,True
A2HT24102215-10,D2G10001504025,加强件外径,1.3,1.4,True,1.35,1.3503350096997317,0.00033500969973165873,True
A2HT2409123-10,D1G09001041007,加强件外径,1.65,1.75,True,1.7,1.7000196759259227,1.967592592277967e-05,True
A2HT24090347-10,D9G09000032001,加强件外径,2.15,2.25,True,2.2,2.1952222222222155,0.004777777777784653,True
A2HT24092832-10,D1G09002021004,加强件外径,1.95,2.05,True,2.0,2.000808531746032,0.0008085317460317931,True
A2HT24101216-10,D2G10000402005,加强件外径,1.95,2.05,True,2.0,1.9998556547619049,0.00014434523809514488,True
A2HT24101222-10,D9G10000081001,加强件外径,2.15,2.25,True,2.2,2.1932568313630805,0.006743168636919705,True
A2HT24092615-10,D1G09002081025,加强件外径,1.3,1.4,True,1.35,1.3500000000000005,4.440892098500626e-16,True
A2HT24092713-10,A2HT24092713100001,加强件外径,2.75,2.85,True,2.8,2.2481132224257228,0.5518867775742771,False
A2HT2409255-10,D1Z24090017066,加强件外径,2.45,2.55,True,2.5,2.5,0.0,True
A2HT24092060-10,D2G09001483003,加强件外径,1.55,1.65,True,1.6,1.5999791666666714,2.0833333328695858e-05,True
A2HT24101212-10,D9G10000251001,加强件外径,2.45,2.55,True,2.5,2.317468607202983,0.18253139279701713,False
A2HT24101122-10,D0G10000021003,加强件外径,2.15,2.25,True,2.2,2.1756422758587735,0.024357724141226722,True
A2HT24101413-10,D2G10000762016,加强件外径,2.45,2.55,True,2.5,2.4985079931642433,0.0014920068357566763,True
A2HT2409123-10,D1G09001041044,加强件外径,1.65,1.75,True,1.7,1.7000196759259227,1.967592592277967e-05,True
A2HT24092832-10,D1G09002021006,加强件外径,1.95,2.05,True,2.0,2.000808531746032,0.0008085317460317931,True
A2HT24102523-10,D1G10001704001,加强件外径,1.95,2.05,True,2.0,2.000257505175983,0.0002575051759832192,True
A2HT2410168-10,D2G10000264010,加强件外径,1.15,1.25,True,1.2,1.1999999999999948,5.10702591327572e-15,True
A2HT24082929-10,D2G08002422001,加强件外径,1.3,1.4,True,1.35,1.35,0.0,True
A2HT24092320-10,D0G09001761003,加强件外径,1.95,2.05,True,2.0,2.0008458994708986,0.0008458994708986367,True
A2HT2409249-10,D2G09001482036,加强件外径,1.3,1.4,True,1.35,1.350000000000001,8.881784197001252e-16,True
A2HT24091413-10,D2G09001261005,加强件外径,1.3,1.4,True,1.35,1.35,0.0,True
A2HT24093013-10,A2HT24093013100001,加强件外径,2.15,2.25,True,2.2,2.0051992394179883,0.1948007605820119,False
A2HT24092324-10,D2G09001484041,加强件外径,1.3,1.4,True,1.35,1.3500000000000019,1.7763568394002505e-15,True
A2HT24091225-10,D2G09001171039,加强件外径,1.3,1.4,True,1.35,1.3500000000000005,4.440892098500626e-16,True
A2HT24090936-10,D2G09000663001,加强件外径,1.3,1.4,True,1.35,1.3612581018518537,0.011258101851853608,True
A2HT24101216-10,D2G10000402028,加强件外径,1.95,2.05,True,2.0,1.9998556547619049,0.00014434523809514488,True
A2HT2409095-10,D5G09000011003,加强件外径,3.45,3.55,True,3.5,3.43596668569551,0.06403331430449022,False
A2HT24100616-10,D2G09002371031,加强件外径,1.65,1.75,True,1.7,1.6999999999999966,3.3306690738754696e-15,True
A2HT2410123-10,D2G10000401011,加强件外径,1.95,2.05,True,2.0,2.0000528002699056,5.280026990561737e-05,True
A2HT24090634-10,A2HT24090634100001,加强件外径,1.95,2.05,True,2.0,2.0028680555555556,0.002868055555555582,True
A2HT24102215-10,D2G10001504023,加强件外径,1.3,1.4,True,1.35,1.3503350096997317,0.00033500969973165873,True
A2HT24101411-10,D2G10000761001,加强件外径,1.65,1.75,True,1.7,1.6999999999999966,3.3306690738754696e-15,True
A2HT24083026-10,A2HT24083026100003,加强件外径,2.45,2.55,True,2.5,2.498888888888889,0.0011111111111108407,True
A2HT2409184-10,D2G09001262060,加强件外径,1.3,1.4,True,1.35,1.35,0.0,True
A2HT24090414-10,D6G08001992018,加强件外径,1.4,1.5,True,1.45,1.458855983536182,0.00885598353618211,True
A2HT24092015-10,D1G09001443142,加强件外径,1.35,1.45,True,1.35,1.3500000000000014,1.3322676295501878e-15,True
A2HT24083010-10,D1G08002337010,加强件外径,1.95,2.05,True,2.0,2.0,0.0,True
A2HT24083034-10,D1G08002131108,加强件外径,1.95,2.05,True,2.0,2.0,0.0,True
A2HT24102429-10,D0G10000845004,加强件外径,1.3,1.4,True,1.35,1.3508020486241625,0.0008020486241624436,True
A2HT2409252-10,D2G09001362041,加强件外径,0.55,0.65,True,0.6,0.5999999999999973,2.6645352591003757e-15,True
A2HT24092015-10,D1G09001443143,加强件外径,1.35,1.45,True,1.35,1.3500000000000014,1.3322676295501878e-15,True
A2HT24092850-10,D2G09002001063,加强件外径,1.3,1.4,True,1.35,1.3500000000000005,4.440892098500626e-16,True
A2HT24100611-10,D1G09002261023,加强件外径,2.45,2.55,True,2.5,2.5,0.0,True
A2HT24092825-10,D6G09000863020,加强件外径,2.15,2.25,True,2.2,2.199999999999994,6.217248937900877e-15,True
A2HT24092853-10,D2G09002001135,加强件外径,1.3,1.4,True,1.35,1.35,0.0,True
A2HT24092615-10,D1G09002081085,加强件外径,1.3,1.4,True,1.35,1.3500000000000005,4.440892098500626e-16,True
A2HT2410211-10,D6G10000711009,加强件外径,1.65,1.75,True,1.7,1.6962306479500713,0.003769352049928676,True
A2HT24092812-10,D9G09000831001,加强件外径,2.45,2.55,True,2.5,2.5,0.0,True
A2HT24092715-10,D1Z24090017098,加强件外径,2.45,2.55,True,2.5,2.4993246629654484,0.0006753370345515819,True
A2HT24100626-10,D2G09002373025,加强件外径,1.3,1.4,True,1.35,1.35,0.0,True
A2HT2409205-10,D1Z24090017024,加强件外径,2.45,2.55,True,2.5,2.4993246629654484,0.0006753370345515819,True
A2HT24091120-10,D2G09000758003,加强件外径,1.65,1.75,True,1.7,1.6997398504273469,0.0002601495726530789,True
A2HT2409184-10,D2G09001262107,加强件外径,1.3,1.4,True,1.35,1.35,0.0,True
A2HT24091119-10,D2G09000752013,加强件外径,1.3,1.4,True,1.35,1.3500000000000005,4.440892098500626e-16,True
A2HT24101618-10,D2G10000871083,加强件外径,1.3,1.4,True,1.35,1.35,0.0,True
A2HT24091215-10,D1G09001041072,加强件外径,1.65,1.75,True,1.7,1.7003223245551,0.00032232455510006197,True
A2HT24092615-10,D1G09002081101,加强件外径,1.3,1.4,True,1.35,1.3500000000000005,4.440892098500626e-16,True
A2HT24090334-10,A2HT24090334100001,加强件外径,3.45,3.55,True,3.5,3.03555090950716,0.46444909049284,False
A2HT24091422-10,D2G09000543004,加强件外径,1.3,1.4,True,1.35,1.5167266763397274,0.16672667633972726,False
A2HT24102215-10,D2G10001504012,加强件外径,1.3,1.4,True,1.35,1.3503350096997317,0.00033500969973165873,True
A2HT24083034-10,D1G08002131148,加强件外径,1.95,2.05,True,2.0,2.0,0.0,True
A2HT24083046-10,A2HT24083046100001,加强件外径,2.45,2.55,True,2.5,2.40350248015873,0.09649751984126986,False
A2HT2409027-10,D1G08002552021,加强件外径,1.35,1.45,True,1.35,1.35,0.0,True
A2HT24092615-10,D1G09002081009,加强件外径,1.3,1.4,True,1.35,1.3500000000000005,4.440892098500626e-16,True
A2HT2409306-10,D2G09002374018,加强件外径,1.65,1.75,True,1.7,1.700018939393936,1.8939393936046045e-05,True
A2HT24092830-10,D1G09001959002,加强件外径,2.45,2.55,True,2.5,2.476089285714286,0.023910714285714008,True
A2HT24092828-10,D2G09002111016,加强件外径,1.3,1.4,True,1.35,1.3499999999999994,6.661338147750939e-16,True
A2HT24082313-10,D2G08001862003,加强件外径,1.95,2.05,True,2.0,2.0,0.0,True
A2HT2409285-10,D1G09002181004,加强件外径,2.15,2.25,True,2.2,2.199791666666661,0.0002083333333393611,True
A2HT2409027-10,D1G08002552009,加强件外径,1.35,1.45,True,1.35,1.35,0.0,True
A2HT24092850-10,D2G09002001070,加强件外径,1.3,1.4,True,1.35,1.3500000000000005,4.440892098500626e-16,True
A2HT24082629-10,D0G08002031026,加强件外径,2.35,2.45,True,2.4,2.397220238095228,0.0027797619047720268,True
A2HT24091441-10,D2G09001261048,加强件外径,1.3,1.4,True,1.35,1.3500000000000012,1.1102230246251565e-15,True
A2HT24092322-10,D0G09001762007,加强件外径,1.4,1.5,False,1.35,1.3500000000000016,1.5543122344752192e-15,False
A2HT24092820-10,D0G09002071001,加强件外径,1.65,1.75,True,1.7,2.440917358104858,0.740917358104858,False
A2HT24082925-10,D1G080033023,加强件外径,1.65,1.75,True,1.7,1.6999999999999966,3.3306690738754696e-15,True
A2HT24102217-10,A2HT24102217100006,加强件外径,1.95,2.05,True,2.0,2.0007499224703174,0.0007499224703173546,True
A2HT24092615-10,D1G09002081093,加强件外径,1.3,1.4,True,1.35,1.3500000000000005,4.440892098500626e-16,True
A2HT2409104-10,D9G09000171001,加强件外径,2.15,2.25,True,2.2,1.9941683436803324,0.20583165631966782,False
A2HT2409255-10,D1Z24090017078,加强件外径,2.45,2.55,True,2.5,2.5,0.0,True
A2HT24091429-10,D0G09000271050,加强件外径,2.45,2.55,True,2.5,2.5,0.0,True
A2HT24091441-10,D2G09001261056,加强件外径,1.3,1.4,True,1.35,1.3500000000000012,1.1102230246251565e-15,True
A2HT2409249-10,D2G09001482014,加强件外径,1.3,1.4,True,1.35,1.350000000000001,8.881784197001252e-16,True
A2HT2409099-10,D9G09000032004,加强件外径,2.15,2.25,True,2.2,2.2588888888888845,0.05888888888888433,False
A2HT2410218-10,D2G10001304004,加强件外径,1.65,1.75,True,1.7,1.700787037037034,0.0007870370370339774,True
A2HT24092510-10,D1G09001953007,加强件外径,1.35,1.45,True,1.35,1.3501939033189032,0.0001939033189031214,True
A2HT24092313-10,D1Z24090017049,加强件外径,2.45,2.55,True,2.5,2.5,0.0,True
A2HT24102317-10,D0Z24100012007,加强件外径,1.65,1.75,True,1.7,1.701845436596353,0.001845436596352945,True
A2HT2409267-10,D1Z24090017093,加强件外径,2.45,2.55,True,2.5,2.4993246629654484,0.0006753370345515819,True
A2HT2409123-10,D1G09001041002,加强件外径,1.65,1.75,True,1.7,1.7000196759259227,1.967592592277967e-05,True
A2HT24090413-10,D6G08001991019,加强件外径,1.4,1.5,True,1.45,1.4484478667049234,0.0015521332950765299,True
A2HT24091011-10,D2G09000603001,加强件外径,2.25,2.35,True,2.3,2.300636807435724,0.0006368074357241404,True
A2HT24092812-10,D9G09000831002,加强件外径,2.45,2.55,True,2.5,2.5,0.0,True
A2HT24091430-10,A2HT24091430100006,加强件外径,2.45,2.55,False,2.2,2.499646901709402,0.2996469017094019,True
A2HT24082924-10,D1G080032012,加强件外径,1.75,1.85,True,1.8,1.7985516013352898,0.0014483986647102487,True
A2HT24090212-10,D1G08002554012,加强件外径,1.65,1.75,True,1.7,1.6999999999999966,3.3306690738754696e-15,True
A2HT24083067-10,D2G08002424025,加强件外径,1.3,1.4,True,1.35,1.35,0.0,True
A2HT24091225-10,D2G09001171049,加强件外径,1.3,1.4,True,1.35,1.3500000000000005,4.440892098500626e-16,True
A2HT24101223-10,D9G10000111001,加强件外径,0.55,0.65,True,0.6,0.6089999999999974,0.008999999999997454,True
A2HT24090432-10,D9G09000051002,加强件外径,2.15,2.25,True,2.2,2.1952222222222155,0.004777777777784653,True
A2HT24091119-10,D2G09000752032,加强件外径,1.3,1.4,True,1.35,1.3500000000000005,4.440892098500626e-16,True
A2HT24102112-10,D2G10001341006,加强件外径,0.95,1.05,True,1.0,1.0,0.0,True
A2HT24083010-10,D1G08002337007,加强件外径,1.95,2.05,True,2.0,2.0,0.0,True
A2HT24092717-10,D2G09002001048,加强件外径,1.3,1.4,True,1.35,1.3500000000000005,4.440892098500626e-16,True
A2HT24091023-10,D1G09000222006,加强件外径,2.15,2.25,True,2.2,2.201672288359782,0.0016722883597819482,True
A2HT2409123-10,D1G09001041018,加强件外径,1.65,1.75,True,1.7,1.7000196759259227,1.967592592277967e-05,True
A2HT2409203-10,D2G09001361002,加强件外径,1.65,1.75,True,1.7,1.700074074074067,7.407407406700983e-05,True
A2HT24090628-10,D2G09000441005,加强件外径,1.65,1.75,True,1.7,1.6999905303030234,9.46969697657174e-06,True
A2HT24092615-10,D1G09002081053,加强件外径,1.3,1.4,True,1.35,1.3500000000000005,4.440892098500626e-16,True
A2HT2409255-10,D1Z24090017071,加强件外径,2.45,2.55,True,2.5,2.5,0.0,True
A2HT2409252-10,D2G09001362033,加强件外径,0.55,0.65,True,0.6,0.5999999999999973,2.6645352591003757e-15,True
A2HT2409255-10,D1Z24090017080,加强件外径,2.45,2.55,True,2.5,2.5,0.0,True
A2HT24090958-10,D1G0600229A003,加强件外径,2.45,2.55,True,2.5,1.6742296626984172,0.8257703373015828,False
A2HT2409299-10,D6G09000867012,加强件外径,2.15,2.25,True,2.2,2.200009615384609,9.615384608974153e-06,True
A2HT24100611-10,D1G09002261003,加强件外径,2.45,2.55,True,2.5,2.5,0.0,True
A2HT24101117-10,D2G10000265004,加强件外径,1.3,1.4,True,1.35,1.3522377644926016,0.0022377644926014906,True
A2HT24092615-10,D1G09002081084,加强件外径,1.3,1.4,True,1.35,1.3500000000000005,4.440892098500626e-16,True
A2HT24092020-10,D6G09000867043,加强件外径,2.15,2.25,True,2.2,2.198374227563367,0.0016257724366330883,True
A2HT2410227-10,D2G09000401015,加强件外径,2.45,2.55,True,2.5,2.499697420634921,0.0003025793650790476,True
A2HT2409027-10,D1G08002552028,加强件外径,1.35,1.45,True,1.35,1.35,0.0,True
A2HT24090517-10,D2G09000101007,加强件外径,0.95,1.05,True,1.0,1.0,0.0,True
A2HT24083022-10,D0G07002702120,加强件外径,1.75,1.85,True,1.8,1.7999642858311022,3.5714168897804655e-05,True
A2HT24091414-10,D2G09001262013,加强件外径,1.3,1.4,True,1.35,1.35,0.0,True
A2HT24091414-10,D2G09001262004,加强件外径,1.3,1.4,True,1.35,1.35,0.0,True
A2HT2409199-10,D6G09000867036,加强件外径,2.15,2.25,True,2.2,2.199999999999994,6.217248937900877e-15,True
A2HT24101717-10,D2G10000264066,加强件外径,1.15,1.25,True,1.2,1.2000127314814761,1.2731481476180306e-05,True
A2HT24083035-10,A2HT24083035100025,加强件外径,1.95,2.05,True,2.0,2.0021338510392503,0.002133851039250345,True
A2HT24100911-10,D2G10000051054,加强件外径,1.3,1.4,True,1.35,1.35,0.0,True
A2HT24082629-10,D0G08002031025,加强件外径,2.35,2.45,True,2.4,2.397220238095228,0.0027797619047720268,True
A2HT2409131-10,D2G09001171087,加强件外径,1.3,1.4,True,1.35,1.35,0.0,True
A2HT2410211-10,D6G10000711005,加强件外径,1.65,1.75,True,1.7,1.6962306479500713,0.003769352049928676,True
A2HT24083060-10,D2G08002452001,加强件外径,2.45,2.55,True,2.5,2.4977030819806556,0.002296918019344396,True
A2HT2409123-10,D1G09001041042,加强件外径,1.65,1.75,True,1.7,1.7000196759259227,1.967592592277967e-05,True
A2HT2409184-10,D2G09001262088,加强件外径,1.3,1.4,True,1.35,1.35,0.0,True
A2HT24091441-10,D2G09001261073,加强件外径,1.3,1.4,True,1.35,1.3500000000000012,1.1102230246251565e-15,True
A2HT2410091-10,D2G09002111053,加强件外径,1.3,1.4,True,1.35,1.35,0.0,True
A2HT2409091-10,D1G09000221006,加强件外径,2.15,2.25,True,2.2,2.2004807148869587,0.00048071488695855535,True
A2HT24083064-10,D2G08002423006,加强件外径,1.55,1.65,True,1.6,1.600000000000005,4.884981308350689e-15,True
A2HT24083067-10,D2G08002424052,加强件外径,1.3,1.4,True,1.35,1.35,0.0,True
A2HT24092013-10,D2G09001361036,加强件外径,1.65,1.75,True,1.7,1.700074074074067,7.407407406700983e-05,True
A2HT24082929-10,D2G08002422016,加强件外径,1.3,1.4,True,1.35,1.35,0.0,True
A2HT24092056-10,D2G09001671003,加强件外径,2.45,2.55,True,2.5,2.4924212274993525,0.007578772500647535,True
A2HT24092017-10,D1Z24090017041,加强件外径,2.45,2.55,True,2.5,2.4993246629654484,0.0006753370345515819,True
A2HT24092324-10,D2G09001484019,加强件外径,1.3,1.4,True,1.35,1.3500000000000019,1.7763568394002505e-15,True
A2HT24101115-10,D2G10000262024,加强件外径,1.3,1.4,True,1.35,1.3500000000000005,4.440892098500626e-16,True
A2HT24083034-10,D1G08002131137,加强件外径,1.95,2.05,True,2.0,2.0,0.0,True
A2HT2410124-10,A2HT2410124100006,加强件外径,1.95,2.05,True,2.0,1.9998991402116402,0.00010085978835983056,True
A2FX2410281-10,A2FX2410281100001,加强件外径,2.95,3.05,True,3.0,2.7654672679172663,0.23453273208273373,False
A2HT24100816-10,D0G09002591007,加强件外径,2.15,2.25,True,2.2,2.1912619047618986,0.00873809523810154,True
A2HT2409195-10,D6G09000862003,加强件外径,1.95,2.05,True,2.0,1.9998898809523808,0.00011011904761915048,True
A2HT24101618-10,D2G10000871081,加强件外径,1.3,1.4,True,1.35,1.35,0.0,True
A2HT24083034-10,D1G08002131029,加强件外径,1.95,2.05,True,2.0,2.0,0.0,True
A2HT24092850-10,D2G09002001066,加强件外径,1.3,1.4,True,1.35,1.3500000000000005,4.440892098500626e-16,True
A2HT24083022-10,D0G07002702141,加强件外径,1.75,1.85,True,1.8,1.7999642858311022,3.5714168897804655e-05,True
A2HT24101827-10,D1G10001101025,加强件外径,1.65,1.75,True,1.7,1.6999999999999966,3.3306690738754696e-15,True
A2HT24083036-10,D6G08001661014,加强件外径,1.4,1.5,True,1.45,1.4265008994443698,0.023499100555630204,True
A2HT24092828-10,D2G09002111005,加强件外径,1.3,1.4,True,1.35,1.3499999999999994,6.661338147750939e-16,True
A2HT24091036-10,D2G09000762032,加强件外径,1.65,1.75,True,1.7,1.6999999999999966,3.3306690738754696e-15,True
A2HT24101116-10,D2G10000263008,加强件外径,1.65,1.75,True,1.7,1.7014312856072953,0.0014312856072953295,True
A2HT2409063-10,A2HT2409063100001,加强件外径,1.65,1.75,True,1.7,1.710624999999993,0.010624999999993001,True
A2HT24091935-10,D1G09001443041,加强件外径,1.35,1.45,True,1.35,1.3505018601953656,0.0005018601953654667,True
A2HT24101116-10,D2G10000263003,加强件外径,1.65,1.75,True,1.7,1.7014312856072953,0.0014312856072953295,True
A2HT24090212-10,D1G08002554049,加强件外径,1.65,1.75,True,1.7,1.6999999999999966,3.3306690738754696e-15,True
A2HT24092023-10,D6G09000868001,加强件外径,2.15,2.25,True,2.2,2.200895833333329,0.000895833333328877,True
A2HT24083067-10,D2G08002424059,加强件外径,1.3,1.4,True,1.35,1.35,0.0,True
A2HT24090225-10,D2G08002521003,加强件外径,0.95,1.05,True,1.0,1.0,0.0,True
A2HT24100611-10,D1G09002261016,加强件外径,2.45,2.55,True,2.5,2.5,0.0,True
A2HT24100616-10,D2G09002371008,加强件外径,1.65,1.75,True,1.7,1.6999999999999966,3.3306690738754696e-15,True
A2HT24092521-10,D2G09002051012,加强件外径,1.3,1.4,True,1.35,1.35,0.0,True
A2HT24082924-10,D1G080032003,加强件外径,1.75,1.85,True,1.8,1.7985516013352898,0.0014483986647102487,True
A2HT24101515-10,D6G09002492018,加强件外径,1.45,1.55,True,1.5,1.4972855801483884,0.0027144198516115825,True
A2HT24090413-10,D6G08001991029,加强件外径,1.4,1.5,True,1.45,1.4484478667049234,0.0015521332950765299,True
A2HT24091410-10,D0G09001321010,加强件外径,1.4,1.5,False,1.35,1.3586849371693133,0.008684937169313178,False
A2HT24092615-10,D1G09002081077,加强件外径,1.3,1.4,True,1.35,1.3500000000000005,4.440892098500626e-16,True
A2HT24082311-10,D2G08001861019,加强件外径,1.95,2.05,True,2.0,1.999982553366174,1.744663382607925e-05,True
A2HT2410168-10,D2G10000264024,加强件外径,1.15,1.25,True,1.2,1.1999999999999948,5.10702591327572e-15,True
A2HT24083034-10,D1G08002131088,加强件外径,1.95,2.05,True,2.0,2.0,0.0,True
A2HT24083034-10,D1G08002131001,加强件外径,2.15,2.25,False,2.0,2.0,0.0,False
A2HT24101026-10,D6G09002531002,加强件外径,0.55,0.65,True,0.6,0.6063888888888862,0.006388888888886224,True
A2HT2409134-10,A2HT2409134100010,加强件外径,2.45,2.55,True,2.5,2.499646901709402,0.00035309829059793074,True
A2HT24092313-10,D1Z24090017052,加强件外径,2.45,2.55,True,2.5,2.5,0.0,True
A2HT24100821-10,D1Z24090017112,加强件外径,2.45,2.55,True,2.5,2.499771170413721,0.0002288295862791223,True
A2HT24090932-10,D2G09000542002,加强件外径,1.65,1.75,True,1.7,1.6999999999999966,3.3306690738754696e-15,True
A2HT24101721-10,D9G10000361002,加强件外径,1.75,1.85,True,1.8,1.720872800575563,0.07912719942443713,False
A2HT24083034-10,D1G08002131129,加强件外径,1.95,2.05,True,2.0,2.0,0.0,True
A2HT24092010-10,D6G09000861032,加强件外径,2.15,2.25,True,2.2,2.199999999999994,6.217248937900877e-15,True
A2HT24100626-10,D2G09002373029,加强件外径,1.3,1.4,True,1.35,1.35,0.0,True
A2HT24092310-10,D6G09000863011,加强件外径,2.15,2.25,True,2.2,2.1999479166666602,5.20833333399473e-05,True
A2HT24083034-10,D1G08002131021,加强件外径,1.95,2.05,True,2.0,2.0,0.0,True
A2HT2409128-10,D6G09000701001,加强件外径,2.45,2.55,True,2.5,2.382541779796715,0.117458220203285,False
A2HT24092013-10,D2G09001361034,加强件外径,1.65,1.75,True,1.7,1.700074074074067,7.407407406700983e-05,True
A2HT24100816-10,D0G09002591006,加强件外径,2.15,2.25,True,2.2,2.1912619047618986,0.00873809523810154,True
A2HT2409132-10,D2G09001172016,加强件外径,1.3,1.4,True,1.35,1.3500000000000012,1.1102230246251565e-15,True
A2HT24083021-10,D1G08002335043,加强件外径,1.65,1.75,True,1.7,1.6999999999999966,3.3306690738754696e-15,True
A2HT24092615-10,D1G09002081092,加强件外径,1.3,1.4,True,1.35,1.3500000000000005,4.440892098500626e-16,True
A2HT24082924-10,D1G080032004,加强件外径,1.75,1.85,True,1.8,1.7985516013352898,0.0014483986647102487,True
A2FX2409272-10,D2G0800164100302,加强件外径,0.95,1.05,True,1.0,1.591217880730381,0.591217880730381,False
A2HT24082311-10,D2G08001861008,加强件外径,1.95,2.05,True,2.0,1.999982553366174,1.744663382607925e-05,True
A2HT24091225-10,D2G09001171009,加强件外径,1.3,1.4,True,1.35,1.3500000000000005,4.440892098500626e-16,True
A2HT2410123-10,D2G10000401002,加强件外径,1.95,2.05,True,2.0,2.0000528002699056,5.280026990561737e-05,True
A2HT24101114-10,D2G10000261007,加强件外径,1.3,1.4,True,1.35,1.3500000000000005,4.440892098500626e-16,True
A2HT24091120-10,D2G09000758018,加强件外径,1.65,1.75,True,1.7,1.6997398504273469,0.0002601495726530789,True
A2HT24101216-10,D2G10000402036,加强件外径,1.95,2.05,True,2.0,1.9998556547619049,0.00014434523809514488,True
A2HT2409203-10,D2G09001361025,加强件外径,1.65,1.75,True,1.7,1.700074074074067,7.407407406700983e-05,True
A2HT2410167-10,D2G10000871036,加强件外径,1.3,1.4,True,1.35,1.35,0.0,True
A2HT24101618-10,D2G10000871073,加强件外径,1.3,1.4,True,1.35,1.35,0.0,True
A2HT24090628-10,D2G09000441056,加强件外径,1.65,1.75,True,1.7,1.6999905303030234,9.46969697657174e-06,True
A2HT2410217-10,D2G10001303016,加强件外径,1.3,1.4,True,1.35,1.3500000000000014,1.3322676295501878e-15,True
A2HT2409133-10,D0G09000271019,加强件外径,2.45,2.55,True,2.5,2.5,0.0,True
A2HT24101216-10,D2G10000402038,加强件外径,1.95,2.05,True,2.0,1.9998556547619049,0.00014434523809514488,True
A2HT24091012-10,D2G09000604001,加强件外径,2.25,2.35,True,2.3,2.4319752435064923,0.13197524350649248,False
A2HT24091119-10,D2G09000752002,加强件外径,1.3,1.4,True,1.35,1.3500000000000005,4.440892098500626e-16,True
A2HT24101217-10,A2HT24101217100015,加强件外径,1.95,2.05,True,2.0,2.0,0.0,True
A2HT24100917-10,D0G09002581012,加强件外径,2.15,2.25,True,2.2,2.199999999999994,6.217248937900877e-15,True
A2HT24092511-10,D1G09001955015,加强件外径,1.65,1.75,True,1.7,1.71150434783774,0.011504347837740125,True
A2HT24092024-10,D6G0900086A003,加强件外径,2.45,2.55,True,2.5,2.4535680555555555,0.04643194444444454,True
A2HT24101814-10,D9G10000501001,加强件外径,2.65,2.75,True,2.7,2.699476495726499,0.0005235042735010076,True
A2HT24100920-10,D2G09002421029,加强件外径,0.55,0.65,True,0.6,0.5999999999999973,2.6645352591003757e-15,True
A2HT24083021-10,D1G08002335046,加强件外径,1.65,1.75,True,1.7,1.6999999999999966,3.3306690738754696e-15,True
A2HT24083025-10,D1G08002339004,加强件外径,2.45,2.55,True,2.5,2.5,0.0,True
A2HT24090619-10,D0G08000861009,加强件外径,1.75,1.85,True,1.8,1.7986586931586996,0.0013413068413004048,True
A2HT24101115-10,D2G10000262018,加强件外径,1.3,1.4,True,1.35,1.3500000000000005,4.440892098500626e-16,True
A2FX2409235-10,D0G0800203103802,加强件外径,2.35,2.45,True,2.4,1.6991832108523284,0.7008167891476715,False
A2HT24091036-10,D2G09000762020,加强件外径,1.65,1.75,True,1.7,1.6999999999999966,3.3306690738754696e-15,True
A2HT24101717-10,D2G10000264050,加强件外径,1.15,1.25,True,1.2,1.2000127314814761,1.2731481476180306e-05,True
A2HT24091119-10,D2G09000752026,加强件外径,1.3,1.4,True,1.35,1.3500000000000005,4.440892098500626e-16,True
A2HT24100632-10,D2G09002421002,加强件外径,0.55,0.65,True,0.6,0.5999999999999973,2.6645352591003757e-15,True
A2HT24092020-10,D6G09000867045,加强件外径,2.15,2.25,True,2.2,2.198374227563367,0.0016257724366330883,True
A2HT2409045-10,D2G09000112007,加强件外径,1.65,1.75,True,1.7,1.7024395457266221,0.0024395457266221943,True
A2HT24090519-10,D9G09000053011,加强件外径,3.25,3.35,True,3.3,3.2943973833730165,0.005602616626983359,True
A2HT24101717-10,D2G10000264058,加强件外径,1.15,1.25,True,1.2,1.2000127314814761,1.2731481476180306e-05,True
A2HT24100924-10,D1G09002502013,加强件外径,1.35,1.45,True,1.35,1.3638008221515634,0.013800822151563308,True
A2HT24083070-10,A2HT24083070100001,加强件外径,0.95,1.05,False,0.6,1.8440842850323798,1.2440842850323799,False
A2HT2410158-10,D2G10000266047,加强件外径,1.15,1.25,True,1.2,1.193822985526367,0.006177014473633058,True
A2HT24083021-10,D1G08002335033,加强件外径,1.65,1.75,True,1.7,1.6999999999999966,3.3306690738754696e-15,True
A2HT24092615-10,D1G09002081070,加强件外径,1.3,1.4,True,1.35,1.3500000000000005,4.440892098500626e-16,True
A2HT24082810-10,D1G080031027,加强件外径,1.35,1.45,True,1.35,1.35,0.0,True
A2HT2409045-10,D2G09000112019,加强件外径,1.65,1.75,True,1.7,1.7024395457266221,0.0024395457266221943,True
A2HT24101114-10,D2G10000261012,加强件外径,1.3,1.4,True,1.35,1.3500000000000005,4.440892098500626e-16,True
A2HT24091413-10,D2G09001261021,加强件外径,1.3,1.4,True,1.35,1.35,0.0,True
A2HT24083021-10,D1G08002335059,加强件外径,1.65,1.75,True,1.7,1.6999999999999966,3.3306690738754696e-15,True
A2HT2409184-10,D2G09001262073,加强件外径,1.3,1.4,True,1.35,1.35,0.0,True
A2HT24091441-10,D2G09001261046,加强件外径,1.3,1.4,True,1.35,1.3500000000000012,1.1102230246251565e-15,True
A2HT24082313-10,D2G08001862023,加强件外径,1.95,2.05,True,2.0,2.0,0.0,True
A2HT24102312-10,D2G10001573001,加强件外径,2.45,2.55,True,2.5,2.4992500000000004,0.0007499999999995843,True
A2HT24101410-10,D2G10000266026,加强件外径,1.15,1.25,True,1.2,1.193822985526367,0.006177014473633058,True
A2HT24091935-10,D1G09001443115,加强件外径,1.35,1.45,True,1.35,1.3505018601953656,0.0005018601953654667,True
A2HT24101114-10,D2G10000261004,加强件外径,1.3,1.4,True,1.35,1.3500000000000005,4.440892098500626e-16,True
